company_name,abn,org_type,locations,employee_count,employee_name,job_title,email,website,linkedin,phone,vacancy,vacancy_url,source
A PLUS DISABILITY AND AGED CARE SERVICES PTY LTD,49678165298,private_company,Darwin,Not publicly available,,,Not publicly available,Not publicly available,Not publicly available,Not publicly available,,,https://www.ndiscommission.gov.au/provider-registration/find-registered-provider
A ONE SUPPORT SERVICES PTY LTD,46674956006,private_company,Darwin,Not publicly available,,,Not publicly available,Not publicly available,Not publicly available,+61473034970,,,https://www.ndiscommission.gov.au/provider-registration/find-registered-provider
A PLUS MOBILE PHYSIO SERVICES PTY LTD,88671879495,private_company,Palmerston,Not publicly available,,,Not publicly available,Not publicly available,Not publicly available,+610426893739,,,https://www.ndiscommission.gov.au/provider-registration/find-registered-provider
AAD BUILDING PTY LTD,87653980851,private_company,Other NT,Not publicly available,,,Not publicly available,Not publicly available,Not publicly available,Not publicly available,,,https://www.ndiscommission.gov.au/provider-registration/find-registered-provider
ABILITY CARE SOLUTIONS PTY LTD,42640807101,private_company,Darwin,Not publicly available,,,Not publicly available,Not publicly available,Not publicly available,+610477318920,,,https://www.ndiscommission.gov.au/provider-registration/find-registered-provider
Ability Spectrum,87640453818,private_company,Alice Springs,Not publicly available,,,spectrum@abilityspectrum.com.au,https://abilityspectrum.com.au/,Not publicly available,136100198211,,,https://www.ndiscommission.gov.au/provider-registration/find-registered-provider | https://abilityspectrum.com.au/
ABILITY TO ACHIEVE (ATA) PTY LTD,37627814322,private_company,Darwin,Not publicly available,,,Not publicly available,Not publicly available,Not publicly available,+610499265584,,,https://www.ndiscommission.gov.au/provider-registration/find-registered-provider
ABA CARE PTY LTD,63656622963,private_company,Other NT,Not publicly available,,,Not publicly available,https://www.abacare.com.au,Not publicly available,Not publicly available,,,https://www.ndiscommission.gov.au/provider-registration/find-registered-provider
About Homes NT,11156650154,private_company,Other NT,Not publicly available,,,Not publicly available,https://abouthomesnt.com.au/,Not publicly available,+610407611126,,,https://www.ndiscommission.gov.au/provider-registration/find-registered-provider
A1 LIFESTYLE SERVICES PTY LTD,39635645411,private_company,Darwin,Not publicly available,,,Not publicly available,https://a1lifestyleservices.com.au/,Not publicly available,Not publicly available,,,https://www.ndiscommission.gov.au/provider-registration/find-registered-provider | https://a1lifestyleservices.com.au/
ABC PLAN MANAGERS PTY LTD,99672742924,private_company,"Palmerston, Alice Springs",Not publicly available,,,admin@abcplanmanagers.com,https://abcplanmanagers.com/,Not publicly available,+610424881408,,,https://www.ndiscommission.gov.au/provider-registration/find-registered-provider | https://abcplanmanagers.com/
Above and Beyond Life Solutions,40666316945,private_company,Darwin,Not publicly available,,,info@aboveandbeyondlifesolutions.com.au,https://www.aboveandbeyondlifesolutions.com.au/,Not publicly available,+61 433 479 708,,,https://www.ndiscommission.gov.au/provider-registration/find-registered-provider | https://www.aboveandbeyondlifesolutions.com.au/
ACEE HEALTH SERVICES,23684187915,private_company,Palmerston,Not publicly available,,,Not publicly available,Not publicly available,Not publicly available,+610400669092,,,https://www.ndiscommission.gov.au/provider-registration/find-registered-provider
ABUNDANT LIVING COMMUNITY SERVICES,23640445889,private_company,Alice Springs,Not publicly available,,,Not publicly available,https://www.abundantliving.com.au,Not publicly available,+610466313745,,,https://www.ndiscommission.gov.au/provider-registration/find-registered-provider
ACRS COMMUNITY SERVICES,80649839743,private_company,Other NT,Not publicly available,,,info@acrscommunityservices.com.au,https://acrscommunityservices.com.au/,https://www.linkedin.com/company/acrs-community-services,0889927790,,,https://www.ndiscommission.gov.au/provider-registration/find-registered-provider | https://acrscommunityservices.com.au/
Active Occupational Therapy,49644191819,private_company,Palmerston,Not publicly available,,,605a7baede844d278b89dc95ae0a9123@sentry-next.wixpress.com,https://www.activeot.com.au/,Not publicly available,4-4947-9299,,,https://www.ndiscommission.gov.au/provider-registration/find-registered-provider | https://www.activeot.com.au/
Active2Care,66621941115,private_company,Katherine,Not publicly available,,,Not publicly available,https://www.active2care.com.au,Not publicly available,Not publicly available,,,https://www.ndiscommission.gov.au/provider-registration/find-registered-provider
AESTHETIC CARE PTY LTD,84667167259,private_company,Other NT,Not publicly available,,,Not publicly available,Not publicly available,Not publicly available,+610405241632,,,https://www.ndiscommission.gov.au/provider-registration/find-registered-provider
Affluent Care & Support Services,50629720305,private_company,Other NT,Not publicly available,,,Not publicly available,Not publicly available,Not publicly available,Not publicly available,,,https://www.ndiscommission.gov.au/provider-registration/find-registered-provider
AJS AUSTRALIA DISABILITY SERVICES PTY LTD,39670059060,private_company,Darwin,Not publicly available,,,Not publicly available,Not publicly available,Not publicly available,+610416831983,,,https://www.ndiscommission.gov.au/provider-registration/find-registered-provider
Alfa Disability Services,17640890062,private_company,Katherine,Not publicly available,,,Not publicly available,Not publicly available,Not publicly available,+610476301636,,,https://www.ndiscommission.gov.au/provider-registration/find-registered-provider
ADA SUPPORT,11652635099,private_company,Alice Springs,Not publicly available,,,Not publicly available,https://www.adasupport.com.au,Not publicly available,+610431901881,,,https://www.ndiscommission.gov.au/provider-registration/find-registered-provider
ALICE DISABILITY SERVICES PTY LTD,29649632084,private_company,Other NT,Not publicly available,,,Not publicly available,Not publicly available,Not publicly available,+610420224444,,,https://www.ndiscommission.gov.au/provider-registration/find-registered-provider
ALL PEOPLE HOLISTIC SUPPORT PTY LTD,91688660657,private_company,Palmerston,Not publicly available,,,Not publicly available,Not publicly available,Not publicly available,+610424949085,,,https://www.ndiscommission.gov.au/provider-registration/find-registered-provider
ACE CARE AND COMMUNITY SERVICES PTY LTD,79644673094,private_company,Other NT,Not publicly available,,,info@acecommunityservices.com,https://acecommunityservices.com/,Not publicly available,0425 112 650,,,https://www.ndiscommission.gov.au/provider-registration/find-registered-provider | https://acecommunityservices.com/
ACTIVE SUPPORT SERVICES SA/NT,15650186860,private_company,Alice Springs,Not publicly available,,,info@activesupportservices.com.au,https://activesupportservices.com.au/,Not publicly available,0470 539 231,,,https://www.ndiscommission.gov.au/provider-registration/find-registered-provider | https://activesupportservices.com.au/
Allexandra Care Services,16661863841,private_company,Other NT,Not publicly available,,,Not publicly available,https://www.allexandracareservices.com.au,Not publicly available,+610469371879,,,https://www.ndiscommission.gov.au/provider-registration/find-registered-provider
ALMOST FAMILY COMMUNITY SERVICES PTY LTD,41646961131,private_company,Palmerston,Not publicly available,,,Not publicly available,https://www.almostfamily.com.au,Not publicly available,+610433362182,,,https://www.ndiscommission.gov.au/provider-registration/find-registered-provider
AMAZING GRACE SUPPORT SERVICES PTY LTD.,72678326522,private_company,Katherine,Not publicly available,,,Not publicly available,Not publicly available,Not publicly available,Not publicly available,,,https://www.ndiscommission.gov.au/provider-registration/find-registered-provider
Alpha Plan Management and Your Nursing Agency,69087521391,private_company,Other NT,Not publicly available,,,Not publicly available,https://torrenshealth.com.au/,https://www.linkedin.com/company/40815984,+610871295000,,,https://www.ndiscommission.gov.au/provider-registration/find-registered-provider | https://torrenshealth.com.au/
ANCHOR NURSING & DISABILITY SUPPORT SERVICES,18694864956,private_company,Other NT,Not publicly available,,,Not publicly available,Not publicly available,Not publicly available,Not publicly available,,,https://www.ndiscommission.gov.au/provider-registration/find-registered-provider
Anchorpoint Disability Services,16694182404,private_company,Alice Springs,Not publicly available,,,Not publicly available,Not publicly available,Not publicly available,Not publicly available,,,https://www.ndiscommission.gov.au/provider-registration/find-registered-provider
ANGELINA CARE DISABILITY SERVICES PTY LTD,19683077376,private_company,Alice Springs,Not publicly available,,,Not publicly available,Not publicly available,Not publicly available,Not publicly available,,,https://www.ndiscommission.gov.au/provider-registration/find-registered-provider
ANI'S CARE PTY LTD,62657496592,private_company,Darwin,Not publicly available,,,info@anis-care.com.au,https://www.anis-care.com.au/,https://www.linkedin.com/company/ani-s-care-pty-ltd,0450 438 175,,,https://www.ndiscommission.gov.au/provider-registration/find-registered-provider | https://www.anis-care.com.au/
APEX AID HEALTH CARE PTY LTD,84677907881,private_company,Darwin,Not publicly available,,,Not publicly available,Not publicly available,Not publicly available,+610420662691,,,https://www.ndiscommission.gov.au/provider-registration/find-registered-provider
ALICE CONNECTION PTY LTD,95692463102,private_company,Other NT,Not publicly available,,,Not publicly available,https://aliceconnection.com.au/,Not publicly available,+610401020904,,,https://www.ndiscommission.gov.au/provider-registration/find-registered-provider | https://aliceconnection.com.au/
ARAFURA MOBILITY,55635195176,private_company,Darwin,Not publicly available,,,Not publicly available,Not publicly available,Not publicly available,+610403760499,,,https://www.ndiscommission.gov.au/provider-registration/find-registered-provider
ALPHA PLAN MANAGEMENT PTY LTD,81648608968,private_company,Other NT,Not publicly available,,,Not publicly available,https://www.alphaplanmanagement.com.au/,Not publicly available,+611300290602,,,https://www.ndiscommission.gov.au/provider-registration/find-registered-provider | https://www.alphaplanmanagement.com.au/
ARK SUPPORT COORDINATORS PTY LTD,68656292063,private_company,"Darwin, Alice Springs",Not publicly available,,,info@arkndis.com,https://www.arkplanit.com/,Not publicly available,+610476271819,,,https://www.ndiscommission.gov.au/provider-registration/find-registered-provider | https://www.arkplanit.com/
ASSAD CARE SERVICES,23655962655,private_company,Palmerston,Not publicly available,,,info@assadcarent.com,https://www.assadcarent.com/,https://www.linkedin.com/company/assad-care-services,4-4947-9299,,,https://www.ndiscommission.gov.au/provider-registration/find-registered-provider | https://www.assadcarent.com/
AUS CARE PROVIDER PLUS PTY LTD,15675122273,private_company,Katherine,Not publicly available,,,Not publicly available,Not publicly available,Not publicly available,Not publicly available,,,https://www.ndiscommission.gov.au/provider-registration/find-registered-provider
AUSTRALIA ONE SUPPORT SERVICES,51662131697,private_company,Darwin,Not publicly available,,,Not publicly available,Not publicly available,Not publicly available,+610456413333,,,https://www.ndiscommission.gov.au/provider-registration/find-registered-provider
APEX DISABILITY SUPPORT SERVICES PTY LTD,91647542541,private_company,Other NT,Not publicly available,,,info@apexdisabilitysupport.com.au,https://apexdisabilitysupport.com.au/,Not publicly available,+61 427 112 171,,,https://www.ndiscommission.gov.au/provider-registration/find-registered-provider | https://apexdisabilitysupport.com.au/
ARAFURA COMMUNITY CARE PTY LTD,62679876914,private_company,Other NT,Not publicly available,,,info@arafuracommunitycare.com.au,https://arafuracommunitycare.com.au/,Not publicly available,+61 422 558 725,,,https://www.ndiscommission.gov.au/provider-registration/find-registered-provider | https://arafuracommunitycare.com.au/
AXIS CARE SERVICES PTY LTD,65685908981,private_company,Alice Springs,Not publicly available,,,Not publicly available,Not publicly available,Not publicly available,+610478515786,,,https://www.ndiscommission.gov.au/provider-registration/find-registered-provider
ASTRAL CARE,75668715955,private_company,Other NT,Not publicly available,,,Not publicly available,https://www.astralcare.com.au/,Not publicly available,Not publicly available,,,https://www.ndiscommission.gov.au/provider-registration/find-registered-provider | https://www.astralcare.com.au/
BARAKA 4U PTY LTD,36686848019,private_company,Darwin,Not publicly available,,,Not publicly available,Not publicly available,Not publicly available,+610469099395,,,https://www.ndiscommission.gov.au/provider-registration/find-registered-provider
AWANA CARE,16655517043,private_company,Palmerston,Not publicly available,,,Not publicly available,https://awanacare.com.au/,Not publicly available,+610422420650,,,https://www.ndiscommission.gov.au/provider-registration/find-registered-provider | https://awanacare.com.au/
BEE LIFE SUPPORT,76660328307,private_company,Other NT,Not publicly available,,,Not publicly available,Not publicly available,Not publicly available,Not publicly available,,,https://www.ndiscommission.gov.au/provider-registration/find-registered-provider
Assistive Technology Lab,16681190803,private_company,Alice Springs,Not publicly available,,,Not publicly available,https://atlab.com.au/,Not publicly available,0410 544 731,,,https://www.ndiscommission.gov.au/provider-registration/find-registered-provider | https://atlab.com.au/
BETTER CARE PROVIDER,77656610801,private_company,Other NT,Not publicly available,,,Not publicly available,Not publicly available,Not publicly available,+610499092309,,,https://www.ndiscommission.gov.au/provider-registration/find-registered-provider
Better Connections NT PTY LTD,96629424915,private_company,Darwin,Not publicly available,,,Not publicly available,Not publicly available,Not publicly available,+610418988770,,,https://www.ndiscommission.gov.au/provider-registration/find-registered-provider
Bal Cor,96657770066,private_company,Darwin,Not publicly available,,,caring@balcor.com.au,https://www.balcor.com.au/,Not publicly available,828895595,,,https://www.ndiscommission.gov.au/provider-registration/find-registered-provider | https://www.balcor.com.au/
BDMS COMMUNITY SERVICES PTY LTD,34648955837,private_company,Darwin,Not publicly available,,,Not publicly available,https://www.bdmscommunityservices.com.au/,Not publicly available,+611300108512,,,https://www.ndiscommission.gov.au/provider-registration/find-registered-provider | https://www.bdmscommunityservices.com.au/
BETTER N BEYOND,78641701108,private_company,Darwin,Not publicly available,,,Not publicly available,https://www.betternbeyond.com.au/,Not publicly available,+610493719206,,,https://www.ndiscommission.gov.au/provider-registration/find-registered-provider | https://www.betternbeyond.com.au/
Being Well,99643633943,private_company,Darwin,Not publicly available,Jesica Perry,Regional Manager Melbourne,Not publicly available,https://www.beingmentors.com.au/,Not publicly available,+610433844332,,,https://www.ndiscommission.gov.au/provider-registration/find-registered-provider | https://www.beingmentors.com.au/
Being Well,99643633943,private_company,Darwin,Not publicly available,Tre Manning-Watson,Regional Manager – Northern Territory & South Australia,Not publicly available,https://www.beingmentors.com.au/,Not publicly available,+610433844332,,,https://www.ndiscommission.gov.au/provider-registration/find-registered-provider | https://www.beingmentors.com.au/
Being Well,99643633943,private_company,Darwin,Not publicly available,Jarryd Klessens,Regional Manager – South East Queensland,Not publicly available,https://www.beingmentors.com.au/,Not publicly available,+610433844332,,,https://www.ndiscommission.gov.au/provider-registration/find-registered-provider | https://www.beingmentors.com.au/
Being Well,99643633943,private_company,Darwin,Not publicly available,Jack Hatcher,Regional Manager – Cairns,Not publicly available,https://www.beingmentors.com.au/,Not publicly available,+610433844332,,,https://www.ndiscommission.gov.au/provider-registration/find-registered-provider | https://www.beingmentors.com.au/
Being Well,99643633943,private_company,Darwin,Not publicly available,Peter Rolfe,Regional Manager – South Australia,Not publicly available,https://www.beingmentors.com.au/,Not publicly available,+610433844332,,,https://www.ndiscommission.gov.au/provider-registration/find-registered-provider | https://www.beingmentors.com.au/
BORS COMMUNITY SERVICES,81669522230,private_company,Palmerston,Not publicly available,,,Not publicly available,Not publicly available,Not publicly available,Not publicly available,,,https://www.ndiscommission.gov.au/provider-registration/find-registered-provider
BLUEGUM ABILITY SERVICES PTY LTD,47665282100,private_company,"Darwin, Tennant Creek",Not publicly available,Rose Daniel,Director,Not publicly available,https://www.bluegumability.com/,https://www.linkedin.com/in/rose-daniel-a9b556211,0449 753 407,Support Coordinator,https://www.bluegumability.com/join-our-team,https://www.ndiscommission.gov.au/provider-registration/find-registered-provider | https://www.bluegumability.com/
BLUEGUM ABILITY SERVICES PTY LTD,47665282100,private_company,"Darwin, Tennant Creek",Not publicly available,Casey Soper,Operations Manager,Not publicly available,https://www.bluegumability.com/,https://www.linkedin.com/in/casey-soper-b55b16431,0449 753 407,Support Coordinator,https://www.bluegumability.com/join-our-team,https://www.ndiscommission.gov.au/provider-registration/find-registered-provider | https://www.bluegumability.com/
BRIDGE OF HOPE CARE PTY LTD,35688070224,private_company,Darwin,Not publicly available,,,Not publicly available,Not publicly available,Not publicly available,Not publicly available,,,https://www.ndiscommission.gov.au/provider-registration/find-registered-provider
Better Rehabilitation,80602022435,private_company,Darwin,Not publicly available,,,admin@betterrehab.com.au,https://betterrehab.com.au/,https://www.linkedin.com/company/better-rehab,1300 073 422,Occupational Therapist,https://betterrehab.com.au/careers/occupational-therapist/,https://www.ndiscommission.gov.au/provider-registration/find-registered-provider | https://betterrehab.com.au/
BRIDGECARE COMMUNITY SERVICES PTY LTD,20676302908,private_company,Other NT,Not publicly available,,,Not publicly available,Not publicly available,Not publicly available,+610401585999,,,https://www.ndiscommission.gov.au/provider-registration/find-registered-provider
BIG SKY PSYCHOLOGY PTY LTD,66656174604,private_company,Katherine,Not publicly available,Zoe Collins,Director and Clinical Psychologist,Not publicly available,https://bigskypsychology.com.au/,Not publicly available,08 8986 0666,,,https://www.ndiscommission.gov.au/provider-registration/find-registered-provider | https://bigskypsychology.com.au/
BIG SKY PSYCHOLOGY PTY LTD,66656174604,private_company,Katherine,Not publicly available,Alicia Piper,Clinical Psychologist,Not publicly available,https://bigskypsychology.com.au/,Not publicly available,08 8986 0666,,,https://www.ndiscommission.gov.au/provider-registration/find-registered-provider | https://bigskypsychology.com.au/
BIG SKY PSYCHOLOGY PTY LTD,66656174604,private_company,Katherine,Not publicly available,Jariah Kaissis,Psychologist,Not publicly available,https://bigskypsychology.com.au/,Not publicly available,08 8986 0666,,,https://www.ndiscommission.gov.au/provider-registration/find-registered-provider | https://bigskypsychology.com.au/
BIG SKY PSYCHOLOGY PTY LTD,66656174604,private_company,Katherine,Not publicly available,Derek Payne,Psychologist,Not publicly available,https://bigskypsychology.com.au/,Not publicly available,08 8986 0666,,,https://www.ndiscommission.gov.au/provider-registration/find-registered-provider | https://bigskypsychology.com.au/
BIG SKY PSYCHOLOGY PTY LTD,66656174604,private_company,Katherine,Not publicly available,Marissa McGrath,Psychologist,Not publicly available,https://bigskypsychology.com.au/,Not publicly available,08 8986 0666,,,https://www.ndiscommission.gov.au/provider-registration/find-registered-provider | https://bigskypsychology.com.au/
BIG SKY PSYCHOLOGY PTY LTD,66656174604,private_company,Katherine,Not publicly available,Heather Parbs,Clinical Psychologist,Not publicly available,https://bigskypsychology.com.au/,Not publicly available,08 8986 0666,,,https://www.ndiscommission.gov.au/provider-registration/find-registered-provider | https://bigskypsychology.com.au/
BIG SKY PSYCHOLOGY PTY LTD,66656174604,private_company,Katherine,Not publicly available,Kyla Ross,Psychologist (Clinical Registrar),Not publicly available,https://bigskypsychology.com.au/,Not publicly available,08 8986 0666,,,https://www.ndiscommission.gov.au/provider-registration/find-registered-provider | https://bigskypsychology.com.au/
BIG SKY PSYCHOLOGY PTY LTD,66656174604,private_company,Katherine,Not publicly available,Christine Kipps,Clinical Psychologist,Not publicly available,https://bigskypsychology.com.au/,Not publicly available,08 8986 0666,,,https://www.ndiscommission.gov.au/provider-registration/find-registered-provider | https://bigskypsychology.com.au/
BIG SKY PSYCHOLOGY PTY LTD,66656174604,private_company,Katherine,Not publicly available,Allira Boadle,Clinical Psychologist,Not publicly available,https://bigskypsychology.com.au/,Not publicly available,08 8986 0666,,,https://www.ndiscommission.gov.au/provider-registration/find-registered-provider | https://bigskypsychology.com.au/
BIG SKY PSYCHOLOGY PTY LTD,66656174604,private_company,Katherine,Not publicly available,Amalia Badawi,Clinical Psychologist,Not publicly available,https://bigskypsychology.com.au/,Not publicly available,08 8986 0666,,,https://www.ndiscommission.gov.au/provider-registration/find-registered-provider | https://bigskypsychology.com.au/
BIG SKY PSYCHOLOGY PTY LTD,66656174604,private_company,Katherine,Not publicly available,Jennifer Green,Clinical Psychologist,Not publicly available,https://bigskypsychology.com.au/,Not publicly available,08 8986 0666,,,https://www.ndiscommission.gov.au/provider-registration/find-registered-provider | https://bigskypsychology.com.au/
BIG SKY PSYCHOLOGY PTY LTD,66656174604,private_company,Katherine,Not publicly available,Tammy Hatherill,Psychologist,Not publicly available,https://bigskypsychology.com.au/,Not publicly available,08 8986 0666,,,https://www.ndiscommission.gov.au/provider-registration/find-registered-provider | https://bigskypsychology.com.au/
BIG SKY PSYCHOLOGY PTY LTD,66656174604,private_company,Katherine,Not publicly available,Wendy Russ,Psychologist,Not publicly available,https://bigskypsychology.com.au/,Not publicly available,08 8986 0666,,,https://www.ndiscommission.gov.au/provider-registration/find-registered-provider | https://bigskypsychology.com.au/
BIG SKY PSYCHOLOGY PTY LTD,66656174604,private_company,Katherine,Not publicly available,Siobhan Evans,Clinical Psychologist,Not publicly available,https://bigskypsychology.com.au/,Not publicly available,08 8986 0666,,,https://www.ndiscommission.gov.au/provider-registration/find-registered-provider | https://bigskypsychology.com.au/
BIG SKY PSYCHOLOGY PTY LTD,66656174604,private_company,Katherine,Not publicly available,Tammy Melukerdee-tribe,Psychologist,Not publicly available,https://bigskypsychology.com.au/,Not publicly available,08 8986 0666,,,https://www.ndiscommission.gov.au/provider-registration/find-registered-provider | https://bigskypsychology.com.au/
Bright Lily Pty Ltd,82632901798,private_company,Alice Springs,Not publicly available,,,Not publicly available,https://lilycare.com.au/,Not publicly available,+610413636566,,,https://www.ndiscommission.gov.au/provider-registration/find-registered-provider | https://lilycare.com.au/
BRIGHTER FUTURES CONSULTING PTY LTD,75641339915,private_company,Darwin,Not publicly available,,,Not publicly available,Not publicly available,Not publicly available,+610457944506,,,https://www.ndiscommission.gov.au/provider-registration/find-registered-provider
BRIGHTPOINT CARE SERVICES PTY LTD.,15670502459,private_company,Alice Springs,Not publicly available,,,Not publicly available,Not publicly available,Not publicly available,+610426714327,,,https://www.ndiscommission.gov.au/provider-registration/find-registered-provider
BRIGHTWAY ABILITIES PTY LTD,60681859763,private_company,Palmerston,Not publicly available,,,Not publicly available,Not publicly available,Not publicly available,+610422121973,,,https://www.ndiscommission.gov.au/provider-registration/find-registered-provider
AMAZING GRACE COMMUNITY SERVICES PTY. LTD.,80632289813,private_company,"Darwin, Palmerston",Not publicly available,,,admin@amazingcommunityservices.com.au,https://amazingcommunityservices.com.au/,https://www.linkedin.com/company/amazing-grace-communıty-servıces,08 8932 9246,,,https://www.ndiscommission.gov.au/provider-registration/find-registered-provider | https://amazingcommunityservices.com.au/
BRIDGE OF HOPE COMMUNITY SERVICES PTY LTD,75678937356,private_company,Other NT,Not publicly available,,,Not publicly available,https://www.bridgeofhopecs.com.au,Not publicly available,+610404951621,,,https://www.ndiscommission.gov.au/provider-registration/find-registered-provider
BSF DISABILITY SERVICES PTY LTD,63674192673,private_company,Alice Springs,Not publicly available,,,Not publicly available,Not publicly available,Not publicly available,+610456729996,,,https://www.ndiscommission.gov.au/provider-registration/find-registered-provider
BUILD UP NT PTY LTD,27665035834,private_company,Darwin,Not publicly available,,,Not publicly available,Not publicly available,Not publicly available,Not publicly available,,,https://www.ndiscommission.gov.au/provider-registration/find-registered-provider
BRILLIANT CARE PTY LTD,52619556946,private_company,Tennant Creek,Not publicly available,,,Not publicly available,https://http:www.brilliantcare.com.au,Not publicly available,+610424895943,,,https://www.ndiscommission.gov.au/provider-registration/find-registered-provider
BRIGHT PLAN MANAGEMENT PTY LTD,60630211166,private_company,Darwin,Not publicly available,,,hello@brightplan.com.au,https://www.brightplan.com.au/,Not publicly available,1800 911 199,,,https://www.ndiscommission.gov.au/provider-registration/find-registered-provider | https://www.brightplan.com.au/
BRAVE CONNECTIONS PTY LTD,87680730269,private_company,Other NT,Not publicly available,,,Not publicly available,https://braveconnections.com.au/,Not publicly available,Not publicly available,,,https://www.ndiscommission.gov.au/provider-registration/find-registered-provider | https://braveconnections.com.au/
BUSH STEPS PTY LTD,50664384703,private_company,Other NT,Not publicly available,Joel Williams,"Director, Prosthetist and Orthotist",Not publicly available,https://www.bushsteps.com.au/,Not publicly available,0417 381 257,,,https://www.ndiscommission.gov.au/provider-registration/find-registered-provider | https://www.bushsteps.com.au/
CARE 4LYF SERVICES PTY LTD,33677568651,private_company,Other NT,Not publicly available,,,Not publicly available,Not publicly available,Not publicly available,+610439133441,,,https://www.ndiscommission.gov.au/provider-registration/find-registered-provider
C.M.O.T SERVICES PTY LTD,59342164987,private_company,Alice Springs,Not publicly available,,,Not publicly available,https://www.cmotservice.com.au,Not publicly available,Not publicly available,,,https://www.ndiscommission.gov.au/provider-registration/find-registered-provider
CARE DOVE,71670582528,private_company,Darwin,Not publicly available,,,Not publicly available,Not publicly available,Not publicly available,Not publicly available,,,https://www.ndiscommission.gov.au/provider-registration/find-registered-provider
CARE NT PTY LTD,33638567950,private_company,Darwin,Not publicly available,,,Not publicly available,Not publicly available,Not publicly available,+610484060517,,,https://www.ndiscommission.gov.au/provider-registration/find-registered-provider
CARE PRO NURSING SERVICES,85684694497,private_company,Alice Springs,Not publicly available,,,Not publicly available,Not publicly available,Not publicly available,+610416655398,,,https://www.ndiscommission.gov.au/provider-registration/find-registered-provider
CAMERON WELLNESS CENTRE PTY LTD,23650769734,private_company,"Darwin, Palmerston",Not publicly available,,,Not publicly available,https://www.cameronwellnesscentre.com.au,Not publicly available,+611800000292,,,https://www.ndiscommission.gov.au/provider-registration/find-registered-provider
CARE SUCCESS PTY LTD,32682731559,private_company,Other NT,Not publicly available,,,Not publicly available,https://caresuccess.com.au/,https://www.linkedin.com/company/care-success-support-coordination-nt,Not publicly available,,,https://www.ndiscommission.gov.au/provider-registration/find-registered-provider | https://caresuccess.com.au/
CAREBRIDGE HEALTH SERVICES PTY LTD,71682957357,private_company,Other NT,Not publicly available,,,Not publicly available,Not publicly available,Not publicly available,+610405884141,,,https://www.ndiscommission.gov.au/provider-registration/find-registered-provider
CARE 24,66640461392,private_company,Palmerston,Not publicly available,,,enquiries@care24seven.com.au,https://care24seven.com.au/,https://www.linkedin.com/company/care-24,1300 022 731,,,https://www.ndiscommission.gov.au/provider-registration/find-registered-provider | https://care24seven.com.au/
CARELINK NT PTY LTD,96652072056,private_company,Other NT,Not publicly available,,,reception@carelinknt.com.au,https://www.carelinknt.com.au/,Not publicly available,08 8998 6100,,,https://www.ndiscommission.gov.au/provider-registration/find-registered-provider | https://www.carelinknt.com.au/
CAPABLE CARE SERVICES PTY LTD.,42677283555,private_company,Katherine,Not publicly available,,,contact@capablecareservices.com.au,https://capablecareservices.com.au/,Not publicly available,+610476329294,,,https://www.ndiscommission.gov.au/provider-registration/find-registered-provider | https://capablecareservices.com.au/
CAREWELL COMMUNITY SERVICES PTY LTD,55668446071,private_company,Alice Springs,Not publicly available,,,Not publicly available,Not publicly available,Not publicly available,Not publicly available,,,https://www.ndiscommission.gov.au/provider-registration/find-registered-provider
CARMEL CARE/DISABILITY SERVICES PTY LTD,24661624095,private_company,Katherine,Not publicly available,,,Not publicly available,Not publicly available,Not publicly available,Not publicly available,,,https://www.ndiscommission.gov.au/provider-registration/find-registered-provider
Carer Mates,72653370837,private_company,"Darwin, Alice Springs",Not publicly available,,,info@carermates.com.au,https://www.carermates.com.au/,Not publicly available,0426 299 563,,,https://www.ndiscommission.gov.au/provider-registration/find-registered-provider | https://www.carermates.com.au/
Care Companions NT,66666197619,private_company,Other NT,Not publicly available,,,Not publicly available,https://carecompanionsnt.com.au/,Not publicly available,+610429562040,,,https://www.ndiscommission.gov.au/provider-registration/find-registered-provider | https://carecompanionsnt.com.au/
CENTROCARE COMMUNITY SERVICES PTY LTD,80693275982,private_company,Other NT,Not publicly available,,,Not publicly available,Not publicly available,Not publicly available,+610451759756,,,https://www.ndiscommission.gov.au/provider-registration/find-registered-provider
CERTITUDE COMMUNITY SUPPORT SERVICES PTY LTD.,40647030386,private_company,Palmerston,Not publicly available,,,Not publicly available,Not publicly available,Not publicly available,+610469930594,,,https://www.ndiscommission.gov.au/provider-registration/find-registered-provider
CARE TEAM DISABILITY SERVICES PTY LTD,90659727447,private_company,Palmerston,Not publicly available,,,info@careteamservices.com.au,https://careteamservices.com.au/,Not publicly available,0415 956 722,,,https://www.ndiscommission.gov.au/provider-registration/find-registered-provider | https://careteamservices.com.au/
CAREPATH SUPPORT,59686963137,private_company,Alice Springs,Not publicly available,,,contact@carepathsupport.com.au,https://www.carepathsupport.com.au/,Not publicly available,0411 563 122,,,https://www.ndiscommission.gov.au/provider-registration/find-registered-provider | https://www.carepathsupport.com.au/
COLAB DISABILITY SOLUTIONS PTY LTD,20638182251,private_company,Alice Springs,Not publicly available,,,Not publicly available,Not publicly available,Not publicly available,Not publicly available,,,https://www.ndiscommission.gov.au/provider-registration/find-registered-provider
Community Assist,13602002273,private_company,Darwin,Not publicly available,,,Not publicly available,https://www.communityassist.com.au,Not publicly available,+611300500834,,,https://www.ndiscommission.gov.au/provider-registration/find-registered-provider
Changing Lives Community Services,96659395310,private_company,Palmerston,Not publicly available,,,admin@changinglivesnt.com.au,https://www.changinglivesnt.com.au/,Not publicly available,0403 592 546,,,https://www.ndiscommission.gov.au/provider-registration/find-registered-provider | https://www.changinglivesnt.com.au/
COMPASSION AND WISDOM CARE,71651398051,private_company,Palmerston,Not publicly available,,,Not publicly available,Not publicly available,Not publicly available,+610481979397,,,https://www.ndiscommission.gov.au/provider-registration/find-registered-provider
Charis Health Care PTY LTD,34631326068,private_company,Katherine,Not publicly available,,,Not publicly available,http://charishealthcare.com.au/,Not publicly available,0451 148 407,,,https://www.ndiscommission.gov.au/provider-registration/find-registered-provider | http://charishealthcare.com.au/
CONNECT WITH CARE SERVICES PTY LTD,11659718582,private_company,Alice Springs,Not publicly available,,,Not publicly available,Not publicly available,Not publicly available,+610423244653,,,https://www.ndiscommission.gov.au/provider-registration/find-registered-provider
CARPE DIEM COMMUNITY SERVICES PTY LTD,54639958884,private_company,Other NT,Not publicly available,,,admin@carpediem.net.au,https://www.carpediem.net.au/,https://www.linkedin.com/company/carpe-diem-community-services,+610432590279,,,https://www.ndiscommission.gov.au/provider-registration/find-registered-provider | https://www.carpediem.net.au/
CONNECTED LIVING AS,87686798023,private_company,Alice Springs,Not publicly available,,,Not publicly available,Not publicly available,Not publicly available,Not publicly available,,,https://www.ndiscommission.gov.au/provider-registration/find-registered-provider
CMM CARE SOLUTIONS,26646989942,private_company,Other NT,Not publicly available,,,info@cmmcaresolutions.com.au,https://cmmcaresolutions.com.au/,Not publicly available,0499 319 772,,,https://www.ndiscommission.gov.au/provider-registration/find-registered-provider | https://cmmcaresolutions.com.au/
CONNECTORS WELLBEING PTY LTD,33678257513,private_company,Other NT,Not publicly available,,,Not publicly available,Not publicly available,Not publicly available,+610404759035,,,https://www.ndiscommission.gov.au/provider-registration/find-registered-provider
BROAD CARE INCLUSIVE DISABILITY SERVICES,65646669703,private_company,Darwin,Not publicly available,,,Not publicly available,https://26/119 reichardt road winellie 0820,Not publicly available,+610402301932,,,https://www.ndiscommission.gov.au/provider-registration/find-registered-provider
COUNTRY CONNECT PTY LTD,62649348354,private_company,Nhulunbuy,Not publicly available,Louise Lethbridge,Executive Director,Not publicly available,https://www.countryconnect.org.au/,Not publicly available,+610429677817,,,https://www.ndiscommission.gov.au/provider-registration/find-registered-provider | https://www.countryconnect.org.au/
COUNTRY CONNECT PTY LTD,62649348354,private_company,Nhulunbuy,Not publicly available,Wapit Mununggurr,Executive Director,Not publicly available,https://www.countryconnect.org.au/,Not publicly available,+610429677817,,,https://www.ndiscommission.gov.au/provider-registration/find-registered-provider | https://www.countryconnect.org.au/
COUNTRY CONNECT PTY LTD,62649348354,private_company,Nhulunbuy,Not publicly available,Troy Barrett,Chief Executive Officer,Not publicly available,https://www.countryconnect.org.au/,Not publicly available,+610429677817,,,https://www.ndiscommission.gov.au/provider-registration/find-registered-provider | https://www.countryconnect.org.au/
COUNTRY CONNECT PTY LTD,62649348354,private_company,Nhulunbuy,Not publicly available,Brianna Barrett,Project Coordinator,Not publicly available,https://www.countryconnect.org.au/,Not publicly available,+610429677817,,,https://www.ndiscommission.gov.au/provider-registration/find-registered-provider | https://www.countryconnect.org.au/
CRESTA CONSULTANCY SERVICES PTY LTD,21656362711,private_company,Alice Springs,Not publicly available,,,Not publicly available,Not publicly available,Not publicly available,Not publicly available,,,https://www.ndiscommission.gov.au/provider-registration/find-registered-provider
DARWIN ACEHEALTH COMMUNITY SERVICES PTY LTD.,88643298122,private_company,Palmerston,Not publicly available,,,Not publicly available,Not publicly available,Not publicly available,Not publicly available,,,https://www.ndiscommission.gov.au/provider-registration/find-registered-provider
DIVINE CARE AND ABILITY SOLUTIONS PTY LTD,94673739207,private_company,Other NT,Not publicly available,,,Not publicly available,Not publicly available,Not publicly available,+610482917880,,,https://www.ndiscommission.gov.au/provider-registration/find-registered-provider
DARWIN HEALTH GROUP PTY LTD,55655147096,private_company,Darwin,Not publicly available,,,info@darwinhealthgroup.com,https://www.darwinhealthgroup.com/,Not publicly available,4-4947-9299,,,https://www.ndiscommission.gov.au/provider-registration/find-registered-provider | https://www.darwinhealthgroup.com/
Dr Alfred?s Home Care & Individual Nursing,71663566756,private_company,"Darwin, Palmerston, Alice Springs, Katherine",Not publicly available,,,info@alfredsupport.com.au,https://alfredsupport.com.au/,Not publicly available,+610487124664,,,https://www.ndiscommission.gov.au/provider-registration/find-registered-provider | https://alfredsupport.com.au/
Conticare,39108974554,private_company,Other NT,Not publicly available,,,hello@conticare.com.au,https://www.conticare.com.au/,Not publicly available,03 8506 4644,,,https://www.ndiscommission.gov.au/provider-registration/find-registered-provider | https://www.conticare.com.au/
DESERT DIETITIANS PTY LTD,85677908253,private_company,Alice Springs,Not publicly available,Katelyn Paterson,Director/ Senior,Not publicly available,https://www.desertdietitians.com.au/,Not publicly available,0455 275 874,,,https://www.ndiscommission.gov.au/provider-registration/find-registered-provider | https://www.desertdietitians.com.au/
EL ROI. HELP ON WHEELS PTY LTD,45685569064,private_company,Other NT,Not publicly available,,,Not publicly available,Not publicly available,Not publicly available,+610422709572,,,https://www.ndiscommission.gov.au/provider-registration/find-registered-provider
ELPIS CARE PTY. LTD.,90670099411,private_company,Other NT,Not publicly available,,,Not publicly available,Not publicly available,Not publicly available,+610485508443,,,https://www.ndiscommission.gov.au/provider-registration/find-registered-provider
EMBRACING LIFE SUPPORT SERVICES PTY LTD,22673847893,private_company,Alice Springs,Not publicly available,,,Not publicly available,Not publicly available,Not publicly available,+610424208097,,,https://www.ndiscommission.gov.au/provider-registration/find-registered-provider
Early Start Australia,56616435575,private_company,"Darwin, Palmerston",Not publicly available,Justin Scanlan,CEO – APM Therapy Portfolio,Not publicly available,https://www.earlystartaustralia.com.au/,Not publicly available,1300 372 439,,,https://www.ndiscommission.gov.au/provider-registration/find-registered-provider | https://www.earlystartaustralia.com.au/
Early Start Australia,56616435575,private_company,"Darwin, Palmerston",Not publicly available,Matthew Flood,Chief Group Counsel – APM,Not publicly available,https://www.earlystartaustralia.com.au/,Not publicly available,1300 372 439,,,https://www.ndiscommission.gov.au/provider-registration/find-registered-provider | https://www.earlystartaustralia.com.au/
EMMAC SUPPORT SERVICES PTY LTD,71687811687,private_company,Other NT,Not publicly available,,,Not publicly available,Not publicly available,Not publicly available,+610420804670,,,https://www.ndiscommission.gov.au/provider-registration/find-registered-provider
DUTCH ORANGE PTY LTD,25653345969,private_company,Alice Springs,Not publicly available,,,Not publicly available,https://desertstar.au/,Not publicly available,0427383419,,,https://www.ndiscommission.gov.au/provider-registration/find-registered-provider | https://desertstar.au/
Drake Australia Pty Ltd,42004939771,private_company,Other NT,Not publicly available,,,Not publicly available,https://drakemedox.com.au/,https://www.linkedin.com/company/drake-medox,1300 360 070,,,https://www.ndiscommission.gov.au/provider-registration/find-registered-provider | https://drakemedox.com.au/
EASY LIVING CARE SOLUTIONS PTY LTD,83618431904,private_company,Other NT,Not publicly available,,,info@easylivingcare.com.au,https://easylivingcare.com.au/,Not publicly available,+610460809276,,,https://www.ndiscommission.gov.au/provider-registration/find-registered-provider | https://easylivingcare.com.au/
ESAT Accounting Services Pty Ltd,94629133231,private_company,Alice Springs,Not publicly available,,,Not publicly available,Not publicly available,Not publicly available,Not publicly available,,,https://www.ndiscommission.gov.au/provider-registration/find-registered-provider
Endless Possibilities NT (EPNT),15642703259,private_company,Darwin,Not publicly available,,,admin@epnt.com.au,https://www.epnt.com.au/,Not publicly available,0431 044 443,,,https://www.ndiscommission.gov.au/provider-registration/find-registered-provider | https://www.epnt.com.au/
EVERRISE DISABILITY SUPPORT PTY LTD,43692812874,private_company,Alice Springs,Not publicly available,,,Not publicly available,Not publicly available,Not publicly available,+610470551429,,,https://www.ndiscommission.gov.au/provider-registration/find-registered-provider
Empower Ability Solutions,55669738096,private_company,Other NT,Not publicly available,,,info@empowerabilitysolutions.com.au,https://empowerabilitysolutions.com.au/,Not publicly available,0470 023 008,,,https://www.ndiscommission.gov.au/provider-registration/find-registered-provider | https://empowerabilitysolutions.com.au/
EVORA CARE,43656458454,private_company,Alice Springs,Not publicly available,,,admin@evoracare.com.au,https://evoracare.com.au/,Not publicly available,1300 889 440,,,https://www.ndiscommission.gov.au/provider-registration/find-registered-provider | https://evoracare.com.au/
ENABLE OPPORTUNITIES,27647584843,private_company,Alice Springs,Not publicly available,,,enquiries@enop.com.au,https://www.enop.com.au/,Not publicly available,08 7924 0333,,,https://www.ndiscommission.gov.au/provider-registration/find-registered-provider | https://www.enop.com.au/
FEM SERVICES PTY LTD,58669405556,private_company,Nhulunbuy,Not publicly available,,,Not publicly available,Not publicly available,Not publicly available,+610413883738,,,https://www.ndiscommission.gov.au/provider-registration/find-registered-provider
FIRST NATIONS AND PACIFIC ISLANDS CARE PTY LTD,13677779172,private_company,Other NT,Not publicly available,,,Not publicly available,Not publicly available,Not publicly available,Not publicly available,,,https://www.ndiscommission.gov.au/provider-registration/find-registered-provider
FRB CARE PLUS PTY LTD,19673660252,private_company,Palmerston,Not publicly available,,,Not publicly available,Not publicly available,Not publicly available,Not publicly available,,,https://www.ndiscommission.gov.au/provider-registration/find-registered-provider
FREE & BOUNTY LIFE PTY LTD,59693339883,private_company,Other NT,Not publicly available,,,Not publicly available,Not publicly available,Not publicly available,Not publicly available,,,https://www.ndiscommission.gov.au/provider-registration/find-registered-provider
FREEDOM BEYOND DISABILITY,62677856763,private_company,Alice Springs,Not publicly available,,,Not publicly available,Not publicly available,Not publicly available,+610458436344,,,https://www.ndiscommission.gov.au/provider-registration/find-registered-provider
Eunoia Lane,76630450636,private_company,"Darwin, Alice Springs",Not publicly available,Kaitlin Cleghorn,Clinical Team Leader / Occupational Therapist,Not publicly available,https://eunoialane.com.au/,Not publicly available,08 8947 6908,Support Coordinator/Case Manager (Identified Position: Aboriginal and/or Torres Strait Islander),https://eunoialane.com.au/careers/,https://www.ndiscommission.gov.au/provider-registration/find-registered-provider | https://eunoialane.com.au/
Eunoia Lane,76630450636,private_company,"Darwin, Alice Springs",Not publicly available,Charlotte Smith,Team Leader / Support Coordinator,Not publicly available,https://eunoialane.com.au/,Not publicly available,08 8947 6908,Support Coordinator/Case Manager (Identified Position: Aboriginal and/or Torres Strait Islander),https://eunoialane.com.au/careers/,https://www.ndiscommission.gov.au/provider-registration/find-registered-provider | https://eunoialane.com.au/
Eunoia Lane,76630450636,private_company,"Darwin, Alice Springs",Not publicly available,Kelly Marrington,Clinical Team Leader / Specialist Support Coordinator,Not publicly available,https://eunoialane.com.au/,Not publicly available,08 8947 6908,Support Coordinator/Case Manager (Identified Position: Aboriginal and/or Torres Strait Islander),https://eunoialane.com.au/careers/,https://www.ndiscommission.gov.au/provider-registration/find-registered-provider | https://eunoialane.com.au/
Eunoia Lane,76630450636,private_company,"Darwin, Alice Springs",Not publicly available,Deanne Kamid,"Executive Manager, People & Culture",Not publicly available,https://eunoialane.com.au/,Not publicly available,08 8947 6908,Support Coordinator/Case Manager (Identified Position: Aboriginal and/or Torres Strait Islander),https://eunoialane.com.au/careers/,https://www.ndiscommission.gov.au/provider-registration/find-registered-provider | https://eunoialane.com.au/
Eunoia Lane,76630450636,private_company,"Darwin, Alice Springs",Not publicly available,Jane Rudwick,Team Leader / Support Coordinator,Not publicly available,https://eunoialane.com.au/,Not publicly available,08 8947 6908,Support Coordinator/Case Manager (Identified Position: Aboriginal and/or Torres Strait Islander),https://eunoialane.com.au/careers/,https://www.ndiscommission.gov.au/provider-registration/find-registered-provider | https://eunoialane.com.au/
Eunoia Lane,76630450636,private_company,"Darwin, Alice Springs",Not publicly available,Cathryn McAdie,Business Capability and Quality Assurance Executive,Not publicly available,https://eunoialane.com.au/,Not publicly available,08 8947 6908,Support Coordinator/Case Manager (Identified Position: Aboriginal and/or Torres Strait Islander),https://eunoialane.com.au/careers/,https://www.ndiscommission.gov.au/provider-registration/find-registered-provider | https://eunoialane.com.au/
Eunoia Lane,76630450636,private_company,"Darwin, Alice Springs",Not publicly available,Marie Lyons,Chief Operations Officer,Not publicly available,https://eunoialane.com.au/,Not publicly available,08 8947 6908,Support Coordinator/Case Manager (Identified Position: Aboriginal and/or Torres Strait Islander),https://eunoialane.com.au/careers/,https://www.ndiscommission.gov.au/provider-registration/find-registered-provider | https://eunoialane.com.au/
Eunoia Lane,76630450636,private_company,"Darwin, Alice Springs",Not publicly available,Kate Hamilton,Director,Not publicly available,https://eunoialane.com.au/,Not publicly available,08 8947 6908,Support Coordinator/Case Manager (Identified Position: Aboriginal and/or Torres Strait Islander),https://eunoialane.com.au/careers/,https://www.ndiscommission.gov.au/provider-registration/find-registered-provider | https://eunoialane.com.au/
GLORY CARE SERVICES PTY LTD,30689817463,private_company,Alice Springs,Not publicly available,,,Not publicly available,Not publicly available,Not publicly available,+610401163944,,,https://www.ndiscommission.gov.au/provider-registration/find-registered-provider
GRACE REYAT DISABILITY SERVICES PTY LTD.,30658822354,private_company,Other NT,Not publicly available,,,Not publicly available,Not publicly available,Not publicly available,+610459298370,,,https://www.ndiscommission.gov.au/provider-registration/find-registered-provider
GRACIOUS HELPER SUPPORT SERVICES,80624370869,private_company,Alice Springs,Not publicly available,,,Not publicly available,Not publicly available,Not publicly available,Not publicly available,,,https://www.ndiscommission.gov.au/provider-registration/find-registered-provider
GIFTED HANDS SUPPORT SERVICES,42643075165,private_company,Other NT,Not publicly available,,,info@giftedhands.net,https://giftedhands.net.au/,Not publicly available,+61423256484,,,https://www.ndiscommission.gov.au/provider-registration/find-registered-provider | https://giftedhands.net.au/
Golden Glow Corporation (Nt) Pty Ltd Wan,41097382600,private_company,Darwin,Not publicly available,,,info@goldenglownursing.com.au,https://goldenglownursing.com.au/,https://www.linkedin.com/company/golden-glow-nursing,08 8927 2756,,,https://www.ndiscommission.gov.au/provider-registration/find-registered-provider | https://goldenglownursing.com.au/
Harmonious Community Care,59676872594,private_company,Other NT,Not publicly available,,,Not publicly available,Not publicly available,Not publicly available,Not publicly available,,,https://www.ndiscommission.gov.au/provider-registration/find-registered-provider
HARMONY HELPING HANDS PTY LTD,41649120132,private_company,Palmerston,Not publicly available,,,Not publicly available,Not publicly available,Not publicly available,+610490239176,,,https://www.ndiscommission.gov.au/provider-registration/find-registered-provider
Fly2 Health Group,76656481202,private_company,"Darwin, Palmerston, Alice Springs, Tennant Creek",Not publicly available,Kennedy Lay,Founder & Chief Executive Officer,Not publicly available,https://www.fly2health.com.au/,Not publicly available,+611300163665,,,https://www.ndiscommission.gov.au/provider-registration/find-registered-provider | https://www.fly2health.com.au/
Fly2 Health Group,76656481202,private_company,"Darwin, Palmerston, Alice Springs, Tennant Creek",Not publicly available,Tim Gibson,Chief Operating Officer,Not publicly available,https://www.fly2health.com.au/,Not publicly available,+611300163665,,,https://www.ndiscommission.gov.au/provider-registration/find-registered-provider | https://www.fly2health.com.au/
Fly2 Health Group,76656481202,private_company,"Darwin, Palmerston, Alice Springs, Tennant Creek",Not publicly available,Anna Keno,Chief Clinical Officer,Not publicly available,https://www.fly2health.com.au/,Not publicly available,+611300163665,,,https://www.ndiscommission.gov.au/provider-registration/find-registered-provider | https://www.fly2health.com.au/
Fly2 Health Group,76656481202,private_company,"Darwin, Palmerston, Alice Springs, Tennant Creek",Not publicly available,Andy Dunn,Head of New South Wales,Not publicly available,https://www.fly2health.com.au/,Not publicly available,+611300163665,,,https://www.ndiscommission.gov.au/provider-registration/find-registered-provider | https://www.fly2health.com.au/
Fly2 Health Group,76656481202,private_company,"Darwin, Palmerston, Alice Springs, Tennant Creek",Not publicly available,Rhianna Clarke,Head of Queensland,Not publicly available,https://www.fly2health.com.au/,Not publicly available,+611300163665,,,https://www.ndiscommission.gov.au/provider-registration/find-registered-provider | https://www.fly2health.com.au/
Fly2 Health Group,76656481202,private_company,"Darwin, Palmerston, Alice Springs, Tennant Creek",Not publicly available,Carly Rowley,Head of Victoria & Tasmania,Not publicly available,https://www.fly2health.com.au/,Not publicly available,+611300163665,,,https://www.ndiscommission.gov.au/provider-registration/find-registered-provider | https://www.fly2health.com.au/
Fly2 Health Group,76656481202,private_company,"Darwin, Palmerston, Alice Springs, Tennant Creek",Not publicly available,Phoebe Murphy,Head of NT & Occupational Therapist,Not publicly available,https://www.fly2health.com.au/,Not publicly available,+611300163665,,,https://www.ndiscommission.gov.au/provider-registration/find-registered-provider | https://www.fly2health.com.au/
HEALING PATHWAYS NT PTY LTD,66678166115,private_company,Other NT,Not publicly available,,,Not publicly available,https://www.hpnt.com.au/,Not publicly available,+610466998324,,,https://www.ndiscommission.gov.au/provider-registration/find-registered-provider | https://www.hpnt.com.au/
HANDS ON PEOPLE,46634228363,private_company,Darwin,Not publicly available,,,Not publicly available,https://www.handsonpeople.com.au,Not publicly available,+610481590333,,,https://www.ndiscommission.gov.au/provider-registration/find-registered-provider
Emergency Medical Systems Pty Ltd,23791570058,private_company,Other NT,Not publicly available,,,info@emsas.com.au,https://www.emsas.com.au/,Not publicly available,1300 699 159,,,https://www.ndiscommission.gov.au/provider-registration/find-registered-provider | https://www.emsas.com.au/
HELP FOR ALL PTY LTD,99646907100,private_company,Darwin,Not publicly available,,,Not publicly available,Not publicly available,Not publicly available,+610478000553,,,https://www.ndiscommission.gov.au/provider-registration/find-registered-provider
HEALING TOUCH SUPPORT SERVICES,58673882810,private_company,Darwin,Not publicly available,,,Not publicly available,https://htsupport.com.au,Not publicly available,+610457077866,,,https://www.ndiscommission.gov.au/provider-registration/find-registered-provider
Healthscope Independence Services,85006405152,private_company,"Darwin, Palmerston",Not publicly available,,,Not publicly available,https://www.healthscopeindependenceservices.com.au,Not publicly available,+610385518888,,,https://www.ndiscommission.gov.au/provider-registration/find-registered-provider
Home Grown Lawn Mowing PTY LTD,19651004956,private_company,Palmerston,Not publicly available,,,info@homegrownlawnmowing.com,https://www.homegrownlawnmowing.com.au/,Not publicly available,0432 494 382,,,https://www.ndiscommission.gov.au/provider-registration/find-registered-provider | https://www.homegrownlawnmowing.com.au/
GREENSPACE HOMES,61143889703,private_company,Other NT,Not publicly available,,,Not publicly available,https://www.greenspacehomes.com.au/,Not publicly available,+610889844351,,,https://www.ndiscommission.gov.au/provider-registration/find-registered-provider | https://www.greenspacehomes.com.au/
HOPE BRIDGE DISABILITY SUPPORT PTY LTD,85691425948,private_company,Other NT,Not publicly available,,,Not publicly available,Not publicly available,Not publicly available,Not publicly available,,,https://www.ndiscommission.gov.au/provider-registration/find-registered-provider
HOX'S SERVICES PTY LTD,17646073252,private_company,Alice Springs,Not publicly available,,,Not publicly available,Not publicly available,Not publicly available,+610413662113,,,https://www.ndiscommission.gov.au/provider-registration/find-registered-provider
Hope Ability,64630243659,private_company,"Darwin, Palmerston, Katherine",Not publicly available,,,info@hopeability.com.au,https://www.hopeability.com.au./,Not publicly available,08 7918 3357,,,https://www.ndiscommission.gov.au/provider-registration/find-registered-provider | https://www.hopeability.com.au./
iCare Youth And Community Services,61641040066,private_company,"Alice Springs, Tennant Creek",Not publicly available,,,info@icare-nt.com.au,https://www.icare-nt.com.au/,Not publicly available,+610411567430,,,https://www.ndiscommission.gov.au/provider-registration/find-registered-provider | https://www.icare-nt.com.au/
IMARA CARE PTY LTD,39688332309,private_company,Alice Springs,Not publicly available,,,Not publicly available,Not publicly available,Not publicly available,+610410974542,,,https://www.ndiscommission.gov.au/provider-registration/find-registered-provider
HEART TO HOLD FOUNDATION PTY LTD,78661838615,private_company,Palmerston,Not publicly available,,,connect@heart2hold.com.au,https://www.heart2hold.com.au/,Not publicly available,08 7092 6014,,,https://www.ndiscommission.gov.au/provider-registration/find-registered-provider | https://www.heart2hold.com.au/
Independent Living,85678399561,private_company,Darwin,Not publicly available,,,Not publicly available,Not publicly available,Not publicly available,+610458651147,,,https://www.ndiscommission.gov.au/provider-registration/find-registered-provider
INFINITY CARE AUSTRALIA PTY LTD,70671918219,private_company,Alice Springs,Not publicly available,,,Not publicly available,Not publicly available,Not publicly available,Not publicly available,,,https://www.ndiscommission.gov.au/provider-registration/find-registered-provider
INSIGHT LIVING,25661990236,private_company,Other NT,Not publicly available,,,Not publicly available,Not publicly available,Not publicly available,Not publicly available,,,https://www.ndiscommission.gov.au/provider-registration/find-registered-provider
INTEGRITY PRACTICES PTY LTD,48653444823,private_company,Other NT,Not publicly available,,,Not publicly available,Not publicly available,Not publicly available,Not publicly available,,,https://www.ndiscommission.gov.au/provider-registration/find-registered-provider
INCLUSIVE SUPPORTS NT PTY LTD,38684232004,private_company,Darwin,Not publicly available,,,manager@isupportsnt.com.au,https://isupportsnt.com.au/,Not publicly available,+610486266537,,,https://www.ndiscommission.gov.au/provider-registration/find-registered-provider | https://isupportsnt.com.au/
INNER BALANCE HEALTH PTY LTD,74664633907,private_company,Darwin,Not publicly available,Rhiarna Myatt,"Senior Physiotherapist & Founder (Neurorehabilitation, Geriatrics & Clinical Pilates)",Not publicly available,https://www.innerbalancehealth.com.au/,Not publicly available,+610889483954,,,https://www.ndiscommission.gov.au/provider-registration/find-registered-provider | https://www.innerbalancehealth.com.au/
J. C. SMITH & ASSOCIATES NT PTY. LTD.,20083457854,private_company,Nhulunbuy,Not publicly available,,,Not publicly available,Not publicly available,Not publicly available,+610482663828,,,https://www.ndiscommission.gov.au/provider-registration/find-registered-provider
IDEAL Plan Management,59903291025,private_company,Other NT,Not publicly available,,,manager@idealplan.com.au,https://www.idealplan.com.au/,https://www.linkedin.com/company/ideal-plan-management,1300 800 110,,,https://www.ndiscommission.gov.au/provider-registration/find-registered-provider | https://www.idealplan.com.au/
JOURNEY TO HORIZON SERVICES PTY LTD,71684279650,private_company,Palmerston,Not publicly available,,,Not publicly available,Not publicly available,Not publicly available,+610414855410,,,https://www.ndiscommission.gov.au/provider-registration/find-registered-provider
IRIS Collective,93649384565,private_company,"Palmerston, Alice Springs",Not publicly available,,,Not publicly available,https://iriscollective.com.au/,Not publicly available,+611800717511,,,https://www.ndiscommission.gov.au/provider-registration/find-registered-provider | https://iriscollective.com.au/
Joyful Souls Support,69658015742,private_company,Alice Springs,Not publicly available,,,Not publicly available,Not publicly available,Not publicly available,+610889555138,,,https://www.ndiscommission.gov.au/provider-registration/find-registered-provider
JMJ Disability,94639301161,private_company,"Darwin, Palmerston, Katherine",Not publicly available,,,admin@jmjds.com.au,https://jmjds.com.au/,https://www.linkedin.com/company/jmjds,+610414336949,,,https://www.ndiscommission.gov.au/provider-registration/find-registered-provider | https://jmjds.com.au/
JUST MERCY HEALTHCARE GROUP PTY LTD,65650896709,private_company,Darwin,Not publicly available,,,Not publicly available,https://www.justmercyhealthcaregroup.com.au,Not publicly available,+610451334303,,,https://www.ndiscommission.gov.au/provider-registration/find-registered-provider
KACHE SERVICES,44664103584,private_company,Alice Springs,Not publicly available,,,Not publicly available,Not publicly available,Not publicly available,Not publicly available,,,https://www.ndiscommission.gov.au/provider-registration/find-registered-provider
KAIZAN CARE PTY LTD,13675149005,private_company,Darwin,Not publicly available,,,Not publicly available,Not publicly available,Not publicly available,Not publicly available,,,https://www.ndiscommission.gov.au/provider-registration/find-registered-provider
KAPOK PROSTHETICS AND ORTHOTICS PTY LTD,86659237368,private_company,Darwin,Not publicly available,,,admin@kapokpo.com.au,https://www.kapokpo.com.au/,Not publicly available,Not publicly available,,,https://www.ndiscommission.gov.au/provider-registration/find-registered-provider | https://www.kapokpo.com.au/
JUST CARE SERVICES PTY LTD,74666663341,private_company,Darwin,Not publicly available,,,Not publicly available,https://www.justcareservices.com.au/,Not publicly available,Not publicly available,,,https://www.ndiscommission.gov.au/provider-registration/find-registered-provider | https://www.justcareservices.com.au/
Katherine Physio,81602789239,private_company,Katherine,Not publicly available,,,Not publicly available,https://www.katherinephysio.com/,Not publicly available,0430 375 430,,,https://www.ndiscommission.gov.au/provider-registration/find-registered-provider | https://www.katherinephysio.com/
KIND HANDS NURSING SERVICES PTY LTD,22670680707,private_company,Palmerston,Not publicly available,,,Not publicly available,Not publicly available,Not publicly available,Not publicly available,,,https://www.ndiscommission.gov.au/provider-registration/find-registered-provider
Journey To Independence Disability Services,93668153437,private_company,Katherine,Not publicly available,,,admin@jtidisabilityservices.com.au,https://jtidisabilityservices.com.au/,Not publicly available,+610420881439,,,https://www.ndiscommission.gov.au/provider-registration/find-registered-provider | https://jtidisabilityservices.com.au/
ITEC Health,25061370769,private_company,Darwin,Not publicly available,,,marketing@itecgroup.com.au,https://itecgroup.com.au/,https://www.linkedin.com/company/itec-group-australia,+610881260800,NDIS Plan Management Officer,https://itecgroup.com.au/careers,https://www.ndiscommission.gov.au/provider-registration/find-registered-provider | https://itecgroup.com.au/
LEAH BETT NURSING SERVICES PTY LTD,46639984704,private_company,Alice Springs,Not publicly available,,,Not publicly available,Not publicly available,Not publicly available,+610484565876,,,https://www.ndiscommission.gov.au/provider-registration/find-registered-provider
KPM EXERCISE PHYSIOLOGY,65663256488,private_company,Darwin,Not publicly available,,,Not publicly available,https://kpmexercise.com.au/,Not publicly available,+610452011547,,,https://www.ndiscommission.gov.au/provider-registration/find-registered-provider | https://kpmexercise.com.au/
LED CARE PTY LTD,36666334747,private_company,Palmerston,Not publicly available,,,Not publicly available,Not publicly available,Not publicly available,+611300967250,,,https://www.ndiscommission.gov.au/provider-registration/find-registered-provider
LIBERTY BEHAVIOURAL SERVICES PTY LTD,65635889413,private_company,Other NT,Not publicly available,,,Not publicly available,https://libertybehaviouralservices.org/,Not publicly available,+610402669075,,,https://www.ndiscommission.gov.au/provider-registration/find-registered-provider
Keep Moving Pty Ltd,18121675616,private_company,"Darwin, Alice Springs",Not publicly available,,,enquiries@keepmoving.com.au,https://keepmoving.com.au/,Not publicly available,+610889475122,,,https://www.ndiscommission.gov.au/provider-registration/find-registered-provider | https://keepmoving.com.au/
Leap in!,92622499898,private_company,Darwin,Not publicly available,,,chosen-sprite@2x.png,https://www.leapin.com.au/,https://www.linkedin.com/company/leap-in,+611300057878,,,https://www.ndiscommission.gov.au/provider-registration/find-registered-provider | https://www.leapin.com.au/
LIFE IMPROVEMENTS PTY LTD,85687555353,private_company,Alice Springs,Not publicly available,,,Not publicly available,Not publicly available,Not publicly available,+610455428604,,,https://www.ndiscommission.gov.au/provider-registration/find-registered-provider
KONNECTUS SUPPORT COORDINATION,50683650553,private_company,"Alice Springs, Tennant Creek",Not publicly available,Jacquelyn Chong,Operations Manager,Not publicly available,https://konnectus.org.au/,Not publicly available,+610413780792,,,https://www.ndiscommission.gov.au/provider-registration/find-registered-provider | https://konnectus.org.au/
KONNECTUS SUPPORT COORDINATION,50683650553,private_company,"Alice Springs, Tennant Creek",Not publicly available,Carole Liu,Support Coordinator,Not publicly available,https://konnectus.org.au/,Not publicly available,+610413780792,,,https://www.ndiscommission.gov.au/provider-registration/find-registered-provider | https://konnectus.org.au/
KONNECTUS SUPPORT COORDINATION,50683650553,private_company,"Alice Springs, Tennant Creek",Not publicly available,Isaiah Ajak,Support Coordinator and Psychosocial Recovery Coach,Not publicly available,https://konnectus.org.au/,Not publicly available,+610413780792,,,https://www.ndiscommission.gov.au/provider-registration/find-registered-provider | https://konnectus.org.au/
KONNECTUS SUPPORT COORDINATION,50683650553,private_company,"Alice Springs, Tennant Creek",Not publicly available,Tabitha Callander,Support Coordinator and Psychosocial Recovery Coach,Not publicly available,https://konnectus.org.au/,Not publicly available,+610413780792,,,https://www.ndiscommission.gov.au/provider-registration/find-registered-provider | https://konnectus.org.au/
KONNECTUS SUPPORT COORDINATION,50683650553,private_company,"Alice Springs, Tennant Creek",Not publicly available,Emilie Parsons,Support Coordinator and Psychosocial Recovery Coach,Not publicly available,https://konnectus.org.au/,Not publicly available,+610413780792,,,https://www.ndiscommission.gov.au/provider-registration/find-registered-provider | https://konnectus.org.au/
KONNECTUS SUPPORT COORDINATION,50683650553,private_company,"Alice Springs, Tennant Creek",Not publicly available,Hayley McCagh,Support Coordinator & Psychosocial Recovery Coach,Not publicly available,https://konnectus.org.au/,Not publicly available,+610413780792,,,https://www.ndiscommission.gov.au/provider-registration/find-registered-provider | https://konnectus.org.au/
KONNECTUS SUPPORT COORDINATION,50683650553,private_company,"Alice Springs, Tennant Creek",Not publicly available,Lung Ceu Sarum,Support Coordinator,Not publicly available,https://konnectus.org.au/,Not publicly available,+610413780792,,,https://www.ndiscommission.gov.au/provider-registration/find-registered-provider | https://konnectus.org.au/
KONNECTUS SUPPORT COORDINATION,50683650553,private_company,"Alice Springs, Tennant Creek",Not publicly available,Ehler Beter,Support Coordinator,Not publicly available,https://konnectus.org.au/,Not publicly available,+610413780792,,,https://www.ndiscommission.gov.au/provider-registration/find-registered-provider | https://konnectus.org.au/
KONNECTUS SUPPORT COORDINATION,50683650553,private_company,"Alice Springs, Tennant Creek",Not publicly available,Mery Lin Zathang,Support Coordinator,Not publicly available,https://konnectus.org.au/,Not publicly available,+610413780792,,,https://www.ndiscommission.gov.au/provider-registration/find-registered-provider | https://konnectus.org.au/
KONNECTUS SUPPORT COORDINATION,50683650553,private_company,"Alice Springs, Tennant Creek",Not publicly available,Akoi Chol,Support Coordinator,Not publicly available,https://konnectus.org.au/,Not publicly available,+610413780792,,,https://www.ndiscommission.gov.au/provider-registration/find-registered-provider | https://konnectus.org.au/
LANDING SPOT PTY LTD,66650006858,private_company,Darwin,Not publicly available,,,webmaster@landingspot.com.au,https://landingspot.com.au/cgi-sys/suspendedpage.cgi,Not publicly available,+611300289197,,,https://www.ndiscommission.gov.au/provider-registration/find-registered-provider | https://landingspot.com.au/cgi-sys/suspendedpage.cgi
LIFE+ SUPPORT SERVICES PTY LTD,70683015581,private_company,Darwin,Not publicly available,,,Not publicly available,Not publicly available,Not publicly available,+610432692261,,,https://www.ndiscommission.gov.au/provider-registration/find-registered-provider
Life is Ok Support Services,32653007713,private_company,Other NT,Not publicly available,,,Not publicly available,https://lifeisok.com.au/,Not publicly available,08 8900 7661,,,https://www.ndiscommission.gov.au/provider-registration/find-registered-provider | https://lifeisok.com.au/
LIFE ASPECTS SUPPORT SERVICES,31668875349,private_company,Alice Springs,Not publicly available,,,info@lifeaspects.com.au,https://lifeaspects.com.au/,Not publicly available,0499 408 208,,,https://www.ndiscommission.gov.au/provider-registration/find-registered-provider | https://lifeaspects.com.au/
LIMITLESS NT,81641874553,private_company,Darwin,Not publicly available,,,18d2f96d279149989b95faf0a4b41882@sentry-next.wixpress.com,https://www.limitlessaustralia.com.au/,https://www.linkedin.com/company/limitless-nt,08 7915 4550,,,https://www.ndiscommission.gov.au/provider-registration/find-registered-provider | https://www.limitlessaustralia.com.au/
Limitlesspath Services Pty Ltd,90666950590,private_company,Alice Springs,Not publicly available,,,Not publicly available,Not publicly available,Not publicly available,Not publicly available,,,https://www.ndiscommission.gov.au/provider-registration/find-registered-provider
Homeville Nursing and Disability Services,70669301919,private_company,Palmerston,Not publicly available,,,admin@homevillecare.com.au,https://homevillecare.com.au/,Not publicly available,0461 253 903,,,https://www.ndiscommission.gov.au/provider-registration/find-registered-provider | https://homevillecare.com.au/
LifeAbility Plan Management,55679008023,private_company,Palmerston,Not publicly available,,,hi@lifeabilityplan.com.au,https://www.lifeabilityplan.com.au/,Not publicly available,+610251109228,,,https://www.ndiscommission.gov.au/provider-registration/find-registered-provider | https://www.lifeabilityplan.com.au/
LIVE WELL CARE AND SUPPORT PTY LTD,79681625294,private_company,Palmerston,Not publicly available,,,admin@livewellsupport.com.au,https://www.livewellsupport.com.au/,Not publicly available,+610408116985,,,https://www.ndiscommission.gov.au/provider-registration/find-registered-provider | https://www.livewellsupport.com.au/
LIVE-IN SUPPORT SERVICES AUSTRALIA,43677725889,private_company,Darwin,Not publicly available,,,Not publicly available,Not publicly available,Not publicly available,+610450313524,,,https://www.ndiscommission.gov.au/provider-registration/find-registered-provider
Living Life NT,24662116127,private_company,Darwin,Not publicly available,,,Not publicly available,Not publicly available,Not publicly available,+610447280059,,,https://www.ndiscommission.gov.au/provider-registration/find-registered-provider
Linkup Australia Pty Ltd,44627356325,private_company,"Darwin, Alice Springs",Not publicly available,Kana Faatauvaa,Service Delivery Coordinator,Not publicly available,https://www.linkup.net.au/,Not publicly available,+610404382203,,,https://www.ndiscommission.gov.au/provider-registration/find-registered-provider | https://www.linkup.net.au/
LN HEALTHCARE SERVICES PTY LTD,74658410229,private_company,Palmerston,Not publicly available,,,Not publicly available,Not publicly available,Not publicly available,+610416941973,,,https://www.ndiscommission.gov.au/provider-registration/find-registered-provider
Limitless Disability Support Services Pty Ltd,58662140132,private_company,Alice Springs,Not publicly available,,,Not publicly available,https://limitlesssupportservices.com.auu,Not publicly available,+610492305924,,,https://www.ndiscommission.gov.au/provider-registration/find-registered-provider
LIVE FREELY PTY LTD,72680441847,private_company,Darwin,Not publicly available,,,info@livefreely.com.au,https://www.livefreely.com.au/,Not publicly available,0403 859 112,,,https://www.ndiscommission.gov.au/provider-registration/find-registered-provider | https://www.livefreely.com.au/
Magnum Support Services and Wise Healthcare Australia,74611793983,private_company,"Darwin, Palmerston, Alice Springs, Katherine, Tennant Creek, Nhulunbuy",Not publicly available,,,Not publicly available,https://magnumsupports.com.au,Not publicly available,+611300931313,,,https://www.ndiscommission.gov.au/provider-registration/find-registered-provider
MANAPANMIRR SOLUTIONS PTY LTD,76680221470,private_company,Other NT,Not publicly available,,,Not publicly available,Not publicly available,Not publicly available,Not publicly available,,,https://www.ndiscommission.gov.au/provider-registration/find-registered-provider
Maya Disability & Community Services,19672074261,private_company,"Darwin, Palmerston",Not publicly available,,,Not publicly available,Not publicly available,Not publicly available,+610482694480,,,https://www.ndiscommission.gov.au/provider-registration/find-registered-provider
MED AT ED HOME SUPPORT SERVICES PTY LTD,99680037325,private_company,Darwin,Not publicly available,,,Not publicly available,Not publicly available,Not publicly available,+610401479905,,,https://www.ndiscommission.gov.au/provider-registration/find-registered-provider
LOVING ARMS CARE PTY LTD,93626262208,private_company,Darwin,Not publicly available,,,Not publicly available,https://www.lovingarmscare.com.au,Not publicly available,+610451341132,,,https://www.ndiscommission.gov.au/provider-registration/find-registered-provider
MAXIMISE PHYSIOTHERAPY CLINIC,12116500488,private_company,"Darwin, Palmerston",Not publicly available,,,admin@maximisephysio.com,https://maximisephysio.com/,Not publicly available,+610889328800,,,https://www.ndiscommission.gov.au/provider-registration/find-registered-provider | https://maximisephysio.com/
Life Prospects Consulting,73670272296,private_company,Palmerston,Not publicly available,,,Not publicly available,https://lifeprospectsconsulting.com.au/,Not publicly available,+610466710243,,,https://www.ndiscommission.gov.au/provider-registration/find-registered-provider | https://lifeprospectsconsulting.com.au/
Living Right,25606235036,private_company,Darwin,Not publicly available,Chris Vouthivong,Assistant Plan Manager,Not publicly available,https://www.livingright.com.au/,Not publicly available,+610400111575,,,https://www.ndiscommission.gov.au/provider-registration/find-registered-provider | https://www.livingright.com.au/
Living Right,25606235036,private_company,Darwin,Not publicly available,Alzaira Eyog,Assistant Plan Manager,Not publicly available,https://www.livingright.com.au/,Not publicly available,+610400111575,,,https://www.ndiscommission.gov.au/provider-registration/find-registered-provider | https://www.livingright.com.au/
Living Right,25606235036,private_company,Darwin,Not publicly available,Sandhya Khanal,Senior Accounts Officer,Not publicly available,https://www.livingright.com.au/,Not publicly available,+610400111575,,,https://www.ndiscommission.gov.au/provider-registration/find-registered-provider | https://www.livingright.com.au/
Living Right,25606235036,private_company,Darwin,Not publicly available,Faizee Ali,Senior Accounts Officer,Not publicly available,https://www.livingright.com.au/,Not publicly available,+610400111575,,,https://www.ndiscommission.gov.au/provider-registration/find-registered-provider | https://www.livingright.com.au/
Living Right,25606235036,private_company,Darwin,Not publicly available,Norie-An Peria,Senior Accounts Officer,Not publicly available,https://www.livingright.com.au/,Not publicly available,+610400111575,,,https://www.ndiscommission.gov.au/provider-registration/find-registered-provider | https://www.livingright.com.au/
Mercy Exerters,76657449600,private_company,Alice Springs,Not publicly available,Isabella Rodriguez,Not publicly available,Not publicly available,https://www.mercyexerters.com/,Not publicly available,+610431042518,,,https://www.ndiscommission.gov.au/provider-registration/find-registered-provider | https://www.mercyexerters.com/
METANOIA RAYS PTY LTD,33660316790,private_company,Darwin,Not publicly available,,,Not publicly available,https://www.metanoiarays.com.au,Not publicly available,+611300141111,,,https://www.ndiscommission.gov.au/provider-registration/find-registered-provider
LIFE HAVEN CARE GROUP PTY LTD,20666046251,private_company,Alice Springs,Not publicly available,Kacper Mateusz,Support Coordinator,Not publicly available,https://lifehavencaregroup.com.au/,Not publicly available,+61 474 300 795,,,https://www.ndiscommission.gov.au/provider-registration/find-registered-provider | https://lifehavencaregroup.com.au/
LIFE HAVEN CARE GROUP PTY LTD,20666046251,private_company,Alice Springs,Not publicly available,Pavlo Bohdan,Speech Therapist,Not publicly available,https://lifehavencaregroup.com.au/,Not publicly available,+61 474 300 795,,,https://www.ndiscommission.gov.au/provider-registration/find-registered-provider | https://lifehavencaregroup.com.au/
ML HEALTHCARE SERVICE PTY LTD,32660939319,private_company,Darwin,Not publicly available,,,Not publicly available,Not publicly available,Not publicly available,Not publicly available,,,https://www.ndiscommission.gov.au/provider-registration/find-registered-provider
MGM HEALTHCARE PTY LTD,17635230581,private_company,Other NT,Not publicly available,,,info@mgmhealthcare.com.au,https://mgmhealthcare.com.au/,https://www.linkedin.com/company/mgmhealthcare,0499 890 017,,,https://www.ndiscommission.gov.au/provider-registration/find-registered-provider | https://mgmhealthcare.com.au/
MOTION MINDS COLLECTIVES PTY LTD,24674653340,private_company,Darwin,Not publicly available,,,Not publicly available,Not publicly available,Not publicly available,Not publicly available,,,https://www.ndiscommission.gov.au/provider-registration/find-registered-provider
Medika Care & Support Services,14652206169,private_company,Darwin,Not publicly available,,,info@medikaservices.com.au,https://medikaservices.com.au/,Not publicly available,+61 8 7978 4983,,,https://www.ndiscommission.gov.au/provider-registration/find-registered-provider | https://medikaservices.com.au/
Movement for Life Physiotherapy Pty Ltd,63111471848,private_company,"Darwin, Palmerston",Not publicly available,Nick Jones,Director,Not publicly available,https://www.movementforlifephysio.com.au/,Not publicly available,311191544,Graduate Physiotherapist,https://www.movementforlifephysio.com.au/careers,https://www.ndiscommission.gov.au/provider-registration/find-registered-provider | https://www.movementforlifephysio.com.au/
Movement for Life Physiotherapy Pty Ltd,63111471848,private_company,"Darwin, Palmerston",Not publicly available,Sally Jones,Director,Not publicly available,https://www.movementforlifephysio.com.au/,Not publicly available,311191544,Graduate Physiotherapist,https://www.movementforlifephysio.com.au/careers,https://www.ndiscommission.gov.au/provider-registration/find-registered-provider | https://www.movementforlifephysio.com.au/
Multibuild Homes,70617961252,private_company,Other NT,Not publicly available,,,Not publicly available,https://www.multibuildhomes.com.au,Not publicly available,+610413727133,,,https://www.ndiscommission.gov.au/provider-registration/find-registered-provider
Michael Abdallah Pty Ltd T/A NATIONAL DISABILITY HEALTHCARE SUPPORT (NDHS),45665147759,private_company,Darwin,Not publicly available,,,ndhs@ndhs.au,https://ndhs.au/,Not publicly available,+610468788576,,,https://www.ndiscommission.gov.au/provider-registration/find-registered-provider | https://ndhs.au/
MINDFUL LIVING SUPPORTS PTY LTD,53658356702,private_company,Alice Springs,Not publicly available,,,0e6a29e4756740a8a63493e912ba2174@sentry.wixpress.com,https://www.mindfullivingsupports.com/,https://www.linkedin.com/company/mindful-living-supports,728457893,,,https://www.ndiscommission.gov.au/provider-registration/find-registered-provider | https://www.mindfullivingsupports.com/
MSJ (NT) PTY LTD,48638378024,private_company,"Darwin, Palmerston",Not publicly available,,,info@msjaus.com.au,https://msjaustralia.com.au/,https://www.linkedin.com/company/msjaustralia,+610889110992,,,https://www.ndiscommission.gov.au/provider-registration/find-registered-provider | https://msjaustralia.com.au/
MULTICARE NURSING SERVICES PTY LTD,53676529052,private_company,Alice Springs,Not publicly available,Aisha Khan,Community Engagement Officer,Not publicly available,https://multicarenursing.com.au/,Not publicly available,0402027006,,,https://www.ndiscommission.gov.au/provider-registration/find-registered-provider | https://multicarenursing.com.au/
MURDOCK AND ASSOCIATES PTY. LTD.,87139988935,private_company,Alice Springs,Not publicly available,,,daryl@murdockassociates.com.au,https://murdockassociates.com.au/,Not publicly available,+61401 114 117,,,https://www.ndiscommission.gov.au/provider-registration/find-registered-provider | https://murdockassociates.com.au/
MY LIFE MY CHOICE NT,68645871861,private_company,Other NT,Not publicly available,Mubasher Rehman,Not publicly available,Not publicly available,https://mylifemychoice.com.au/,Not publicly available,+610470044530,,,https://www.ndiscommission.gov.au/provider-registration/find-registered-provider | https://mylifemychoice.com.au/
MY THERAPY CREW,70636477042,private_company,Darwin,Not publicly available,,,admin@mytherapycrew.com.au,https://mytherapycrew.com.au/,https://www.linkedin.com/company/my-therapy-crew,1800 942 957,Occupational Therapist,https://mytherapycrew.com.au/wp-content/uploads/2026/07/Occupational-Therapist_Job-Description2023.pdf,https://www.ndiscommission.gov.au/provider-registration/find-registered-provider | https://mytherapycrew.com.au/
Medimart,56615970646,private_company,Darwin,Not publicly available,Tony Dapollonio,Service Manager,Not publicly available,https://medimart.com.au/,Not publicly available,+610400272609,,,https://www.ndiscommission.gov.au/provider-registration/find-registered-provider | https://medimart.com.au/
MYHEALTH SOLUTIONS PTY LTD,16688791951,private_company,Darwin,Not publicly available,,,info@myhealthsolution.com.au,https://www.myhealthsolution.com.au/,Not publicly available,+610466882681,,,https://www.ndiscommission.gov.au/provider-registration/find-registered-provider | https://www.myhealthsolution.com.au/
MYCARESCOPE PTY LTD.,63644150934,private_company,Palmerston,Not publicly available,,,enquire@mycarescope.com.au,https://www.mycarescope.com.au/,Not publicly available,4-4947-9299,,,https://www.ndiscommission.gov.au/provider-registration/find-registered-provider | https://www.mycarescope.com.au/
NAATH DISABILITY SERVICES PTY LTD,89688074197,private_company,Alice Springs,Not publicly available,,,Not publicly available,Not publicly available,Not publicly available,+610401269151,,,https://www.ndiscommission.gov.au/provider-registration/find-registered-provider
NADSCARE PTY LTD,34645229367,private_company,"Alice Springs, Tennant Creek",Not publicly available,,,Not publicly available,Not publicly available,Not publicly available,+610895201007,,,https://www.ndiscommission.gov.au/provider-registration/find-registered-provider
NAJMA CRYSTAL DISABILITY SERVICES PTY LTD,69645794985,private_company,Other NT,Not publicly available,,,Not publicly available,Not publicly available,Not publicly available,+610413951904,,,https://www.ndiscommission.gov.au/provider-registration/find-registered-provider
My Voice Pty Ltd,16150368237,private_company,Alice Springs,Not publicly available,,,info@myvoice1.com.au,https://myvoice.net.au/,https://www.linkedin.com/company/my-voice-pty-ltd,0438 320 068,,,https://www.ndiscommission.gov.au/provider-registration/find-registered-provider | https://myvoice.net.au/
MY CARE ACCESS,89668754461,private_company,Tennant Creek,Not publicly available,,,admin@mycareaccess.com.au,https://www.mycareaccess.com.au/,Not publicly available,0458 861 164,,,https://www.ndiscommission.gov.au/provider-registration/find-registered-provider | https://www.mycareaccess.com.au/
NORTHERN AUSTRALIA COMMUNITY SERVICES,90655868170,private_company,Alice Springs,Not publicly available,,,Not publicly available,Not publicly available,Not publicly available,+610424275004,,,https://www.ndiscommission.gov.au/provider-registration/find-registered-provider
MYCARE DISABILITY SUPPORT SERVICES PTY LTD,47669096977,private_company,Alice Springs,Not publicly available,,,Not publicly available,https://www.mycaredss.com/,Not publicly available,+610431921569,,,https://www.ndiscommission.gov.au/provider-registration/find-registered-provider
MyIntegra Plan Management and Support Coordination,62149233634,private_company,"Darwin, Palmerston, Alice Springs",Not publicly available,Natalie Woodbridge,Not publicly available,Not publicly available,https://myintegra.com.au/,Not publicly available,1800 696 347,,,https://www.ndiscommission.gov.au/provider-registration/find-registered-provider | https://myintegra.com.au/
NT PSYCHOSOCIAL RECOVERY AND SUPPORT SERVICES PTY LTD,13691470505,private_company,Palmerston,Not publicly available,,,user@domain.com,https://www.ntpsychosocialrecovery.com.au/,Not publicly available,+610459549874,,,https://www.ndiscommission.gov.au/provider-registration/find-registered-provider | https://www.ntpsychosocialrecovery.com.au/
OPERO CUSTODIAN HEALTHCARE SERVICES PTY LTD,59655051086,private_company,Alice Springs,Not publicly available,,,Not publicly available,Not publicly available,Not publicly available,+610455324110,,,https://www.ndiscommission.gov.au/provider-registration/find-registered-provider
NT RESPITE CARE PLUS,48626377053,private_company,Katherine,Not publicly available,,,Not publicly available,https://62 Martin Terrace,Not publicly available,Not publicly available,,,https://www.ndiscommission.gov.au/provider-registration/find-registered-provider
NEEDS CARE PTY LTD.,16667364114,private_company,Other NT,Not publicly available,,,info@needscare.com.au,https://needscare.com.au/,Not publicly available,0490540602,,,https://www.ndiscommission.gov.au/provider-registration/find-registered-provider | https://needscare.com.au/
OUTREACH PHYSIOTHERAPY PTY LTD,72647674502,private_company,Darwin,Not publicly available,,,reception@outreachphysiotherapy.com,https://www.outreachphysiotherapy.com/,Not publicly available,Not publicly available,New Graduate or Early Career Paediatric Physiotherapist - Full Time/Part Time,https://www.outreachphysiotherapy.com/careers-1,https://www.ndiscommission.gov.au/provider-registration/find-registered-provider | https://www.outreachphysiotherapy.com/
OPTIONS HEALTH SERVICES PTY LIMITED,59656222794,private_company,Other NT,Not publicly available,,,info@optionshealth.com.au,https://optionshealth.com.au/,Not publicly available,1800 571 251,,,https://www.ndiscommission.gov.au/provider-registration/find-registered-provider | https://optionshealth.com.au/
OXALIS COMMUNITY SERVICES PTY LTD,56679402567,private_company,Palmerston,Not publicly available,,,info@oxaliscommunityservices.com.au,https://oxaliscommunityservices.com.au/,Not publicly available,Not publicly available,,,https://www.ndiscommission.gov.au/provider-registration/find-registered-provider | https://oxaliscommunityservices.com.au/
Outback Inclusive Care,81653769414,private_company,Alice Springs,Not publicly available,,,admin@outbackinclusivecare.com.au,https://outbackinclusivecare.com.au/,Not publicly available,+610448385880,,,https://www.ndiscommission.gov.au/provider-registration/find-registered-provider | https://outbackinclusivecare.com.au/
OUTBACK ABILITY COMMUNITY SERVICES,85688527353,private_company,Other NT,Not publicly available,,,info@outbackabilitycommunityservices.com.au,https://outbackabilitycommunityservices.com.au/,Not publicly available,1800 800 110,,,https://www.ndiscommission.gov.au/provider-registration/find-registered-provider | https://outbackabilitycommunityservices.com.au/
PATCHES Therapy Services,30623115453,private_company,Darwin,Not publicly available,Dr. James Fitzpatrick,CEO & Paediatrician,Not publicly available,https://patches.com.au/,Not publicly available,1300 111 728,,,https://www.ndiscommission.gov.au/provider-registration/find-registered-provider | https://patches.com.au/
Petia Investments Pty Ltd,82651448752,private_company,Other NT,Not publicly available,,,Not publicly available,https://adminkpservices.com.au,Not publicly available,Not publicly available,,,https://www.ndiscommission.gov.au/provider-registration/find-registered-provider
Orange Plan Management,83616268458,private_company,Other NT,Not publicly available,,,hello@orangeplan.com.au,https://orangeplan.com.au/,https://www.linkedin.com/company/orangeplanmanagement,1300 611 990,,,https://www.ndiscommission.gov.au/provider-registration/find-registered-provider | https://orangeplan.com.au/
Plan Management Mob,50667039947,private_company,Darwin,Not publicly available,,,info@planmanagementmob.com,https://www.planmanagementmob.com/,Not publicly available,0438899915,,,https://www.ndiscommission.gov.au/provider-registration/find-registered-provider | https://www.planmanagementmob.com/
NORTHERN CARE SERVICES PTY LTD,81640810500,private_company,Darwin,Not publicly available,,,info@northerncareservices.com.au,https://northerncareservices.com.au/,Not publicly available,08-89007678,,,https://www.ndiscommission.gov.au/provider-registration/find-registered-provider | https://northerncareservices.com.au/
PRIME OPTIONS PTY LTD,98670261873,private_company,Other NT,Not publicly available,,,Not publicly available,Not publicly available,Not publicly available,+610401277715,,,https://www.ndiscommission.gov.au/provider-registration/find-registered-provider
PROPROJECT SOLUTION PTY LTD,81674984135,private_company,Darwin,Not publicly available,,,Not publicly available,Not publicly available,Not publicly available,Not publicly available,,,https://www.ndiscommission.gov.au/provider-registration/find-registered-provider
Positive Psychology Group PTY LTD Trading as Ian Nussey Psychology,93511514201,private_company,Other NT,Not publicly available,,,Not publicly available,https://www.inp.net.au/,Not publicly available,+610409722063,,,https://www.ndiscommission.gov.au/provider-registration/find-registered-provider | https://www.inp.net.au/
PURPLE SDA HOMES PTY LTD,20684833029,private_company,Darwin,Not publicly available,,,Not publicly available,Not publicly available,Not publicly available,Not publicly available,,,https://www.ndiscommission.gov.au/provider-registration/find-registered-provider
PRIME LINK CARE PTY LTD,11664687932,private_company,Palmerston,Not publicly available,,,info@primelinkcare.com.au,https://primelinkcare.com.au/services/,Not publicly available,0451 942 571,,,https://www.ndiscommission.gov.au/provider-registration/find-registered-provider | https://primelinkcare.com.au/services/
PRISM COMMUNITY CARE,92655602029,private_company,Darwin,Not publicly available,,,info@prismcommunitycare.com.au,https://www.prismcommunitycare.com.au/,Not publicly available,08 8932 3340,,,https://www.ndiscommission.gov.au/provider-registration/find-registered-provider | https://www.prismcommunitycare.com.au/
RABI SUPPORT SERVICES,92676901438,private_company,Palmerston,Not publicly available,,,Not publicly available,Not publicly available,Not publicly available,+610436368126,,,https://www.ndiscommission.gov.au/provider-registration/find-registered-provider
POSITIVE PRACTICES NT,14644475114,private_company,Darwin,Not publicly available,Alana Michell,Behaviour Support Practitioner | Director,alana.michell@positivepractices.com.au,https://positivepractices.com.au/,Not publicly available,0439 680 850,,,https://www.ndiscommission.gov.au/provider-registration/find-registered-provider | https://positivepractices.com.au/
POSITIVE PRACTICES NT,14644475114,private_company,Darwin,Not publicly available,Amber Flynn,Behaviour Support Practitioner| Director,amber.flynn@positivepractices.com.au,https://positivepractices.com.au/,Not publicly available,0439 680 850,,,https://www.ndiscommission.gov.au/provider-registration/find-registered-provider | https://positivepractices.com.au/
Red Centre Health Focus,33675307098,private_company,Alice Springs,Not publicly available,,,Not publicly available,https://accounts.google.com/v3/signin/identifier?continue=https://mail.google.com/mail/u/0/&emr=1&followup=https://mail.google.com/mail/u/0/&osid=1&passive=1209600&service=mail&flowName=WebLiteSignIn&flowEntry=ServiceLogin&dsh=S-1155807687:1790656732141809,Not publicly available,+610497009022,,,https://www.ndiscommission.gov.au/provider-registration/find-registered-provider | https://accounts.google.com/v3/signin/identifier?continue=https://mail.google.com/mail/u/0/&emr=1&followup=https://mail.google.com/mail/u/0/&osid=1&passive=1209600&service=mail&flowName=WebLiteSignIn&flowEntry=ServiceLogin&dsh=S-1155807687:1790656732141809
PURPLE SUPPORT,53640516856,private_company,Darwin,Not publicly available,,,info@purplesupport.com.au,https://purplesupport.com.au/,https://www.linkedin.com/company/purplesupport,08 7969 8513,Disability Support Worker,https://purplesupport.com.au/career/disability-support-worker,https://www.ndiscommission.gov.au/provider-registration/find-registered-provider | https://purplesupport.com.au/
PLAN HERO,43641197659,private_company,Other NT,Not publicly available,,,Not publicly available,https://planhero.com.au/,Not publicly available,+611300599770,,,https://www.ndiscommission.gov.au/provider-registration/find-registered-provider | https://planhero.com.au/
QSSS,49138916622,private_company,Other NT,Not publicly available,Anika Milazzo,DIRECTOR,Not publicly available,https://www.qsss.com.au/,Not publicly available,+611300378777,,,https://www.ndiscommission.gov.au/provider-registration/find-registered-provider | https://www.qsss.com.au/
QSSS,49138916622,private_company,Other NT,Not publicly available,Linda Taylor,CEO / MANAGING DIRECTOR,Not publicly available,https://www.qsss.com.au/,Not publicly available,+611300378777,,,https://www.ndiscommission.gov.au/provider-registration/find-registered-provider | https://www.qsss.com.au/
QSSS,49138916622,private_company,Other NT,Not publicly available,Greg Facoory,CHIEF OPERATIONS OFFICER,Not publicly available,https://www.qsss.com.au/,Not publicly available,+611300378777,,,https://www.ndiscommission.gov.au/provider-registration/find-registered-provider | https://www.qsss.com.au/
QSSS,49138916622,private_company,Other NT,Not publicly available,Neil Bell,DIRECTOR,Not publicly available,https://www.qsss.com.au/,Not publicly available,+611300378777,,,https://www.ndiscommission.gov.au/provider-registration/find-registered-provider | https://www.qsss.com.au/
QSSS,49138916622,private_company,Other NT,Not publicly available,Anne Welch,Finance & payroll manager,Not publicly available,https://www.qsss.com.au/,Not publicly available,+611300378777,,,https://www.ndiscommission.gov.au/provider-registration/find-registered-provider | https://www.qsss.com.au/
ROYAL HEALTH SERVICES PTY LTD,67673240045,private_company,Other NT,Not publicly available,,,Not publicly available,Not publicly available,Not publicly available,Not publicly available,,,https://www.ndiscommission.gov.au/provider-registration/find-registered-provider
REGIONAL & REMOTE DISABILITY SERVICES,23646302061,private_company,Katherine,Not publicly available,,,Not publicly available,https://www.rnrsupport.com.au,Not publicly available,+611300920884,,,https://www.ndiscommission.gov.au/provider-registration/find-registered-provider
SAFE AND CARE SERVICES PTY LTD,29670228369,private_company,Other NT,Not publicly available,,,Not publicly available,Not publicly available,Not publicly available,Not publicly available,,,https://www.ndiscommission.gov.au/provider-registration/find-registered-provider
SAFE SHORE HOME CARE PTY LTD,87673003604,private_company,Alice Springs,Not publicly available,,,Not publicly available,Not publicly available,Not publicly available,+610435306071,,,https://www.ndiscommission.gov.au/provider-registration/find-registered-provider
Rotana Health & Wellbeing Pty Ltd,37638386080,private_company,"Katherine, Tennant Creek",Not publicly available,Sajad Motref,Not publicly available,Not publicly available,https://rotanahw.com/,Not publicly available,0432 980 158,,,https://www.ndiscommission.gov.au/provider-registration/find-registered-provider | https://rotanahw.com/
REGIS AGED CARE PTY LTD,75125223645,private_company,Darwin,Not publicly available,Jenn Armor,Chief Operating Officer,Not publicly available,https://www.regis.com.au/,Not publicly available,1300 998 100,From Food Service Assistant to Clinical Care Coordinator: Talwinder’s Inspiring Aged Care Career Journey,https://www.regis.com.au/newsroom-careers-talwinder/,https://www.ndiscommission.gov.au/provider-registration/find-registered-provider | https://www.regis.com.au/
REGIS AGED CARE PTY LTD,75125223645,private_company,Darwin,Not publicly available,Dr Imtiaz Bhayat,Chief Information Officer,Not publicly available,https://www.regis.com.au/,Not publicly available,1300 998 100,From Food Service Assistant to Clinical Care Coordinator: Talwinder’s Inspiring Aged Care Career Journey,https://www.regis.com.au/newsroom-careers-talwinder/,https://www.ndiscommission.gov.au/provider-registration/find-registered-provider | https://www.regis.com.au/
REGIS AGED CARE PTY LTD,75125223645,private_company,Darwin,Not publicly available,Filomena Ciavarella,"Executive General Manager, Quality and Care Excellence",Not publicly available,https://www.regis.com.au/,Not publicly available,1300 998 100,From Food Service Assistant to Clinical Care Coordinator: Talwinder’s Inspiring Aged Care Career Journey,https://www.regis.com.au/newsroom-careers-talwinder/,https://www.ndiscommission.gov.au/provider-registration/find-registered-provider | https://www.regis.com.au/
REGIS AGED CARE PTY LTD,75125223645,private_company,Darwin,Not publicly available,Jodie Haydon,Chief People Officer,Not publicly available,https://www.regis.com.au/,Not publicly available,1300 998 100,From Food Service Assistant to Clinical Care Coordinator: Talwinder’s Inspiring Aged Care Career Journey,https://www.regis.com.au/newsroom-careers-talwinder/,https://www.ndiscommission.gov.au/provider-registration/find-registered-provider | https://www.regis.com.au/
REGIS AGED CARE PTY LTD,75125223645,private_company,Darwin,Not publicly available,Stuart Hooper,Chief Financial Officer,Not publicly available,https://www.regis.com.au/,Not publicly available,1300 998 100,From Food Service Assistant to Clinical Care Coordinator: Talwinder’s Inspiring Aged Care Career Journey,https://www.regis.com.au/newsroom-careers-talwinder/,https://www.ndiscommission.gov.au/provider-registration/find-registered-provider | https://www.regis.com.au/
REGIS AGED CARE PTY LTD,75125223645,private_company,Darwin,Not publicly available,Malcolm Ross,General Counsel and Company Secretary,Not publicly available,https://www.regis.com.au/,Not publicly available,1300 998 100,From Food Service Assistant to Clinical Care Coordinator: Talwinder’s Inspiring Aged Care Career Journey,https://www.regis.com.au/newsroom-careers-talwinder/,https://www.ndiscommission.gov.au/provider-registration/find-registered-provider | https://www.regis.com.au/
REGIS AGED CARE PTY LTD,75125223645,private_company,Darwin,Not publicly available,Georgia Willis,Executive General Manager – Property,Not publicly available,https://www.regis.com.au/,Not publicly available,1300 998 100,From Food Service Assistant to Clinical Care Coordinator: Talwinder’s Inspiring Aged Care Career Journey,https://www.regis.com.au/newsroom-careers-talwinder/,https://www.ndiscommission.gov.au/provider-registration/find-registered-provider | https://www.regis.com.au/
Sacred Business Services Pty Ltd,72630144811,private_company,"Darwin, Katherine",Not publicly available,,,Not publicly available,https://sacredbusinessservices.com.au/,Not publicly available,+610410585923,,,https://www.ndiscommission.gov.au/provider-registration/find-registered-provider | https://sacredbusinessservices.com.au/
SAHARA COMMUNITY SUPPORT PTY LTD,35678485580,private_company,Darwin,Not publicly available,,,Not publicly available,https://www.saharacommunitysupport.com.au/,Not publicly available,+610420422687,,,https://www.ndiscommission.gov.au/provider-registration/find-registered-provider | https://www.saharacommunitysupport.com.au/
SASCO CARE PTY LTD,83692160982,private_company,Darwin,Not publicly available,,,Not publicly available,Not publicly available,Not publicly available,Not publicly available,,,https://www.ndiscommission.gov.au/provider-registration/find-registered-provider
Secure Care Partners,81670327849,private_company,Alice Springs,Not publicly available,,,Not publicly available,Not publicly available,Not publicly available,Not publicly available,,,https://www.ndiscommission.gov.au/provider-registration/find-registered-provider
SAL CONSULTING NT PTY LTD,13634298776,private_company,Darwin,Not publicly available,,,user@domain.com,https://www.salconsulting.com.au/,https://www.linkedin.com/company/sal-consulting,+611300851795,,,https://www.ndiscommission.gov.au/provider-registration/find-registered-provider | https://www.salconsulting.com.au/
SHALOM BLESSINGS COMMUNITY CARE PTY LTD,95672521765,private_company,Alice Springs,Not publicly available,,,Not publicly available,Not publicly available,Not publicly available,+610424837710,,,https://www.ndiscommission.gov.au/provider-registration/find-registered-provider
SALTWATER SUPPORT SERVICES PTY LTD,41675901621,private_company,Other NT,Not publicly available,,,Not publicly available,https://saltwatersupportservices.com/services-2,Not publicly available,0422574960,,,https://www.ndiscommission.gov.au/provider-registration/find-registered-provider | https://saltwatersupportservices.com/services-2
SEVA COMMUNITY SERVICES,51676678158,private_company,Other NT,Not publicly available,,,Not publicly available,https://www.sevacommnunity.com.au,Not publicly available,+610424104600,,,https://www.ndiscommission.gov.au/provider-registration/find-registered-provider
SOUND COUNSELLING & SUPERVISION SERVICES PTY LTD,24678001048,private_company,Other NT,Not publicly available,,,Not publicly available,Not publicly available,Not publicly available,+610404011493,,,https://www.ndiscommission.gov.au/provider-registration/find-registered-provider
SPRINGSIDE SERVICES PTY LTD,28659146782,private_company,Alice Springs,Not publicly available,,,Not publicly available,Not publicly available,Not publicly available,Not publicly available,,,https://www.ndiscommission.gov.au/provider-registration/find-registered-provider
STRIVE SUPPORT GROUP,61665772789,private_company,Darwin,Not publicly available,,,Not publicly available,Not publicly available,Not publicly available,Not publicly available,,,https://www.ndiscommission.gov.au/provider-registration/find-registered-provider
SUNSET CARE SERVICES PTY LTD,77660802540,private_company,Alice Springs,Not publicly available,,,Not publicly available,Not publicly available,Not publicly available,+611300308953,,,https://www.ndiscommission.gov.au/provider-registration/find-registered-provider
SUNSHINE HOUSE RESPITE CARE PTY LTD,38641509417,private_company,Katherine,Not publicly available,,,Not publicly available,Not publicly available,Not publicly available,+610428745857,,,https://www.ndiscommission.gov.au/provider-registration/find-registered-provider
Skyring SDA PTY LTD,92670407646,private_company,Other NT,Not publicly available,,,support@skyringsda.com.au,https://skyringsda.com.au/,Not publicly available,1800 471 041,,,https://www.ndiscommission.gov.au/provider-registration/find-registered-provider | https://skyringsda.com.au/
SAMAF ACCOUNTANTS & CONSULTANTS,76641389399,private_company,Darwin,Not publicly available,Ali Dhirani,DIRECTOR,Not publicly available,https://samaf.com.au/,Not publicly available,+610459789085,,,https://www.ndiscommission.gov.au/provider-registration/find-registered-provider | https://samaf.com.au/
SAMAF ACCOUNTANTS & CONSULTANTS,76641389399,private_company,Darwin,Not publicly available,Manfred Mletsin,CHIEF OPERATING OFFICER,Not publicly available,https://samaf.com.au/,Not publicly available,+610459789085,,,https://www.ndiscommission.gov.au/provider-registration/find-registered-provider | https://samaf.com.au/
SAMAF ACCOUNTANTS & CONSULTANTS,76641389399,private_company,Darwin,Not publicly available,DAVID MAKOWA,CONSULTANT - TAXATION,Not publicly available,https://samaf.com.au/,Not publicly available,+610459789085,,,https://www.ndiscommission.gov.au/provider-registration/find-registered-provider | https://samaf.com.au/
SAMAF ACCOUNTANTS & CONSULTANTS,76641389399,private_company,Darwin,Not publicly available,TAKUNDA CHIDUKU,CONSULTANT - AUDITOR,Not publicly available,https://samaf.com.au/,Not publicly available,+610459789085,,,https://www.ndiscommission.gov.au/provider-registration/find-registered-provider | https://samaf.com.au/
SAMAF ACCOUNTANTS & CONSULTANTS,76641389399,private_company,Darwin,Not publicly available,BERNARD TAN,CONSULTANT,Not publicly available,https://samaf.com.au/,Not publicly available,+610459789085,,,https://www.ndiscommission.gov.au/provider-registration/find-registered-provider | https://samaf.com.au/
Shaping Futures NT Pty Ltd,19166170930,private_company,Darwin,Not publicly available,Jenny Dignan,Director,Not publicly available,https://shapingfutures.com.au/,Not publicly available,0439 680 850,,,https://www.ndiscommission.gov.au/provider-registration/find-registered-provider | https://shapingfutures.com.au/
Shaping Futures NT Pty Ltd,19166170930,private_company,Darwin,Not publicly available,Alana Michell,Director,Not publicly available,https://shapingfutures.com.au/,Not publicly available,0439 680 850,,,https://www.ndiscommission.gov.au/provider-registration/find-registered-provider | https://shapingfutures.com.au/
SURE MERCY COMMUNITY SERVICES,13655097082,private_company,Other NT,Not publicly available,,,info@suremercy.com.au,https://suremercy.com.au/,Not publicly available,1800 864 993,,,https://www.ndiscommission.gov.au/provider-registration/find-registered-provider | https://suremercy.com.au/
SUPPORTPLACE,95641058924,private_company,Palmerston,Not publicly available,,,Not publicly available,https://www.supportplacevic.com.au,Not publicly available,+610411659141,,,https://www.ndiscommission.gov.au/provider-registration/find-registered-provider
Territory Disability Services,11119014292,private_company,Alice Springs,Not publicly available,,,Not publicly available,Not publicly available,Not publicly available,+610889523800,,,https://www.ndiscommission.gov.au/provider-registration/find-registered-provider
TERRITORY HEALTH & WELLBEING PTY LTD,45690526679,private_company,Katherine,Not publicly available,,,Not publicly available,https://territoryhw.com,Not publicly available,+610423511932,,,https://www.ndiscommission.gov.au/provider-registration/find-registered-provider
Supportive Choices Pty Ltd,33633879286,private_company,Other NT,Not publicly available,,,admin@supportivechoices.com.au,https://supportivechoices.com.au/,Not publicly available,0456 708 624,,,https://www.ndiscommission.gov.au/provider-registration/find-registered-provider | https://supportivechoices.com.au/
TERRITORY PLUS SUPPORT COORDINATION,44669601012,private_company,Other NT,Not publicly available,,,mkaur@territoryplus.com.au,https://territoryplus.com.au/,Not publicly available,0498 024 393,,,https://www.ndiscommission.gov.au/provider-registration/find-registered-provider | https://territoryplus.com.au/
SUPPORT PATHWAYS DISABILITY SERVICES PTY LTD,56679773132,private_company,Katherine,Not publicly available,,,Not publicly available,https://supportpathwaysdisability.com.au/,Not publicly available,+610469353246,,,https://www.ndiscommission.gov.au/provider-registration/find-registered-provider | https://supportpathwaysdisability.com.au/
TERRITORY TRUE SUPPORT SERVICES,31651797223,private_company,Palmerston,Not publicly available,,,Not publicly available,Not publicly available,Not publicly available,+610403400569,,,https://www.ndiscommission.gov.au/provider-registration/find-registered-provider
THE ABLE HUB PTY LTD,70635819322,private_company,Alice Springs,Not publicly available,,,Not publicly available,Not publicly available,Not publicly available,+610455364829,,,https://www.ndiscommission.gov.au/provider-registration/find-registered-provider
SYDNEY 24/7 CARE PTY LTD,90676089884,private_company,Darwin,Not publicly available,,,Not publicly available,https://www.sydney247care.com.au,Not publicly available,+610455355481,,,https://www.ndiscommission.gov.au/provider-registration/find-registered-provider
Territory Care and Support Services,29089411389,private_company,Alice Springs,Not publicly available,,,Not publicly available,https://tcass.com.au/,https://www.linkedin.com/company/territory-care-support-services,08 8927 3060,,,https://www.ndiscommission.gov.au/provider-registration/find-registered-provider | https://tcass.com.au/
THE HOME OF HEARTS AND ARTS COMMUNITY SERVICE PTY LTD,91674091911,private_company,Darwin,Not publicly available,,,Not publicly available,Not publicly available,Not publicly available,Not publicly available,,,https://www.ndiscommission.gov.au/provider-registration/find-registered-provider
Territory Therapy Solutions,80606740345,private_company,Other NT,Not publicly available,Aaron Muttukumaru,Business Manager,Not publicly available,https://www.territorytherapysolutions.com.au/,Not publicly available,08 8947 4180,New Graduate Speech Pathologist - Learn more about working with us!,https://www.territorytherapysolutions.com.au/employment/,https://www.ndiscommission.gov.au/provider-registration/find-registered-provider | https://www.territorytherapysolutions.com.au/
Territory Therapy Solutions,80606740345,private_company,Other NT,Not publicly available,Karen Dempsey,Occupational Therapist – Team Leader,Not publicly available,https://www.territorytherapysolutions.com.au/,Not publicly available,08 8947 4180,New Graduate Speech Pathologist - Learn more about working with us!,https://www.territorytherapysolutions.com.au/employment/,https://www.ndiscommission.gov.au/provider-registration/find-registered-provider | https://www.territorytherapysolutions.com.au/
Territory Therapy Solutions,80606740345,private_company,Other NT,Not publicly available,Vivion Allen,Occupational Therapist,Not publicly available,https://www.territorytherapysolutions.com.au/,Not publicly available,08 8947 4180,New Graduate Speech Pathologist - Learn more about working with us!,https://www.territorytherapysolutions.com.au/employment/,https://www.ndiscommission.gov.au/provider-registration/find-registered-provider | https://www.territorytherapysolutions.com.au/
Territory Therapy Solutions,80606740345,private_company,Other NT,Not publicly available,Lilli Rasheed,Senior Occupational Therapist,Not publicly available,https://www.territorytherapysolutions.com.au/,Not publicly available,08 8947 4180,New Graduate Speech Pathologist - Learn more about working with us!,https://www.territorytherapysolutions.com.au/employment/,https://www.ndiscommission.gov.au/provider-registration/find-registered-provider | https://www.territorytherapysolutions.com.au/
Territory Therapy Solutions,80606740345,private_company,Other NT,Not publicly available,Chloe Hodgkinson,Occupational Therapist,Not publicly available,https://www.territorytherapysolutions.com.au/,Not publicly available,08 8947 4180,New Graduate Speech Pathologist - Learn more about working with us!,https://www.territorytherapysolutions.com.au/employment/,https://www.ndiscommission.gov.au/provider-registration/find-registered-provider | https://www.territorytherapysolutions.com.au/
Territory Therapy Solutions,80606740345,private_company,Other NT,Not publicly available,Jacqui Culgan,Occupational Therapist,Not publicly available,https://www.territorytherapysolutions.com.au/,Not publicly available,08 8947 4180,New Graduate Speech Pathologist - Learn more about working with us!,https://www.territorytherapysolutions.com.au/employment/,https://www.ndiscommission.gov.au/provider-registration/find-registered-provider | https://www.territorytherapysolutions.com.au/
Territory Therapy Solutions,80606740345,private_company,Other NT,Not publicly available,Sarah O'Connor,Speech Pathologist – Team Leader,Not publicly available,https://www.territorytherapysolutions.com.au/,Not publicly available,08 8947 4180,New Graduate Speech Pathologist - Learn more about working with us!,https://www.territorytherapysolutions.com.au/employment/,https://www.ndiscommission.gov.au/provider-registration/find-registered-provider | https://www.territorytherapysolutions.com.au/
Territory Therapy Solutions,80606740345,private_company,Other NT,Not publicly available,Alicia Brown,Executive Assistant,Not publicly available,https://www.territorytherapysolutions.com.au/,Not publicly available,08 8947 4180,New Graduate Speech Pathologist - Learn more about working with us!,https://www.territorytherapysolutions.com.au/employment/,https://www.ndiscommission.gov.au/provider-registration/find-registered-provider | https://www.territorytherapysolutions.com.au/
Territory Therapy Solutions,80606740345,private_company,Other NT,Not publicly available,Speech Pathologist,Team Leader,Not publicly available,https://www.territorytherapysolutions.com.au/,Not publicly available,08 8947 4180,New Graduate Speech Pathologist - Learn more about working with us!,https://www.territorytherapysolutions.com.au/employment/,https://www.ndiscommission.gov.au/provider-registration/find-registered-provider | https://www.territorytherapysolutions.com.au/
Territory Therapy Solutions,80606740345,private_company,Other NT,Not publicly available,Shayde Love-Linay,Senior Physiotherapist – Team Leader,Not publicly available,https://www.territorytherapysolutions.com.au/,Not publicly available,08 8947 4180,New Graduate Speech Pathologist - Learn more about working with us!,https://www.territorytherapysolutions.com.au/employment/,https://www.ndiscommission.gov.au/provider-registration/find-registered-provider | https://www.territorytherapysolutions.com.au/
Territory Therapy Solutions,80606740345,private_company,Other NT,Not publicly available,Senior Physiotherapist,Team Leader,Not publicly available,https://www.territorytherapysolutions.com.au/,Not publicly available,08 8947 4180,New Graduate Speech Pathologist - Learn more about working with us!,https://www.territorytherapysolutions.com.au/employment/,https://www.ndiscommission.gov.au/provider-registration/find-registered-provider | https://www.territorytherapysolutions.com.au/
THE REHAB CENTRE PTY LTD,96681556963,private_company,Other NT,Not publicly available,,,Not publicly available,Not publicly available,Not publicly available,+610432030223,,,https://www.ndiscommission.gov.au/provider-registration/find-registered-provider
THE GOOD FIGHT COMMUNITY SERVICES PTY LTD,98673557849,private_company,Palmerston,Not publicly available,James Austin,Founder & Managing Director,Not publicly available,https://www.thegoodfightnt.com.au/,Not publicly available,0401 558 105,,,https://www.ndiscommission.gov.au/provider-registration/find-registered-provider | https://www.thegoodfightnt.com.au/
The Little Tree Group Pty Ltd,14675031991,private_company,Darwin,Not publicly available,,,admin@thelittletree.com.au,https://www.thelittletree.com.au/,Not publicly available,0405 093 036,,,https://www.ndiscommission.gov.au/provider-registration/find-registered-provider | https://www.thelittletree.com.au/
TOGETHER FOR BETTER LIVING SERVICES PTY LTD.,70688189148,private_company,Other NT,Not publicly available,,,Not publicly available,Not publicly available,Not publicly available,Not publicly available,,,https://www.ndiscommission.gov.au/provider-registration/find-registered-provider
The Nappy Shop Australia Pty Ltd,60105476668,private_company,Other NT,Not publicly available,,,orders@thenappyshop.com.au,https://www.thenappyshop.com.au/,Not publicly available,+611300627797,,,https://www.ndiscommission.gov.au/provider-registration/find-registered-provider | https://www.thenappyshop.com.au/
TIWI SUPPORT SERVICES PTY LTD,36655294447,private_company,Darwin,Not publicly available,,,info@tiwisupport.com.au,https://www.tiwisupport.com.au/,Not publicly available,Not publicly available,,,https://www.ndiscommission.gov.au/provider-registration/find-registered-provider | https://www.tiwisupport.com.au/
TK COMMUNITY CARE SERVICES PTY LTD,99624923753,private_company,"Darwin, Palmerston",Not publicly available,,,enquiry@tkcommunitycare.com.au,https://tkcommunitycare.com.au/,https://www.linkedin.com/company/tk-community-care-services-pty-ltd,+610491474859,We are currently seeking a NDIS support coordinator superstar!,https://tkcommunitycare.com.au/careers/,https://www.ndiscommission.gov.au/provider-registration/find-registered-provider | https://tkcommunitycare.com.au/
Top End Disability Services,36648487218,private_company,Other NT,Not publicly available,,,Not publicly available,Not publicly available,Not publicly available,+610447508646,,,https://www.ndiscommission.gov.au/provider-registration/find-registered-provider
TOP DISABILITY SERVICES PTY. LTD.,99651713245,private_company,Alice Springs,Not publicly available,,,Not publicly available,https://www.tdsnt.com.au,Not publicly available,Not publicly available,,,https://www.ndiscommission.gov.au/provider-registration/find-registered-provider
Top End Support Coordination,78642061121,private_company,Darwin,Not publicly available,,,Not publicly available,https://www.topendsupportcoordination.com,Not publicly available,Not publicly available,,,https://www.ndiscommission.gov.au/provider-registration/find-registered-provider
Territory Health and Support PTY LTD,83639047662,private_company,Darwin,Not publicly available,,,info@thsnt.com.au,https://thsnt.com.au/,Not publicly available,0430 600 847,,,https://www.ndiscommission.gov.au/provider-registration/find-registered-provider | https://thsnt.com.au/
TOP END ALLIED HEALTH SERVICES PTY LTD,50626343468,private_company,Palmerston,Not publicly available,,,referrals@topendalliedhealth.com.au,https://www.topendalliedhealth.com.au/,Not publicly available,0484 705 911,,,https://www.ndiscommission.gov.au/provider-registration/find-registered-provider | https://www.topendalliedhealth.com.au/
TOUCHING LIVES COMMUNITY SERVICES,87647494371,private_company,"Darwin, Palmerston",Not publicly available,,,Not publicly available,https://touchinglivescommunityservices.com.au/,Not publicly available,+610483874808,,,https://www.ndiscommission.gov.au/provider-registration/find-registered-provider | https://touchinglivescommunityservices.com.au/
TRACKS Care,51677826738,private_company,Darwin,Not publicly available,,,Not publicly available,https://www.trackscare.com.au/,Not publicly available,+610497356574,,,https://www.ndiscommission.gov.au/provider-registration/find-registered-provider | https://www.trackscare.com.au/
TRINITY SCOPE AND SUPPORTS,23644676040,private_company,Palmerston,Not publicly available,,,Not publicly available,Not publicly available,Not publicly available,+610466403056,,,https://www.ndiscommission.gov.au/provider-registration/find-registered-provider
TRIO SUPPORT,53651155332,private_company,Other NT,Not publicly available,,,Not publicly available,Not publicly available,Not publicly available,Not publicly available,,,https://www.ndiscommission.gov.au/provider-registration/find-registered-provider
TOWARDS THE HORIZON PTY LTD,80641064020,private_company,Darwin,Not publicly available,,,enquiries@towardsthehorizon.com.au,https://towardsthehorizon.com.au/,Not publicly available,+61 448 724 591,,,https://www.ndiscommission.gov.au/provider-registration/find-registered-provider | https://towardsthehorizon.com.au/
TOP CARE COMMUNITY SERVICES PTY LTD,63643476279,private_company,"Palmerston, Alice Springs",Not publicly available,,,admin@topcarecs.com.au,https://topcarecs.com.au/,Not publicly available,0458 734 616,,,https://www.ndiscommission.gov.au/provider-registration/find-registered-provider | https://topcarecs.com.au/
TRAUMA INFORMED CARE,37647513586,private_company,Darwin,Not publicly available,,,Not publicly available,https://www.traumainformedsupports.com.au,Not publicly available,+610477703109,,,https://www.ndiscommission.gov.au/provider-registration/find-registered-provider
STRIVE WITH CARE PTY LTD,19667608380,private_company,Palmerston,Not publicly available,,,Not publicly available,https://strivewithcare.com.au,Not publicly available,+610402175348,,,https://www.ndiscommission.gov.au/provider-registration/find-registered-provider
Unique Care and Support Services,71671669122,private_company,Darwin,Not publicly available,,,Not publicly available,Not publicly available,Not publicly available,+610421596955,,,https://www.ndiscommission.gov.au/provider-registration/find-registered-provider
TRUELINK COMMUNITY SERVICES PTY LTD,97631869942,private_company,Palmerston,Not publicly available,,,admin@tlcsnt.com.au,https://truelinkcommunityservices.com.au/,Not publicly available,+610436527156,,,https://www.ndiscommission.gov.au/provider-registration/find-registered-provider | https://truelinkcommunityservices.com.au/
Unidex Healthcare Recruitment,22097510926,private_company,Darwin,Not publicly available,,,Not publicly available,https://www.unidexhealthcare.com.au,Not publicly available,+610415922628,,,https://www.ndiscommission.gov.au/provider-registration/find-registered-provider
UNITY IN DIVERSITY SERVICES PTY LTD,13661557642,private_company,Darwin,Not publicly available,,,Not publicly available,Not publicly available,Not publicly available,Not publicly available,,,https://www.ndiscommission.gov.au/provider-registration/find-registered-provider
UNLIMITED COMMUNITY CARE SERVICES PTY LTD,39694132271,private_company,Darwin,Not publicly available,,,Not publicly available,Not publicly available,Not publicly available,+610415041241,,,https://www.ndiscommission.gov.au/provider-registration/find-registered-provider
Trusted Community Support Pty Ltd,12673540335,private_company,Palmerston,Not publicly available,,,Not publicly available,https://www.tcscare.com.au/cgi-sys/suspendedpage.cgi,Not publicly available,+610484128529,,,https://www.ndiscommission.gov.au/provider-registration/find-registered-provider | https://www.tcscare.com.au/cgi-sys/suspendedpage.cgi
VALUES AND BELIEFS PTY LTD,70656500668,private_company,Katherine,Not publicly available,,,Not publicly available,Not publicly available,Not publicly available,Not publicly available,,,https://www.ndiscommission.gov.au/provider-registration/find-registered-provider
UNITED COMMUNITY PTY LTD,20670532457,private_company,Alice Springs,Not publicly available,,,Not publicly available,https://ucadelaide.com,Not publicly available,+610431755979,,,https://www.ndiscommission.gov.au/provider-registration/find-registered-provider
VALUE CARE COMMUNITY SUPPORT SERVICES PTY LTD.,92668108003,private_company,Other NT,Not publicly available,,,Not publicly available,https://valuecarecommunitysupportservices.com.au/,Not publicly available,+610479142996,,,https://www.ndiscommission.gov.au/provider-registration/find-registered-provider | https://valuecarecommunitysupportservices.com.au/
Veritable Pty. Ltd.,16630970419,private_company,"Darwin, Alice Springs",Not publicly available,,,Not publicly available,https://veritable.com.au/,https://www.linkedin.com/company/veritableptyltd,+610439118283,,,https://www.ndiscommission.gov.au/provider-registration/find-registered-provider | https://veritable.com.au/
Vitality Health and Rehab Pty Ltd,43946985177,private_company,Darwin,Not publicly available,,,admin@vitalityhealthrehab.com.au,https://www.vitalityhealthrehab.com.au/,Not publicly available,0477 193 541,,,https://www.ndiscommission.gov.au/provider-registration/find-registered-provider | https://www.vitalityhealthrehab.com.au/
Walk By Faith Pathways,54668738109,private_company,Other NT,Not publicly available,,,Not publicly available,Not publicly available,Not publicly available,+610469422969,,,https://www.ndiscommission.gov.au/provider-registration/find-registered-provider
WE CARE APPROACHES,42683740427,private_company,Other NT,Not publicly available,,,Not publicly available,Not publicly available,Not publicly available,+610424646387,,,https://www.ndiscommission.gov.au/provider-registration/find-registered-provider
UNITED NT DISABILITY SERVICES PTY LTD,15639893477,private_company,"Darwin, Palmerston",Not publicly available,Tarun Nanda,CEO,Not publicly available,https://unitedntds.com.au/,Not publicly available,1800 000 230,,,https://www.ndiscommission.gov.au/provider-registration/find-registered-provider | https://unitedntds.com.au/
UNITED NT DISABILITY SERVICES PTY LTD,15639893477,private_company,"Darwin, Palmerston",Not publicly available,Gary Cooper,Director of Operations,Not publicly available,https://unitedntds.com.au/,Not publicly available,1800 000 230,,,https://www.ndiscommission.gov.au/provider-registration/find-registered-provider | https://unitedntds.com.au/
WE CARE FOR YOU DISABILITY SERVICES PTY LTD,62680503799,private_company,Tennant Creek,Not publicly available,,,Not publicly available,https://wecareforyou.org.au/,Not publicly available,Not publicly available,,,https://www.ndiscommission.gov.au/provider-registration/find-registered-provider
WEALTHMAX TAX ACCOUNTANTS PTY LTD,55618450856,private_company,Darwin,Not publicly available,,,Not publicly available,https://www.wealthmaxgroup.com.au,Not publicly available,+610889481153,,,https://www.ndiscommission.gov.au/provider-registration/find-registered-provider
VITAL TIME CARE PTY LTD,28642331959,private_company,Palmerston,Not publicly available,,,contact@domain.com,https://vitaltimecare.com.au/,Not publicly available,0417 217 012,,,https://www.ndiscommission.gov.au/provider-registration/find-registered-provider | https://vitaltimecare.com.au/
ULTIMATE CARE COMMUNITY SERVICES PTY LTD,30673746668,private_company,Other NT,Not publicly available,,,admin@ultimatecarent.com.au,https://ultimatecarent.com.au/,Not publicly available,+610461524954,,,https://www.ndiscommission.gov.au/provider-registration/find-registered-provider | https://ultimatecarent.com.au/
WERISE SUPPORT PTY LTD,67682375748,private_company,Darwin,Not publicly available,,,Not publicly available,Not publicly available,Not publicly available,+610432298248,,,https://www.ndiscommission.gov.au/provider-registration/find-registered-provider
WA South West Plan Managers,66665631354,private_company,Other NT,Not publicly available,,,info@swplanmanagers.com.au,https://swplanmanagers.com.au/,Not publicly available,08 6182 1781,,,https://www.ndiscommission.gov.au/provider-registration/find-registered-provider | https://swplanmanagers.com.au/
WELFARE CONNECTIONS AUSTRALIA PTY LTD,51683661903,private_company,Other NT,Not publicly available,,,Not publicly available,https://www.welfareconnections.com.au/,Not publicly available,+610422984322,,,https://www.ndiscommission.gov.au/provider-registration/find-registered-provider | https://www.welfareconnections.com.au/
WINGS COMMUNITY SERVICES PTY LTD,26670981683,private_company,Other NT,Not publicly available,,,admin@wingscommunityservices.com.au,https://www.wingscommunityservices.com.au/,Not publicly available,+61 456 881 850,,,https://www.ndiscommission.gov.au/provider-registration/find-registered-provider | https://www.wingscommunityservices.com.au/
YOU ARE IMPORTANT PTY. LTD.,39609413550,private_company,Palmerston,Not publicly available,,,Not publicly available,Not publicly available,Not publicly available,Not publicly available,,,https://www.ndiscommission.gov.au/provider-registration/find-registered-provider
WEKARE DISABILITY SUPPORT GROUP PTY LTD.,58641913260,private_company,Alice Springs,Not publicly available,,,info@wekaredisability.com.au,https://wekaredisability.com.au/,Not publicly available,+610435748227,,,https://www.ndiscommission.gov.au/provider-registration/find-registered-provider | https://wekaredisability.com.au/
westlink cleaning pty ltd,21645574385,private_company,Darwin,Not publicly available,,,info@westlinkservices.com.au,https://westlinkservices.com.au/,https://www.linkedin.com/company/westlink-services,+61 416-187-900,,,https://www.ndiscommission.gov.au/provider-registration/find-registered-provider | https://westlinkservices.com.au/
ZENITH LIVING PTY LTD,22652695915,private_company,Alice Springs,Not publicly available,,,Not publicly available,Not publicly available,Not publicly available,Not publicly available,,,https://www.ndiscommission.gov.au/provider-registration/find-registered-provider
Xtremecare Australia Healthcare Service Pty Ltd,97890960021,private_company,Other NT,Not publicly available,Marjorie Tatipata,Director of Allied Health and Business Development,Not publicly available,https://xtremecareaustralia.com.au/,Not publicly available,07 5514 6500,NDIS plan Manager,https://www.seek.com.au/job/84859381?ref=hirer-success-posting&_gl=1*1valh98*_gcl_aw*R0NMLjE3NDk2OTAxMTYuQ2owS0NRancwcVRDQmhDbUFSSXNBQWo4QzRiZmRCYXAzUHdGTm5pakZjLVBYN1FNaUJoc3d1czVHTDlGZ09TenByZTdUTW9FV1lsU1dXb2FBcExGRUFMd193Y0I.*_gcl_dc*R0NMLjE3NDk2OTAxMTYuQ2owS0NRancwcVRDQmhDbUFSSXNBQWo4QzRiZmRCYXAzUHdGTm5pakZjLVBYN1FNaUJoc3d1czVHTDlGZ09TenByZTdUTW9FV1lsU1dXb2FBcExGRUFMd193Y0I.*_gcl_au*NjgxMzM5ODQxLjE3NDk1MzIxMzIuNTIzMjc3OTI3LjE3NDk2OTIyMjQuMTc0OTY5MjI2Ng..*_ga*Mzg3MzAyNDUxLjE3NDk1MzIxMjk.*_ga_JYC9JXRYWC*czE3NDk2OTAwMzckbzIkZzEkdDE3NDk2OTI4OTIkajYwJGwwJGgw,https://www.ndiscommission.gov.au/provider-registration/find-registered-provider | https://xtremecareaustralia.com.au/
Xtremecare Australia Healthcare Service Pty Ltd,97890960021,private_company,Other NT,Not publicly available,William Tatipata,Finance Officer,Not publicly available,https://xtremecareaustralia.com.au/,Not publicly available,07 5514 6500,NDIS plan Manager,https://www.seek.com.au/job/84859381?ref=hirer-success-posting&_gl=1*1valh98*_gcl_aw*R0NMLjE3NDk2OTAxMTYuQ2owS0NRancwcVRDQmhDbUFSSXNBQWo4QzRiZmRCYXAzUHdGTm5pakZjLVBYN1FNaUJoc3d1czVHTDlGZ09TenByZTdUTW9FV1lsU1dXb2FBcExGRUFMd193Y0I.*_gcl_dc*R0NMLjE3NDk2OTAxMTYuQ2owS0NRancwcVRDQmhDbUFSSXNBQWo4QzRiZmRCYXAzUHdGTm5pakZjLVBYN1FNaUJoc3d1czVHTDlGZ09TenByZTdUTW9FV1lsU1dXb2FBcExGRUFMd193Y0I.*_gcl_au*NjgxMzM5ODQxLjE3NDk1MzIxMzIuNTIzMjc3OTI3LjE3NDk2OTIyMjQuMTc0OTY5MjI2Ng..*_ga*Mzg3MzAyNDUxLjE3NDk1MzIxMjk.*_ga_JYC9JXRYWC*czE3NDk2OTAwMzckbzIkZzEkdDE3NDk2OTI4OTIkajYwJGwwJGgw,https://www.ndiscommission.gov.au/provider-registration/find-registered-provider | https://xtremecareaustralia.com.au/
Xtremecare Australia Healthcare Service Pty Ltd,97890960021,private_company,Other NT,Not publicly available,Tiffany Trindall,Support Coordinator,Not publicly available,https://xtremecareaustralia.com.au/,Not publicly available,07 5514 6500,NDIS plan Manager,https://www.seek.com.au/job/84859381?ref=hirer-success-posting&_gl=1*1valh98*_gcl_aw*R0NMLjE3NDk2OTAxMTYuQ2owS0NRancwcVRDQmhDbUFSSXNBQWo4QzRiZmRCYXAzUHdGTm5pakZjLVBYN1FNaUJoc3d1czVHTDlGZ09TenByZTdUTW9FV1lsU1dXb2FBcExGRUFMd193Y0I.*_gcl_dc*R0NMLjE3NDk2OTAxMTYuQ2owS0NRancwcVRDQmhDbUFSSXNBQWo4QzRiZmRCYXAzUHdGTm5pakZjLVBYN1FNaUJoc3d1czVHTDlGZ09TenByZTdUTW9FV1lsU1dXb2FBcExGRUFMd193Y0I.*_gcl_au*NjgxMzM5ODQxLjE3NDk1MzIxMzIuNTIzMjc3OTI3LjE3NDk2OTIyMjQuMTc0OTY5MjI2Ng..*_ga*Mzg3MzAyNDUxLjE3NDk1MzIxMjk.*_ga_JYC9JXRYWC*czE3NDk2OTAwMzckbzIkZzEkdDE3NDk2OTI4OTIkajYwJGwwJGgw,https://www.ndiscommission.gov.au/provider-registration/find-registered-provider | https://xtremecareaustralia.com.au/
Xtremecare Australia Healthcare Service Pty Ltd,97890960021,private_company,Other NT,Not publicly available,Malakai Tatipata,Support Coordinator,Not publicly available,https://xtremecareaustralia.com.au/,Not publicly available,07 5514 6500,NDIS plan Manager,https://www.seek.com.au/job/84859381?ref=hirer-success-posting&_gl=1*1valh98*_gcl_aw*R0NMLjE3NDk2OTAxMTYuQ2owS0NRancwcVRDQmhDbUFSSXNBQWo4QzRiZmRCYXAzUHdGTm5pakZjLVBYN1FNaUJoc3d1czVHTDlGZ09TenByZTdUTW9FV1lsU1dXb2FBcExGRUFMd193Y0I.*_gcl_dc*R0NMLjE3NDk2OTAxMTYuQ2owS0NRancwcVRDQmhDbUFSSXNBQWo4QzRiZmRCYXAzUHdGTm5pakZjLVBYN1FNaUJoc3d1czVHTDlGZ09TenByZTdUTW9FV1lsU1dXb2FBcExGRUFMd193Y0I.*_gcl_au*NjgxMzM5ODQxLjE3NDk1MzIxMzIuNTIzMjc3OTI3LjE3NDk2OTIyMjQuMTc0OTY5MjI2Ng..*_ga*Mzg3MzAyNDUxLjE3NDk1MzIxMjk.*_ga_JYC9JXRYWC*czE3NDk2OTAwMzckbzIkZzEkdDE3NDk2OTI4OTIkajYwJGwwJGgw,https://www.ndiscommission.gov.au/provider-registration/find-registered-provider | https://xtremecareaustralia.com.au/
Xtremecare Australia Healthcare Service Pty Ltd,97890960021,private_company,Other NT,Not publicly available,Kali McKeown,Support Coordinator,Not publicly available,https://xtremecareaustralia.com.au/,Not publicly available,07 5514 6500,NDIS plan Manager,https://www.seek.com.au/job/84859381?ref=hirer-success-posting&_gl=1*1valh98*_gcl_aw*R0NMLjE3NDk2OTAxMTYuQ2owS0NRancwcVRDQmhDbUFSSXNBQWo4QzRiZmRCYXAzUHdGTm5pakZjLVBYN1FNaUJoc3d1czVHTDlGZ09TenByZTdUTW9FV1lsU1dXb2FBcExGRUFMd193Y0I.*_gcl_dc*R0NMLjE3NDk2OTAxMTYuQ2owS0NRancwcVRDQmhDbUFSSXNBQWo4QzRiZmRCYXAzUHdGTm5pakZjLVBYN1FNaUJoc3d1czVHTDlGZ09TenByZTdUTW9FV1lsU1dXb2FBcExGRUFMd193Y0I.*_gcl_au*NjgxMzM5ODQxLjE3NDk1MzIxMzIuNTIzMjc3OTI3LjE3NDk2OTIyMjQuMTc0OTY5MjI2Ng..*_ga*Mzg3MzAyNDUxLjE3NDk1MzIxMjk.*_ga_JYC9JXRYWC*czE3NDk2OTAwMzckbzIkZzEkdDE3NDk2OTI4OTIkajYwJGwwJGgw,https://www.ndiscommission.gov.au/provider-registration/find-registered-provider | https://xtremecareaustralia.com.au/
Xtremecare Australia Healthcare Service Pty Ltd,97890960021,private_company,Other NT,Not publicly available,Nina Barker,Occupational Therapist,Not publicly available,https://xtremecareaustralia.com.au/,Not publicly available,07 5514 6500,NDIS plan Manager,https://www.seek.com.au/job/84859381?ref=hirer-success-posting&_gl=1*1valh98*_gcl_aw*R0NMLjE3NDk2OTAxMTYuQ2owS0NRancwcVRDQmhDbUFSSXNBQWo4QzRiZmRCYXAzUHdGTm5pakZjLVBYN1FNaUJoc3d1czVHTDlGZ09TenByZTdUTW9FV1lsU1dXb2FBcExGRUFMd193Y0I.*_gcl_dc*R0NMLjE3NDk2OTAxMTYuQ2owS0NRancwcVRDQmhDbUFSSXNBQWo4QzRiZmRCYXAzUHdGTm5pakZjLVBYN1FNaUJoc3d1czVHTDlGZ09TenByZTdUTW9FV1lsU1dXb2FBcExGRUFMd193Y0I.*_gcl_au*NjgxMzM5ODQxLjE3NDk1MzIxMzIuNTIzMjc3OTI3LjE3NDk2OTIyMjQuMTc0OTY5MjI2Ng..*_ga*Mzg3MzAyNDUxLjE3NDk1MzIxMjk.*_ga_JYC9JXRYWC*czE3NDk2OTAwMzckbzIkZzEkdDE3NDk2OTI4OTIkajYwJGwwJGgw,https://www.ndiscommission.gov.au/provider-registration/find-registered-provider | https://xtremecareaustralia.com.au/
Xtremecare Australia Healthcare Service Pty Ltd,97890960021,private_company,Other NT,Not publicly available,Jenny Kawangka,Support Coordinator,Not publicly available,https://xtremecareaustralia.com.au/,Not publicly available,07 5514 6500,NDIS plan Manager,https://www.seek.com.au/job/84859381?ref=hirer-success-posting&_gl=1*1valh98*_gcl_aw*R0NMLjE3NDk2OTAxMTYuQ2owS0NRancwcVRDQmhDbUFSSXNBQWo4QzRiZmRCYXAzUHdGTm5pakZjLVBYN1FNaUJoc3d1czVHTDlGZ09TenByZTdUTW9FV1lsU1dXb2FBcExGRUFMd193Y0I.*_gcl_dc*R0NMLjE3NDk2OTAxMTYuQ2owS0NRancwcVRDQmhDbUFSSXNBQWo4QzRiZmRCYXAzUHdGTm5pakZjLVBYN1FNaUJoc3d1czVHTDlGZ09TenByZTdUTW9FV1lsU1dXb2FBcExGRUFMd193Y0I.*_gcl_au*NjgxMzM5ODQxLjE3NDk1MzIxMzIuNTIzMjc3OTI3LjE3NDk2OTIyMjQuMTc0OTY5MjI2Ng..*_ga*Mzg3MzAyNDUxLjE3NDk1MzIxMjk.*_ga_JYC9JXRYWC*czE3NDk2OTAwMzckbzIkZzEkdDE3NDk2OTI4OTIkajYwJGwwJGgw,https://www.ndiscommission.gov.au/provider-registration/find-registered-provider | https://xtremecareaustralia.com.au/
Xtremecare Australia Healthcare Service Pty Ltd,97890960021,private_company,Other NT,Not publicly available,Cleo Chan,Occupational Therapist,Not publicly available,https://xtremecareaustralia.com.au/,Not publicly available,07 5514 6500,NDIS plan Manager,https://www.seek.com.au/job/84859381?ref=hirer-success-posting&_gl=1*1valh98*_gcl_aw*R0NMLjE3NDk2OTAxMTYuQ2owS0NRancwcVRDQmhDbUFSSXNBQWo4QzRiZmRCYXAzUHdGTm5pakZjLVBYN1FNaUJoc3d1czVHTDlGZ09TenByZTdUTW9FV1lsU1dXb2FBcExGRUFMd193Y0I.*_gcl_dc*R0NMLjE3NDk2OTAxMTYuQ2owS0NRancwcVRDQmhDbUFSSXNBQWo4QzRiZmRCYXAzUHdGTm5pakZjLVBYN1FNaUJoc3d1czVHTDlGZ09TenByZTdUTW9FV1lsU1dXb2FBcExGRUFMd193Y0I.*_gcl_au*NjgxMzM5ODQxLjE3NDk1MzIxMzIuNTIzMjc3OTI3LjE3NDk2OTIyMjQuMTc0OTY5MjI2Ng..*_ga*Mzg3MzAyNDUxLjE3NDk1MzIxMjk.*_ga_JYC9JXRYWC*czE3NDk2OTAwMzckbzIkZzEkdDE3NDk2OTI4OTIkajYwJGwwJGgw,https://www.ndiscommission.gov.au/provider-registration/find-registered-provider | https://xtremecareaustralia.com.au/
ASF CARE AND SUPPORT SERVICES,89897155264,sole_trader,Katherine,Not publicly available,,,Not publicly available,Not publicly available,Not publicly available,Not publicly available,,,https://www.ndiscommission.gov.au/provider-registration/find-registered-provider
Blue Sky Therapies,49887648104,sole_trader,Katherine,Not publicly available,,,Not publicly available,Not publicly available,Not publicly available,+610889711231,,,https://www.ndiscommission.gov.au/provider-registration/find-registered-provider
Cheeky Bum Nappies,59603287550,sole_trader,Tennant Creek,Not publicly available,,,Not publicly available,Not publicly available,Not publicly available,+610889621880,,,https://www.ndiscommission.gov.au/provider-registration/find-registered-provider
360Care,82270236891,sole_trader,Other NT,Not publicly available,,,Not publicly available,https://www.360care.com.au,Not publicly available,+610427626202,,,https://www.ndiscommission.gov.au/provider-registration/find-registered-provider
Woollybutt Specialist Services,24644212260,private_company,Palmerston,Not publicly available,Cherry Reynolds Woollybutt,Not publicly available,Not publicly available,https://www.woollybutt.au/,https://www.linkedin.com/in/cherry-reynolds-woollybutt,0422414716,,,https://www.ndiscommission.gov.au/provider-registration/find-registered-provider | https://www.woollybutt.au/
Healing Trust Hope Counselling,78694073505,sole_trader,Katherine,Not publicly available,,,Not publicly available,Not publicly available,Not publicly available,+610448332247,,,https://www.ndiscommission.gov.au/provider-registration/find-registered-provider
HOPEFUL HEARTS CARE SERVICES,41193569386,sole_trader,Alice Springs,Not publicly available,,,Not publicly available,Not publicly available,Not publicly available,Not publicly available,,,https://www.ndiscommission.gov.au/provider-registration/find-registered-provider
YOUR RIGHTS FIRST COMMUNITY SERVICES PTY LTD,38686553177,private_company,Other NT,Not publicly available,,,admin@yorf.com.au,https://yorf.com.au/,Not publicly available,0478 625 168,,,https://www.ndiscommission.gov.au/provider-registration/find-registered-provider | https://yorf.com.au/
LITTLE FRANKEE,97084274540,sole_trader,Palmerston,Not publicly available,,,Not publicly available,Not publicly available,Not publicly available,+610418302117,,,https://www.ndiscommission.gov.au/provider-registration/find-registered-provider
JA MANAGEMENT SERVICES,23629676422,sole_trader,Other NT,Not publicly available,,,Not publicly available,https://jamanagementservices.com.au/,Not publicly available,+610400882529,,,https://www.ndiscommission.gov.au/provider-registration/find-registered-provider | https://jamanagementservices.com.au/
Rachel Oliver (NT Integrated Therapy),52105952891,sole_trader,Darwin,Not publicly available,,,Not publicly available,Not publicly available,Not publicly available,+610438962556,,,https://www.ndiscommission.gov.au/provider-registration/find-registered-provider
SMARTER HAPPIER KIDS,50217603126,sole_trader,Alice Springs,Not publicly available,,,user@domain.com,https://www.smarterhappierkids.com/,Not publicly available,+610427744220,,,https://www.ndiscommission.gov.au/provider-registration/find-registered-provider | https://www.smarterhappierkids.com/
MY CARE PLAN MANAGER,66825073525,sole_trader,"Darwin, Palmerston, Alice Springs",Not publicly available,,,info@mcpm.net.au,https://mcpm.net.au/,Not publicly available,+610290943364,,,https://www.ndiscommission.gov.au/provider-registration/find-registered-provider | https://mcpm.net.au/
PHORA AUSTRALIA,46855321276,sole_trader,Alice Springs,Not publicly available,,,Not publicly available,https://www.phoraaustralia.com.au,Not publicly available,+610473804574,,,https://www.ndiscommission.gov.au/provider-registration/find-registered-provider
GT Solutions Holistic Support,87756144763,sole_trader,Alice Springs,Not publicly available,,,Not publicly available,https://www.gtshs.com.au/,Not publicly available,+610427032151,,,https://www.ndiscommission.gov.au/provider-registration/find-registered-provider | https://www.gtshs.com.au/
Stepping Stones In Life Therapy Service,55217612663,sole_trader,Darwin,Not publicly available,,,admin@steppingstonestherapy.com.au,https://steppingstonestherapy.com.au/,Not publicly available,+610889856067,,,https://www.ndiscommission.gov.au/provider-registration/find-registered-provider | https://steppingstonestherapy.com.au/
TREASURE & CARE SERVICES,85629811290,sole_trader,Other NT,Not publicly available,,,info@topcarepsychology.com.au,https://www.topcarepsychology.com.au/,Not publicly available,+610439040711,,,https://www.ndiscommission.gov.au/provider-registration/find-registered-provider | https://www.topcarepsychology.com.au/
ABILOT NT,51916913218,private_other,Darwin,Not publicly available,,,Not publicly available,https://abilotnt.com.au,Not publicly available,+610448616737,,,https://www.ndiscommission.gov.au/provider-registration/find-registered-provider
ALAWA CARE & SUPPORT SERVICES,88985430561,private_other,Darwin,Not publicly available,,,Not publicly available,Not publicly available,Not publicly available,+610403286975,,,https://www.ndiscommission.gov.au/provider-registration/find-registered-provider
Wunya Community Care,40959476584,sole_trader,Darwin,Not publicly available,,,Not publicly available,https://www.wunyacommunitycare.com.au,Not publicly available,+610416562118,,,https://www.ndiscommission.gov.au/provider-registration/find-registered-provider
Arnhem Allied Health Centre,26961131454,private_other,Nhulunbuy,Not publicly available,Sarah Fincham Thomson,Not publicly available,Not publicly available,https://www.arnhemhealth.com.au/,https://www.linkedin.com/in/sarah-fincham-thomson-8b557499,+610889194727,,,https://www.ndiscommission.gov.au/provider-registration/find-registered-provider | https://www.arnhemhealth.com.au/
Arnhem Allied Health Centre,26961131454,private_other,Nhulunbuy,Not publicly available,Eko Sumaryanto,Occupational Therapist,Not publicly available,https://www.arnhemhealth.com.au/,Not publicly available,+610889194727,,,https://www.ndiscommission.gov.au/provider-registration/find-registered-provider | https://www.arnhemhealth.com.au/
Arnhem Allied Health Centre,26961131454,private_other,Nhulunbuy,Not publicly available,Lois Stevens,Occupational Therapist,Not publicly available,https://www.arnhemhealth.com.au/,Not publicly available,+610889194727,,,https://www.ndiscommission.gov.au/provider-registration/find-registered-provider | https://www.arnhemhealth.com.au/
BEKA'S SUPPORT SERVICES,57619859347,private_other,Palmerston,Not publicly available,,,Not publicly available,Not publicly available,Not publicly available,+610481252100,,,https://www.ndiscommission.gov.au/provider-registration/find-registered-provider
BRAVE CONNECTIONS,63419213437,private_other,Darwin,Not publicly available,,,Not publicly available,Not publicly available,Not publicly available,Not publicly available,,,https://www.ndiscommission.gov.au/provider-registration/find-registered-provider
BRILLIANT COORDINATION AND SUPPORT SERVICES,20732281754,private_other,Katherine,Not publicly available,,,Not publicly available,Not publicly available,Not publicly available,+610478153738,,,https://www.ndiscommission.gov.au/provider-registration/find-registered-provider
Abundance Services,90828078420,sole_trader,Other NT,Not publicly available,,,Not publicly available,http://abundanceservices.com.au/,Not publicly available,Not publicly available,,,https://www.ndiscommission.gov.au/provider-registration/find-registered-provider
BT Physiotherapy Mudjimba,98663040194,private_other,Katherine,Not publicly available,,,blibli@btphysiotherapy.com.au,https://www.btphysiotherapy.com.au/,Not publicly available,07 5448 8755,,,https://www.ndiscommission.gov.au/provider-registration/find-registered-provider | https://www.btphysiotherapy.com.au/
Cox Books & Plan Management Services,76430560861,private_other,Darwin,Not publicly available,,,Not publicly available,Not publicly available,Not publicly available,+610422976020,,,https://www.ndiscommission.gov.au/provider-registration/find-registered-provider
D.J.A. DISABILITY SERVICES,21278019832,private_other,Katherine,Not publicly available,,,Not publicly available,Not publicly available,Not publicly available,+610456371581,,,https://www.ndiscommission.gov.au/provider-registration/find-registered-provider
Enlight Support Services,89443082169,private_other,Other NT,Not publicly available,,,Not publicly available,Not publicly available,Not publicly available,+610493342672,,,https://www.ndiscommission.gov.au/provider-registration/find-registered-provider
Everest Physiotherapy Service,62247376210,private_other,Other NT,Not publicly available,,,Not publicly available,Not publicly available,Not publicly available,Not publicly available,,,https://www.ndiscommission.gov.au/provider-registration/find-registered-provider
DARWIN MOWING,52535327859,private_other,"Darwin, Palmerston",Not publicly available,,,info@darwinmowing.com.au,https://www.darwinmowing.com.au/,Not publicly available,0448 515 838,,,https://www.ndiscommission.gov.au/provider-registration/find-registered-provider | https://www.darwinmowing.com.au/
FOOD4THOUGHT DIETETICS,84551235183,private_other,Other NT,Not publicly available,,,Not publicly available,Not publicly available,Not publicly available,+61429840588,,,https://www.ndiscommission.gov.au/provider-registration/find-registered-provider
Eva San,95618675195,private_other,Darwin,Not publicly available,,,user@domain.com,https://www.evasanqtuary.com/,Not publicly available,693170360,,,https://www.ndiscommission.gov.au/provider-registration/find-registered-provider | https://www.evasanqtuary.com/
DD CHILD AND FAMILY THERAPY SERVICES,72588956699,private_other,"Darwin, Alice Springs",Not publicly available,,,admin@ddtherapy.com,https://www.ddtherapy.com.au/,Not publicly available,1300517119,,,https://www.ndiscommission.gov.au/provider-registration/find-registered-provider | https://www.ddtherapy.com.au/
Health First Group,92816714668,private_other,Alice Springs,Not publicly available,Shayne Podbury,Not publicly available,Not publicly available,https://www.healthfirstgroup.com.au/,Not publicly available,+610358327634,,,https://www.ndiscommission.gov.au/provider-registration/find-registered-provider | https://www.healthfirstgroup.com.au/
Health First Group,92816714668,private_other,Alice Springs,Not publicly available,Bracken Cunningham,Therapist Manager,Not publicly available,https://www.healthfirstgroup.com.au/,Not publicly available,+610358327634,,,https://www.ndiscommission.gov.au/provider-registration/find-registered-provider | https://www.healthfirstgroup.com.au/
Heartward House,74262759281,private_other,Palmerston,Not publicly available,,,Not publicly available,Not publicly available,Not publicly available,Not publicly available,,,https://www.ndiscommission.gov.au/provider-registration/find-registered-provider
Henbury School Council,48232059381,private_other,Darwin,Not publicly available,,,Not publicly available,Not publicly available,Not publicly available,+610889977099,,,https://www.ndiscommission.gov.au/provider-registration/find-registered-provider
Humanity Allied Health,35128059713,private_other,Other NT,Not publicly available,,,Not publicly available,https://humanityalliedhealth.com.au/,https://www.linkedin.com/company/humanity-allied-health,1300 632 639,,,https://www.ndiscommission.gov.au/provider-registration/find-registered-provider | https://humanityalliedhealth.com.au/
JACKIE CARE AND SUPPORT SERVICES,30687750575,private_other,Alice Springs,Not publicly available,,,Not publicly available,Not publicly available,Not publicly available,Not publicly available,,,https://www.ndiscommission.gov.au/provider-registration/find-registered-provider
HANDS OF HOPE SUPPORT SERVICES,65123366443,private_other,Other NT,Not publicly available,,,info@handsofhope.com.au,https://handsofhope.com.au/,Not publicly available,1300 773 808,,,https://www.ndiscommission.gov.au/provider-registration/find-registered-provider | https://handsofhope.com.au/
Jims Building,56403562030,private_other,Darwin,Not publicly available,,,Not publicly available,Not publicly available,Not publicly available,Not publicly available,,,https://www.ndiscommission.gov.au/provider-registration/find-registered-provider
Kirsty's Support Services,65388552257,private_other,Alice Springs,Not publicly available,,,Not publicly available,Not publicly available,Not publicly available,Not publicly available,,,https://www.ndiscommission.gov.au/provider-registration/find-registered-provider
Jim's Cleaning & Laundry Services,85147878364,private_other,Other NT,Not publicly available,,,Not publicly available,https://www.jimscleaning.com.au,Not publicly available,+610409014977,,,https://www.ndiscommission.gov.au/provider-registration/find-registered-provider
CatholicCare NT,49861718108,private_other,"Darwin, Tennant Creek",Not publicly available,Jayne Lloyd OAM,Director,Not publicly available,https://www.catholiccarent.org.au/,Not publicly available,+610457770866,,,https://www.ndiscommission.gov.au/provider-registration/find-registered-provider | https://www.catholiccarent.org.au/
CatholicCare NT,49861718108,private_other,"Darwin, Tennant Creek",Not publicly available,Steven Lendrum,General Manager Operations,Not publicly available,https://www.catholiccarent.org.au/,Not publicly available,+610457770866,,,https://www.ndiscommission.gov.au/provider-registration/find-registered-provider | https://www.catholiccarent.org.au/
CatholicCare NT,49861718108,private_other,"Darwin, Tennant Creek",Not publicly available,Kim Burns,General Manager Quality Systems,Not publicly available,https://www.catholiccarent.org.au/,Not publicly available,+610457770866,,,https://www.ndiscommission.gov.au/provider-registration/find-registered-provider | https://www.catholiccarent.org.au/
CatholicCare NT,49861718108,private_other,"Darwin, Tennant Creek",Not publicly available,Judy Davis,General Manager Corporate Services,Not publicly available,https://www.catholiccarent.org.au/,Not publicly available,+610457770866,,,https://www.ndiscommission.gov.au/provider-registration/find-registered-provider | https://www.catholiccarent.org.au/
CatholicCare NT,49861718108,private_other,"Darwin, Tennant Creek",Not publicly available,Melwyn Pereira,Chief Financial Officer,Not publicly available,https://www.catholiccarent.org.au/,Not publicly available,+610457770866,,,https://www.ndiscommission.gov.au/provider-registration/find-registered-provider | https://www.catholiccarent.org.au/
CatholicCare NT,49861718108,private_other,"Darwin, Tennant Creek",Not publicly available,Kim Moon,General Manager Human Resources Strategy and Development,Not publicly available,https://www.catholiccarent.org.au/,Not publicly available,+610457770866,,,https://www.ndiscommission.gov.au/provider-registration/find-registered-provider | https://www.catholiccarent.org.au/
CatholicCare NT,49861718108,private_other,"Darwin, Tennant Creek",Not publicly available,Phil Brown,General Manager Leadership and Capacity Building,Not publicly available,https://www.catholiccarent.org.au/,Not publicly available,+610457770866,,,https://www.ndiscommission.gov.au/provider-registration/find-registered-provider | https://www.catholiccarent.org.au/
CatholicCare NT,49861718108,private_other,"Darwin, Tennant Creek",Not publicly available,Marcella Rankine,Regional Manager Tennant Creek,Not publicly available,https://www.catholiccarent.org.au/,Not publicly available,+610457770866,,,https://www.ndiscommission.gov.au/provider-registration/find-registered-provider | https://www.catholiccarent.org.au/
CatholicCare NT,49861718108,private_other,"Darwin, Tennant Creek",Not publicly available,Chamari Alaharuwan,Regional Manager Central Australia,Not publicly available,https://www.catholiccarent.org.au/,Not publicly available,+610457770866,,,https://www.ndiscommission.gov.au/provider-registration/find-registered-provider | https://www.catholiccarent.org.au/
CatholicCare NT,49861718108,private_other,"Darwin, Tennant Creek",Not publicly available,Catherine Stillwell,Regional Manager Tiwi Islands,Not publicly available,https://www.catholiccarent.org.au/,Not publicly available,+610457770866,,,https://www.ndiscommission.gov.au/provider-registration/find-registered-provider | https://www.catholiccarent.org.au/
CatholicCare NT,49861718108,private_other,"Darwin, Tennant Creek",Not publicly available,Nancy Harpur,Regional Manager Katherine,Not publicly available,https://www.catholiccarent.org.au/,Not publicly available,+610457770866,,,https://www.ndiscommission.gov.au/provider-registration/find-registered-provider | https://www.catholiccarent.org.au/
CatholicCare NT,49861718108,private_other,"Darwin, Tennant Creek",Not publicly available,Wayne Pearson,Senior Manager Community Services,Not publicly available,https://www.catholiccarent.org.au/,Not publicly available,+610457770866,,,https://www.ndiscommission.gov.au/provider-registration/find-registered-provider | https://www.catholiccarent.org.au/
CatholicCare NT,49861718108,private_other,"Darwin, Tennant Creek",Not publicly available,Annemarie Skerrett,Clinical Governance Advisor,Not publicly available,https://www.catholiccarent.org.au/,Not publicly available,+610457770866,,,https://www.ndiscommission.gov.au/provider-registration/find-registered-provider | https://www.catholiccarent.org.au/
CatholicCare NT,49861718108,private_other,"Darwin, Tennant Creek",Not publicly available,Sr Pauline Mfona Nakkazi,Coordinator Mission and Culture,Not publicly available,https://www.catholiccarent.org.au/,Not publicly available,+610457770866,,,https://www.ndiscommission.gov.au/provider-registration/find-registered-provider | https://www.catholiccarent.org.au/
Hearing Australia,80308797003,private_other,"Darwin, Palmerston, Alice Springs",Not publicly available,,,Not publicly available,https://www.hearing.com.au/,https://www.linkedin.com/company/hearing-australia,+610243977500,,,https://www.ndiscommission.gov.au/provider-registration/find-registered-provider | https://www.hearing.com.au/
LAJI LAWNS,56611843043,private_other,Other NT,Not publicly available,,,Not publicly available,https://www.lajilawns.com.au,Not publicly available,+610403734440,,,https://www.ndiscommission.gov.au/provider-registration/find-registered-provider
MARLU CARE SERVICES (MCS),82562991449,private_other,Katherine,Not publicly available,,,Not publicly available,https://www.marlucare.com.au,Not publicly available,Not publicly available,,,https://www.ndiscommission.gov.au/provider-registration/find-registered-provider
NPY Women's Council,77902127562,private_other,Alice Springs,Not publicly available,,,enquiries@npywc.org.au,https://www.npywc.org.au/,https://www.linkedin.com/company/npy-womens-council,+610889582345,Youth Services Coordinator – (NT & SA),https://www.npywc.org.au/blogs/employment/youth-services-coordinator-nt-sa,https://www.ndiscommission.gov.au/provider-registration/find-registered-provider | https://www.npywc.org.au/
NT PSYCHOSOCIAL RECOVERY AND SUPPORT SERVICES,28551976125,private_other,Palmerston,Not publicly available,,,Not publicly available,Not publicly available,Not publicly available,+610459549874,,,https://www.ndiscommission.gov.au/provider-registration/find-registered-provider
Independent care disability service,40965826568,private_other,Alice Springs,Not publicly available,,,danielruot@independentcaredisabilityservice.com,https://www.independentcaresdisabilityservices.com/,Not publicly available,0423 252 906,,,https://www.ndiscommission.gov.au/provider-registration/find-registered-provider | https://www.independentcaresdisabilityservices.com/
Life Without Barriers,15101252171,private_other,"Darwin, Alice Springs",Not publicly available,,,info@lwb.org.au,https://www.lwb.org.au/,https://www.linkedin.com/company/life-without-barriers,1800 610 699,,,https://www.ndiscommission.gov.au/provider-registration/find-registered-provider | https://www.lwb.org.au/
S.E.L.F. OASIS SPECIALIST SUPPORT SERVICES,12123649845,private_other,Alice Springs,Not publicly available,,,Not publicly available,Not publicly available,Not publicly available,+610423564712,,,https://www.ndiscommission.gov.au/provider-registration/find-registered-provider
SAFE CARE NT,76177284170,private_other,Alice Springs,Not publicly available,,,Not publicly available,Not publicly available,Not publicly available,+610401653041,,,https://www.ndiscommission.gov.au/provider-registration/find-registered-provider
Kirsty's Support Services,40623029071,private_other,Alice Springs,Not publicly available,Kirsty Barnett,Director,Not publicly available,https://kirsty-supports.com/,Not publicly available,0466 893 080,,,https://www.ndiscommission.gov.au/provider-registration/find-registered-provider | https://kirsty-supports.com/
Small Steps Big Change,91332233748,private_other,Other NT,Not publicly available,,,Not publicly available,Not publicly available,Not publicly available,+610493162799,,,https://www.ndiscommission.gov.au/provider-registration/find-registered-provider
SMPC RESPITE CARE,81356983907,private_other,Palmerston,Not publicly available,,,Not publicly available,Not publicly available,Not publicly available,+610407162695,,,https://www.ndiscommission.gov.au/provider-registration/find-registered-provider
Stronger Together Support Services,92485663273,private_other,Darwin,Not publicly available,,,Not publicly available,Not publicly available,Not publicly available,+610473360433,,,https://www.ndiscommission.gov.au/provider-registration/find-registered-provider
SAFE HANDS NT,34895565969,private_other,Other NT,Not publicly available,,,Not publicly available,https://www.safehandsnt.com.au/,Not publicly available,0437 268 185,,,https://www.ndiscommission.gov.au/provider-registration/find-registered-provider | https://www.safehandsnt.com.au/
Outback Disability Services,59871414409,private_other,Palmerston,Not publicly available,,,info@outbackdisability.com.au,https://www.outbackdisability.com.au/,Not publicly available,+6189856468,,,https://www.ndiscommission.gov.au/provider-registration/find-registered-provider | https://www.outbackdisability.com.au/
SYMPATHY DISABILITY SERVICES,27968947985,private_other,Alice Springs,Not publicly available,,,Not publicly available,Not publicly available,Not publicly available,+610406029045,,,https://www.ndiscommission.gov.au/provider-registration/find-registered-provider
Tailored Territory Support Services,36226490987,private_other,Palmerston,Not publicly available,,,Not publicly available,Not publicly available,Not publicly available,Not publicly available,,,https://www.ndiscommission.gov.au/provider-registration/find-registered-provider
Territory Disability Services,96766437187,private_other,Alice Springs,Not publicly available,,,Not publicly available,Not publicly available,Not publicly available,+610889523800,,,https://www.ndiscommission.gov.au/provider-registration/find-registered-provider
Territory Samaritan Care Services,12441795803,private_other,Other NT,Not publicly available,,,Not publicly available,Not publicly available,Not publicly available,+61451640960,,,https://www.ndiscommission.gov.au/provider-registration/find-registered-provider
The Trustee for Affinity Care Australia Unit Trust,89134371891,private_other,Darwin,Not publicly available,,,Not publicly available,Not publicly available,Not publicly available,+610411966771,,,https://www.ndiscommission.gov.au/provider-registration/find-registered-provider
SUNSET COAST SUPPORT SERVICES,17411300832,private_other,Palmerston,Not publicly available,,,Not publicly available,https://n/a,Not publicly available,Not publicly available,,,https://www.ndiscommission.gov.au/provider-registration/find-registered-provider
VIJAYS CLEANING SERVICE,20438473688,private_other,Darwin,Not publicly available,,,Not publicly available,Not publicly available,Not publicly available,+610437878213,,,https://www.ndiscommission.gov.au/provider-registration/find-registered-provider
The Centre for Positive behaviour Support,90887416066,private_other,Other NT,Not publicly available,Dr Lindsay Cole,"Executive Director, Clinical Services",Not publicly available,https://cpbs.com.au/,Not publicly available,+611800800560,,,https://www.ndiscommission.gov.au/provider-registration/find-registered-provider | https://cpbs.com.au/
The Centre for Positive behaviour Support,90887416066,private_other,Other NT,Not publicly available,Matthew Spicer,Director – Clinical Training Services,Not publicly available,https://cpbs.com.au/,Not publicly available,+611800800560,,,https://www.ndiscommission.gov.au/provider-registration/find-registered-provider | https://cpbs.com.au/
The Centre for Positive behaviour Support,90887416066,private_other,Other NT,Not publicly available,Dr Rebecca Beights,Director of Research,Not publicly available,https://cpbs.com.au/,Not publicly available,+611800800560,,,https://www.ndiscommission.gov.au/provider-registration/find-registered-provider | https://cpbs.com.au/
The Centre for Positive behaviour Support,90887416066,private_other,Other NT,Not publicly available,Amanda Daniel,Chief Clinical Officer,Not publicly available,https://cpbs.com.au/,Not publicly available,+611800800560,,,https://www.ndiscommission.gov.au/provider-registration/find-registered-provider | https://cpbs.com.au/
The Centre for Positive behaviour Support,90887416066,private_other,Other NT,Not publicly available,Jacqueline Abela DeGiovanni,"Head of Regional Services · ACT, SA, Sydney & WA",Not publicly available,https://cpbs.com.au/,Not publicly available,+611800800560,,,https://www.ndiscommission.gov.au/provider-registration/find-registered-provider | https://cpbs.com.au/
The Centre for Positive behaviour Support,90887416066,private_other,Other NT,Not publicly available,Jenna White,Head of Regional Services · Victoria & Tasmania,Not publicly available,https://cpbs.com.au/,Not publicly available,+611800800560,,,https://www.ndiscommission.gov.au/provider-registration/find-registered-provider | https://cpbs.com.au/
The Centre for Positive behaviour Support,90887416066,private_other,Other NT,Not publicly available,Nicole McKillop,"Head of Regional Services & Early Intervention · QLD, NSW & NT",Not publicly available,https://cpbs.com.au/,Not publicly available,+611800800560,,,https://www.ndiscommission.gov.au/provider-registration/find-registered-provider | https://cpbs.com.au/
WHOLISTIC FOCUS,44646491484,private_other,Palmerston,Not publicly available,,,Not publicly available,Not publicly available,Not publicly available,Not publicly available,,,https://www.ndiscommission.gov.au/provider-registration/find-registered-provider
ALLIANZ AUSTRALIA INSURANCE LIMITED,15000122850,nonprofit_ndis,Darwin,Not publicly available,,,Not publicly available,http://www.allianz.com.au/,Not publicly available,+61136347,,,https://www.ndiscommission.gov.au/provider-registration/find-registered-provider
The Trustee for Bell Accounting NT Trust,85832071314,private_other,Other NT,Not publicly available,,,admin@bellaccountingnt.com.au,https://www.bellaccountingnt.com.au/,Not publicly available,0889311999,,,https://www.ndiscommission.gov.au/provider-registration/find-registered-provider | https://www.bellaccountingnt.com.au/
Waltja Tjutangku Palyapayi Aboriginal Co,82572914004,private_other,Alice Springs,Not publicly available,,,Not publicly available,https://www.waltja.org.au/,Not publicly available,+610889534488,,,https://www.ndiscommission.gov.au/provider-registration/find-registered-provider | https://www.waltja.org.au/
Anglicare N.T.,76605552494,nonprofit_ndis,"Darwin, Katherine, Nhulunbuy",Not publicly available,,,Not publicly available,https://www.anglicare-nt.org.au/,Not publicly available,+610889850000,,,https://www.ndiscommission.gov.au/provider-registration/find-registered-provider | https://www.anglicare-nt.org.au/
Australian Regional And Remote Community Services,88167926132,nonprofit_ndis,"Darwin, Katherine",Not publicly available,,,Not publicly available,https://arrcs.org.au/,Not publicly available,08 8982 5200,,,https://www.ndiscommission.gov.au/provider-registration/find-registered-provider | https://arrcs.org.au/
Autism NT,26642635242,nonprofit_ndis,Palmerston,Not publicly available,,,autismnt@autismnt.org.au,https://www.autismnt.org.au/,Not publicly available,+610889484424,,,https://www.ndiscommission.gov.au/provider-registration/find-registered-provider | https://www.autismnt.org.au/
YOUTHWORX NT,99589061225,private_other,Other NT,Not publicly available,Michelle Barton,Chief Executive Officer,Not publicly available,https://youthworxnt.com.au/,Not publicly available,+610476622863,,,https://www.ndiscommission.gov.au/provider-registration/find-registered-provider | https://youthworxnt.com.au/
YOUTHWORX NT,99589061225,private_other,Other NT,Not publicly available,Robyne Brouwer,Finance and Corporate Manager,Not publicly available,https://youthworxnt.com.au/,Not publicly available,+610476622863,,,https://www.ndiscommission.gov.au/provider-registration/find-registered-provider | https://youthworxnt.com.au/
YOUTHWORX NT,99589061225,private_other,Other NT,Not publicly available,Tanya Pederick,Program Coordinator,Not publicly available,https://youthworxnt.com.au/,Not publicly available,+610476622863,,,https://www.ndiscommission.gov.au/provider-registration/find-registered-provider | https://youthworxnt.com.au/
YOUTHWORX NT,99589061225,private_other,Other NT,Not publicly available,Scott Smith,Program Coordinator,Not publicly available,https://youthworxnt.com.au/,Not publicly available,+610476622863,,,https://www.ndiscommission.gov.au/provider-registration/find-registered-provider | https://youthworxnt.com.au/
YOUTHWORX NT,99589061225,private_other,Other NT,Not publicly available,Lisa Blakeley,Treasurer,Not publicly available,https://youthworxnt.com.au/,Not publicly available,+610476622863,,,https://www.ndiscommission.gov.au/provider-registration/find-registered-provider | https://youthworxnt.com.au/
Casa Services Limited,63898668260,nonprofit_ndis,Alice Springs,Not publicly available,,,hello@casa.net.au,https://www.casaservices.org.au/,https://www.linkedin.com/company/casa-services-limited,+610889534311,,,https://www.ndiscommission.gov.au/provider-registration/find-registered-provider | https://www.casaservices.org.au/
Carers NT,13084010362,nonprofit_ndis,Darwin,Not publicly available,Gail Marsh,Chair / Director,Not publicly available,https://www.carersnt.asn.au/,Not publicly available,1800 422 737,,,https://www.ndiscommission.gov.au/provider-registration/find-registered-provider | https://www.carersnt.asn.au/
Carers NT,13084010362,nonprofit_ndis,Darwin,Not publicly available,Sandy Byard,Director,Not publicly available,https://www.carersnt.asn.au/,Not publicly available,1800 422 737,,,https://www.ndiscommission.gov.au/provider-registration/find-registered-provider | https://www.carersnt.asn.au/
Carers NT,13084010362,nonprofit_ndis,Darwin,Not publicly available,Geoff Adams,Director,Not publicly available,https://www.carersnt.asn.au/,Not publicly available,1800 422 737,,,https://www.ndiscommission.gov.au/provider-registration/find-registered-provider | https://www.carersnt.asn.au/
Carers NT,13084010362,nonprofit_ndis,Darwin,Not publicly available,Martina Hazelbane,Director,Not publicly available,https://www.carersnt.asn.au/,Not publicly available,1800 422 737,,,https://www.ndiscommission.gov.au/provider-registration/find-registered-provider | https://www.carersnt.asn.au/
Carers NT,13084010362,nonprofit_ndis,Darwin,Not publicly available,Adam Hayes,Director,Not publicly available,https://www.carersnt.asn.au/,Not publicly available,1800 422 737,,,https://www.ndiscommission.gov.au/provider-registration/find-registered-provider | https://www.carersnt.asn.au/
Carers NT,13084010362,nonprofit_ndis,Darwin,Not publicly available,Tony Webb,Director,Not publicly available,https://www.carersnt.asn.au/,Not publicly available,1800 422 737,,,https://www.ndiscommission.gov.au/provider-registration/find-registered-provider | https://www.carersnt.asn.au/
Carers NT,13084010362,nonprofit_ndis,Darwin,Not publicly available,Casey Kelly,Director,Not publicly available,https://www.carersnt.asn.au/,Not publicly available,1800 422 737,,,https://www.ndiscommission.gov.au/provider-registration/find-registered-provider | https://www.carersnt.asn.au/
Carers NT,13084010362,nonprofit_ndis,Darwin,Not publicly available,Terry McEvoy,Director,Not publicly available,https://www.carersnt.asn.au/,Not publicly available,1800 422 737,,,https://www.ndiscommission.gov.au/provider-registration/find-registered-provider | https://www.carersnt.asn.au/
Carers NT,13084010362,nonprofit_ndis,Darwin,Not publicly available,Steve Vitone,CEO,Not publicly available,https://www.carersnt.asn.au/,Not publicly available,1800 422 737,,,https://www.ndiscommission.gov.au/provider-registration/find-registered-provider | https://www.carersnt.asn.au/
CASPA SERVICES LTD.,78263985795,nonprofit_ndis,Darwin,Not publicly available,,,Not publicly available,https://www.caspa.org.au,Not publicly available,+610266273700,,,https://www.ndiscommission.gov.au/provider-registration/find-registered-provider
DARWIN SKILLS DEVELOPMENT SCHEMEINCORPORATED,45232040478,nonprofit_ndis,Darwin,Not publicly available,,,info@dsds.org.au,https://www.dsds.org.au/,https://www.linkedin.com/company/darwin-skills-development-scheme,+610889489999,,,https://www.ndiscommission.gov.au/provider-registration/find-registered-provider | https://www.dsds.org.au/
Ermha Ltd,38834458211,nonprofit_ndis,Darwin,Not publicly available,,,Not publicly available,https://www.ermha.org,Not publicly available,+611300376421,,,https://www.ndiscommission.gov.au/provider-registration/find-registered-provider
Central Australian Aboriginal Congress Aboriginal Corporation,76210591710,nonprofit_ndis,Alice Springs,Not publicly available,,,caac@mytp.com.au,https://www.caac.org.au/,Not publicly available,+610889514469,Speech Pathologist/Graduate Speech Pathologist (NDIS - Allied Health),https://caac.expr3ss.com/jobDetails?selectJob=922&s=6,https://www.ndiscommission.gov.au/provider-registration/find-registered-provider | https://www.caac.org.au/
Guide Dogs Association of SA & NT Inc,91183168093,nonprofit_ndis,Other NT,Not publicly available,Daniel Cox,Chief Executive Officer,Not publicly available,https://sant.guidedogs.com.au/,Not publicly available,+611800757738,,,https://www.ndiscommission.gov.au/provider-registration/find-registered-provider | https://sant.guidedogs.com.au/
Guide Dogs Association of SA & NT Inc,91183168093,nonprofit_ndis,Other NT,Not publicly available,Jason Clark,Chief Operating Officer,Not publicly available,https://sant.guidedogs.com.au/,Not publicly available,+611800757738,,,https://www.ndiscommission.gov.au/provider-registration/find-registered-provider | https://sant.guidedogs.com.au/
Guide Dogs Association of SA & NT Inc,91183168093,nonprofit_ndis,Other NT,Not publicly available,Julie Bryksy,Chief People Officer,Not publicly available,https://sant.guidedogs.com.au/,Not publicly available,+611800757738,,,https://www.ndiscommission.gov.au/provider-registration/find-registered-provider | https://sant.guidedogs.com.au/
Guide Dogs Association of SA & NT Inc,91183168093,nonprofit_ndis,Other NT,Not publicly available,Lauren Lewis,"General Manager, Beau's Pet Hotel",Not publicly available,https://sant.guidedogs.com.au/,Not publicly available,+611800757738,,,https://www.ndiscommission.gov.au/provider-registration/find-registered-provider | https://sant.guidedogs.com.au/
Guide Dogs Association of SA & NT Inc,91183168093,nonprofit_ndis,Other NT,Not publicly available,Lee Buckingham,"General Manager, Dog Services",Not publicly available,https://sant.guidedogs.com.au/,Not publicly available,+611800757738,,,https://www.ndiscommission.gov.au/provider-registration/find-registered-provider | https://sant.guidedogs.com.au/
Guide Dogs Association of SA & NT Inc,91183168093,nonprofit_ndis,Other NT,Not publicly available,Monique Palmer,Chief Financial Officer,Not publicly available,https://sant.guidedogs.com.au/,Not publicly available,+611800757738,,,https://www.ndiscommission.gov.au/provider-registration/find-registered-provider | https://sant.guidedogs.com.au/
INTERACT AUSTRALIA LTD,47072232083,nonprofit_ndis,Darwin,Not publicly available,,,Not publicly available,https://www.interact.com.au,Not publicly available,+611300388873,,,https://www.ndiscommission.gov.au/provider-registration/find-registered-provider
Dynamic Community Services Incorporated,12423651231,nonprofit_ndis,Alice Springs,Not publicly available,,,info@dynamiccommunityservice.org.au,https://www.dynamiccommunityservice.org.au/,Not publicly available,0498 446 763,,,https://www.ndiscommission.gov.au/provider-registration/find-registered-provider | https://www.dynamiccommunityservice.org.au/
HPA Incorporated,13506264631,nonprofit_ndis,"Darwin, Palmerston",Not publicly available,Belinda Barattucci,Not publicly available,Not publicly available,https://www.helpingpeopleachieve.com.au/,Not publicly available,+610889470681,,,https://www.ndiscommission.gov.au/provider-registration/find-registered-provider | https://www.helpingpeopleachieve.com.au/
HPA Incorporated,13506264631,nonprofit_ndis,"Darwin, Palmerston",Not publicly available,Rachael Wright,Chief Executive Officer,Not publicly available,https://www.helpingpeopleachieve.com.au/,Not publicly available,+610889470681,,,https://www.ndiscommission.gov.au/provider-registration/find-registered-provider | https://www.helpingpeopleachieve.com.au/
HPA Incorporated,13506264631,nonprofit_ndis,"Darwin, Palmerston",Not publicly available,Verena Brady,Finance & Corporate Services Manager,Not publicly available,https://www.helpingpeopleachieve.com.au/,Not publicly available,+610889470681,,,https://www.ndiscommission.gov.au/provider-registration/find-registered-provider | https://www.helpingpeopleachieve.com.au/
HPA Incorporated,13506264631,nonprofit_ndis,"Darwin, Palmerston",Not publicly available,Tanya Wotton,Program Services Manager,Not publicly available,https://www.helpingpeopleachieve.com.au/,Not publicly available,+610889470681,,,https://www.ndiscommission.gov.au/provider-registration/find-registered-provider | https://www.helpingpeopleachieve.com.au/
HPA Incorporated,13506264631,nonprofit_ndis,"Darwin, Palmerston",Not publicly available,Carolyn Naiti,Employment Mentor Supervisor,Not publicly available,https://www.helpingpeopleachieve.com.au/,Not publicly available,+610889470681,,,https://www.ndiscommission.gov.au/provider-registration/find-registered-provider | https://www.helpingpeopleachieve.com.au/
HPA Incorporated,13506264631,nonprofit_ndis,"Darwin, Palmerston",Not publicly available,Denise Watson,Not publicly available,Not publicly available,https://www.helpingpeopleachieve.com.au/,Not publicly available,+610889470681,,,https://www.ndiscommission.gov.au/provider-registration/find-registered-provider | https://www.helpingpeopleachieve.com.au/
HPA Incorporated,13506264631,nonprofit_ndis,"Darwin, Palmerston",Not publicly available,John Yousef,Treasurer,Not publicly available,https://www.helpingpeopleachieve.com.au/,Not publicly available,+610889470681,,,https://www.ndiscommission.gov.au/provider-registration/find-registered-provider | https://www.helpingpeopleachieve.com.au/
Laynhapuy Homelands Aboriginal Corporation,86695642473,nonprofit_ndis,Other NT,Not publicly available,,,Not publicly available,Not publicly available,Not publicly available,+610889391861,,,https://www.ndiscommission.gov.au/provider-registration/find-registered-provider
Makassan Care,46294019291,nonprofit_ndis,Darwin,Not publicly available,,,Not publicly available,https://makassancare.com.au/,Not publicly available,+610416574828,,,https://www.ndiscommission.gov.au/provider-registration/find-registered-provider | https://makassancare.com.au/
Healthia Podiatry,58608550607,nonprofit_ndis,"Palmerston, Alice Springs",Not publicly available,Greg Dower,Podiatrist & Director,greg.dower@myfootdr.com.au,https://www.myfootdr.com.au/,Not publicly available,07 4153 3255,New Graduates,https://healthia.com.au/new-graduates/,https://www.ndiscommission.gov.au/provider-registration/find-registered-provider | https://www.myfootdr.com.au/
Healthia Podiatry,58608550607,nonprofit_ndis,"Palmerston, Alice Springs",Not publicly available,Darren Stewart,Podiatrist & Director,darren.stewart@myfootdr.com.au,https://www.myfootdr.com.au/,Not publicly available,07 4153 3255,New Graduates,https://healthia.com.au/new-graduates/,https://www.ndiscommission.gov.au/provider-registration/find-registered-provider | https://www.myfootdr.com.au/
LEADWISE RESEARCH AND SUPPORT INCORPORATED,42627952082,nonprofit_ndis,Palmerston,Not publicly available,Earvin Alinsug,Founder & President,Not publicly available,https://www.leadwise.org.au/,Not publicly available,08 7190 0488,,,https://www.ndiscommission.gov.au/provider-registration/find-registered-provider | https://www.leadwise.org.au/
LEADWISE RESEARCH AND SUPPORT INCORPORATED,42627952082,nonprofit_ndis,Palmerston,Not publicly available,Mariela Garcia,Board Secretary,Not publicly available,https://www.leadwise.org.au/,Not publicly available,08 7190 0488,,,https://www.ndiscommission.gov.au/provider-registration/find-registered-provider | https://www.leadwise.org.au/
LEADWISE RESEARCH AND SUPPORT INCORPORATED,42627952082,nonprofit_ndis,Palmerston,Not publicly available,Jose Jamiro V,Board Treasurer,Not publicly available,https://www.leadwise.org.au/,Not publicly available,08 7190 0488,,,https://www.ndiscommission.gov.au/provider-registration/find-registered-provider | https://www.leadwise.org.au/
Kalano Community Association Inc,17030032930,nonprofit_ndis,"Darwin, Katherine",Not publicly available,Alan Mole,Chief Executive Officer,Not publicly available,https://kalano.org.au/,Not publicly available,+610429456370,,,https://www.ndiscommission.gov.au/provider-registration/find-registered-provider | https://kalano.org.au/
Kalano Community Association Inc,17030032930,nonprofit_ndis,"Darwin, Katherine",Not publicly available,Amber Giumelli,Executive Assistant to the CEO,Not publicly available,https://kalano.org.au/,Not publicly available,+610429456370,,,https://www.ndiscommission.gov.au/provider-registration/find-registered-provider | https://kalano.org.au/
Kalano Community Association Inc,17030032930,nonprofit_ndis,"Darwin, Katherine",Not publicly available,Kate Corney,Executive Manager of Community Services,Not publicly available,https://kalano.org.au/,Not publicly available,+610429456370,,,https://www.ndiscommission.gov.au/provider-registration/find-registered-provider | https://kalano.org.au/
Kalano Community Association Inc,17030032930,nonprofit_ndis,"Darwin, Katherine",Not publicly available,Leanne Chapman,Executive Manager of Clinical Services,Not publicly available,https://kalano.org.au/,Not publicly available,+610429456370,,,https://www.ndiscommission.gov.au/provider-registration/find-registered-provider | https://kalano.org.au/
Kalano Community Association Inc,17030032930,nonprofit_ndis,"Darwin, Katherine",Not publicly available,Casey Bishop,Executive Manager of Alcohol & Other Drugs,Not publicly available,https://kalano.org.au/,Not publicly available,+610429456370,,,https://www.ndiscommission.gov.au/provider-registration/find-registered-provider | https://kalano.org.au/
Kalano Community Association Inc,17030032930,nonprofit_ndis,"Darwin, Katherine",Not publicly available,Hannah Sheehy,Corporate Services Manager,Not publicly available,https://kalano.org.au/,Not publicly available,+610429456370,,,https://www.ndiscommission.gov.au/provider-registration/find-registered-provider | https://kalano.org.au/
Kalano Community Association Inc,17030032930,nonprofit_ndis,"Darwin, Katherine",Not publicly available,David Pitt,Community Development Manager,Not publicly available,https://kalano.org.au/,Not publicly available,+610429456370,,,https://www.ndiscommission.gov.au/provider-registration/find-registered-provider | https://kalano.org.au/
Kalano Community Association Inc,17030032930,nonprofit_ndis,"Darwin, Katherine",Not publicly available,Janette Crowhurst,Finance Manager,Not publicly available,https://kalano.org.au/,Not publicly available,+610429456370,,,https://www.ndiscommission.gov.au/provider-registration/find-registered-provider | https://kalano.org.au/
Lifestyle Solutions (Aust) Ltd,85097999347,nonprofit_ndis,Alice Springs,Not publicly available,,,enquiry@lifestylesolutions.org.au,https://www.lifestylesolutions.org.au/,https://www.linkedin.com/company/lifestyle-solutions-aust-ltd-,1800 634 748,Clearances and requirements to be a Support Worker,https://www.lifestylesolutions.org.au/careers/clearances-and-requirements-to-be-a-support-worker/,https://www.ndiscommission.gov.au/provider-registration/find-registered-provider | https://www.lifestylesolutions.org.au/
Mental Illness Fellowship of Australia (NT) Inc,19010762321,nonprofit_ndis,Darwin,Not publicly available,,,18d2f96d279149989b95faf0a4b41882@sentry-next.wixpress.com,https://www.mifant.org.au/,Not publicly available,1800 985 944,,,https://www.ndiscommission.gov.au/provider-registration/find-registered-provider | https://www.mifant.org.au/
Miwatj Health Aboriginal Corporation,96843428729,nonprofit_ndis,Darwin,Not publicly available,,,Not publicly available,https://miwatj.com.au,Not publicly available,Not publicly available,,,https://www.ndiscommission.gov.au/provider-registration/find-registered-provider
MHACA,91804704259,nonprofit_ndis,Alice Springs,Not publicly available,,,info@mhaca.org.au,https://www.mhaca.org.au/,https://www.linkedin.com/company/mental-health-association-central-australia,+610889504600,,,https://www.ndiscommission.gov.au/provider-registration/find-registered-provider | https://www.mhaca.org.au/
MSWA,75638080972,nonprofit_ndis,Other NT,Not publicly available,,,Not publicly available,https://www.mswa.org.au,Not publicly available,+6164543174,,,https://www.ndiscommission.gov.au/provider-registration/find-registered-provider
NT FRIENDSHIP & SUPPORT INC,51101586808,nonprofit_ndis,"Alice Springs, Katherine",Not publicly available,,,Not publicly available,Not publicly available,Not publicly available,+610889710027,,,https://www.ndiscommission.gov.au/provider-registration/find-registered-provider
Pathfinders Ltd,64146004524,nonprofit_ndis,"Palmerston, Alice Springs",Not publicly available,,,Not publicly available,https://pathfinders.ngo/,https://www.linkedin.com/company/pathfindersltd,+610257759800,(NPSS) Mentoring and Family Support Worker,https://pathfinders.ngo/jobs/npss-mentoring-and-family-support-worker/,https://www.ndiscommission.gov.au/provider-registration/find-registered-provider | https://pathfinders.ngo/
My Way Disability & Aged Care,24574460703,nonprofit_ndis,"Alice Springs, Tennant Creek",Not publicly available,,,admin@myway.org.au,https://myway.org.au/,https://www.linkedin.com/company/my-way-community-alliance,+610861466296,,,https://www.ndiscommission.gov.au/provider-registration/find-registered-provider | https://myway.org.au/
Project21,74662925504,nonprofit_ndis,Darwin,Not publicly available,,,admin@downsyndroment.com.au,https://downsyndroment.com.au/,Not publicly available,+610889456222,,,https://www.ndiscommission.gov.au/provider-registration/find-registered-provider | https://downsyndroment.com.au/
Step Out Community Access Service Inc,71488593014,nonprofit_ndis,Katherine,Not publicly available,,,Not publicly available,Not publicly available,Not publicly available,+610417164931,,,https://www.ndiscommission.gov.au/provider-registration/find-registered-provider
MJD Foundation Limited,65159208867,nonprofit_ndis,Darwin,Not publicly available,Jacquie Hatt,Chief Executive Officer,Not publicly available,https://mjd.org.au/,Not publicly available,+611300584122,NDIS Support Coordinator,https://mjd.org.au/jobs/ndis-support-coordinator/,https://www.ndiscommission.gov.au/provider-registration/find-registered-provider | https://mjd.org.au/
MJD Foundation Limited,65159208867,nonprofit_ndis,Darwin,Not publicly available,Gayangwa Lalara OAM,Director / Senior Cultural Advisor,Not publicly available,https://mjd.org.au/,Not publicly available,+611300584122,NDIS Support Coordinator,https://mjd.org.au/jobs/ndis-support-coordinator/,https://www.ndiscommission.gov.au/provider-registration/find-registered-provider | https://mjd.org.au/
MJD Foundation Limited,65159208867,nonprofit_ndis,Darwin,Not publicly available,Libby Massey OAM,"Director, Research and Education",Not publicly available,https://mjd.org.au/,Not publicly available,+611300584122,NDIS Support Coordinator,https://mjd.org.au/jobs/ndis-support-coordinator/,https://www.ndiscommission.gov.au/provider-registration/find-registered-provider | https://mjd.org.au/
MJD Foundation Limited,65159208867,nonprofit_ndis,Darwin,Not publicly available,Michael Kuhl,Director of Finance and Operations,Not publicly available,https://mjd.org.au/,Not publicly available,+611300584122,NDIS Support Coordinator,https://mjd.org.au/jobs/ndis-support-coordinator/,https://www.ndiscommission.gov.au/provider-registration/find-registered-provider | https://mjd.org.au/
MJD Foundation Limited,65159208867,nonprofit_ndis,Darwin,Not publicly available,Neil Westbury PSM,Director,Not publicly available,https://mjd.org.au/,Not publicly available,+611300584122,NDIS Support Coordinator,https://mjd.org.au/jobs/ndis-support-coordinator/,https://www.ndiscommission.gov.au/provider-registration/find-registered-provider | https://mjd.org.au/
MJD Foundation Limited,65159208867,nonprofit_ndis,Darwin,Not publicly available,Jenny Baird,Director,Not publicly available,https://mjd.org.au/,Not publicly available,+611300584122,NDIS Support Coordinator,https://mjd.org.au/jobs/ndis-support-coordinator/,https://www.ndiscommission.gov.au/provider-registration/find-registered-provider | https://mjd.org.au/
MJD Foundation Limited,65159208867,nonprofit_ndis,Darwin,Not publicly available,Janice Oake,Treasurer,Not publicly available,https://mjd.org.au/,Not publicly available,+611300584122,NDIS Support Coordinator,https://mjd.org.au/jobs/ndis-support-coordinator/,https://www.ndiscommission.gov.au/provider-registration/find-registered-provider | https://mjd.org.au/
MJD Foundation Limited,65159208867,nonprofit_ndis,Darwin,Not publicly available,Jennifer Cullen AM,Director,Not publicly available,https://mjd.org.au/,Not publicly available,+611300584122,NDIS Support Coordinator,https://mjd.org.au/jobs/ndis-support-coordinator/,https://www.ndiscommission.gov.au/provider-registration/find-registered-provider | https://mjd.org.au/
MJD Foundation Limited,65159208867,nonprofit_ndis,Darwin,Not publicly available,Libby Collins,Director,Not publicly available,https://mjd.org.au/,Not publicly available,+611300584122,NDIS Support Coordinator,https://mjd.org.au/jobs/ndis-support-coordinator/,https://www.ndiscommission.gov.au/provider-registration/find-registered-provider | https://mjd.org.au/
MJD Foundation Limited,65159208867,nonprofit_ndis,Darwin,Not publicly available,Julie Gungunbuy Wunungmurra,Director,Not publicly available,https://mjd.org.au/,Not publicly available,+611300584122,NDIS Support Coordinator,https://mjd.org.au/jobs/ndis-support-coordinator/,https://www.ndiscommission.gov.au/provider-registration/find-registered-provider | https://mjd.org.au/
MJD Foundation Limited,65159208867,nonprofit_ndis,Darwin,Not publicly available,Gloria O'Hare,Director,Not publicly available,https://mjd.org.au/,Not publicly available,+611300584122,NDIS Support Coordinator,https://mjd.org.au/jobs/ndis-support-coordinator/,https://www.ndiscommission.gov.au/provider-registration/find-registered-provider | https://mjd.org.au/
MJD Foundation Limited,65159208867,nonprofit_ndis,Darwin,Not publicly available,Asia Lenard,Director,Not publicly available,https://mjd.org.au/,Not publicly available,+611300584122,NDIS Support Coordinator,https://mjd.org.au/jobs/ndis-support-coordinator/,https://www.ndiscommission.gov.au/provider-registration/find-registered-provider | https://mjd.org.au/
MJD Foundation Limited,65159208867,nonprofit_ndis,Darwin,Not publicly available,Danny Daniels,Director,Not publicly available,https://mjd.org.au/,Not publicly available,+611300584122,NDIS Support Coordinator,https://mjd.org.au/jobs/ndis-support-coordinator/,https://www.ndiscommission.gov.au/provider-registration/find-registered-provider | https://mjd.org.au/
Carpentaria Disability Services Ltd.,85940440965,nonprofit_ndis,"Darwin, Alice Springs",Not publicly available,Annie Rily,Chief Executive Officer,Not publicly available,https://carpentaria.org.au/,Not publicly available,08 8920 9400,Support Worker roles,https://carpentaria.org.au/careers/support-worker/,https://www.ndiscommission.gov.au/provider-registration/find-registered-provider | https://carpentaria.org.au/
Carpentaria Disability Services Ltd.,85940440965,nonprofit_ndis,"Darwin, Alice Springs",Not publicly available,Andrew Everingham,Chief Operations Officer,Not publicly available,https://carpentaria.org.au/,Not publicly available,08 8920 9400,Support Worker roles,https://carpentaria.org.au/careers/support-worker/,https://www.ndiscommission.gov.au/provider-registration/find-registered-provider | https://carpentaria.org.au/
Carpentaria Disability Services Ltd.,85940440965,nonprofit_ndis,"Darwin, Alice Springs",Not publicly available,Rangan Vaithi,Chief Financial Officer,Not publicly available,https://carpentaria.org.au/,Not publicly available,08 8920 9400,Support Worker roles,https://carpentaria.org.au/careers/support-worker/,https://www.ndiscommission.gov.au/provider-registration/find-registered-provider | https://carpentaria.org.au/
Carpentaria Disability Services Ltd.,85940440965,nonprofit_ndis,"Darwin, Alice Springs",Not publicly available,Kirrily Freson,Director of People and Learning,Not publicly available,https://carpentaria.org.au/,Not publicly available,08 8920 9400,Support Worker roles,https://carpentaria.org.au/careers/support-worker/,https://www.ndiscommission.gov.au/provider-registration/find-registered-provider | https://carpentaria.org.au/
Carpentaria Disability Services Ltd.,85940440965,nonprofit_ndis,"Darwin, Alice Springs",Not publicly available,Sheena Baillie,Senior Executive Officer,Not publicly available,https://carpentaria.org.au/,Not publicly available,08 8920 9400,Support Worker roles,https://carpentaria.org.au/careers/support-worker/,https://www.ndiscommission.gov.au/provider-registration/find-registered-provider | https://carpentaria.org.au/
Carpentaria Disability Services Ltd.,85940440965,nonprofit_ndis,"Darwin, Alice Springs",Not publicly available,Mr Niki Ross,Board Director,Not publicly available,https://carpentaria.org.au/,Not publicly available,08 8920 9400,Support Worker roles,https://carpentaria.org.au/careers/support-worker/,https://www.ndiscommission.gov.au/provider-registration/find-registered-provider | https://carpentaria.org.au/
Carpentaria Disability Services Ltd.,85940440965,nonprofit_ndis,"Darwin, Alice Springs",Not publicly available,Mr Hamza Vayani,Board Director,Not publicly available,https://carpentaria.org.au/,Not publicly available,08 8920 9400,Support Worker roles,https://carpentaria.org.au/careers/support-worker/,https://www.ndiscommission.gov.au/provider-registration/find-registered-provider | https://carpentaria.org.au/
Somerville Community Services Ltd,62302702903,nonprofit_ndis,"Darwin, Palmerston, Alice Springs, Katherine",Not publicly available,Andrew Caddy,President,Not publicly available,https://somerville.org.au/,Not publicly available,+610889204100,,,https://www.ndiscommission.gov.au/provider-registration/find-registered-provider | https://somerville.org.au/
Somerville Community Services Ltd,62302702903,nonprofit_ndis,"Darwin, Palmerston, Alice Springs, Katherine",Not publicly available,Hon. Natasha Fyles,Chief Executive Officer,Not publicly available,https://somerville.org.au/,Not publicly available,+610889204100,,,https://www.ndiscommission.gov.au/provider-registration/find-registered-provider | https://somerville.org.au/
Somerville Community Services Ltd,62302702903,nonprofit_ndis,"Darwin, Palmerston, Alice Springs, Katherine",Not publicly available,Amy Southwood,"General Manager, Disability Services",Not publicly available,https://somerville.org.au/,Not publicly available,+610889204100,,,https://www.ndiscommission.gov.au/provider-registration/find-registered-provider | https://somerville.org.au/
Somerville Community Services Ltd,62302702903,nonprofit_ndis,"Darwin, Palmerston, Alice Springs, Katherine",Not publicly available,Annette Blunt,"General Manager, Shared Services",Not publicly available,https://somerville.org.au/,Not publicly available,+610889204100,,,https://www.ndiscommission.gov.au/provider-registration/find-registered-provider | https://somerville.org.au/
Thamarrurr Development Corporation Limited,54124789493,nonprofit_ndis,Other NT,Not publicly available,,,Not publicly available,https://www.thamarrurr.org.au/,Not publicly available,+610889781305,,,https://www.ndiscommission.gov.au/provider-registration/find-registered-provider | https://www.thamarrurr.org.au/
TeamHEALTH,16345352064,nonprofit_ndis,Darwin,Not publicly available,Kim Hill,Board Chair & Public Officer,Not publicly available,https://www.teamhealth.asn.au/,Not publicly available,1300 780 081,,,https://www.ndiscommission.gov.au/provider-registration/find-registered-provider | https://www.teamhealth.asn.au/
TeamHEALTH,16345352064,nonprofit_ndis,Darwin,Not publicly available,Jessica Silvester,Secretary,Not publicly available,https://www.teamhealth.asn.au/,Not publicly available,1300 780 081,,,https://www.ndiscommission.gov.au/provider-registration/find-registered-provider | https://www.teamhealth.asn.au/
TeamHEALTH,16345352064,nonprofit_ndis,Darwin,Not publicly available,Amin Islam,Treasurer,Not publicly available,https://www.teamhealth.asn.au/,Not publicly available,1300 780 081,,,https://www.ndiscommission.gov.au/provider-registration/find-registered-provider | https://www.teamhealth.asn.au/
TeamHEALTH,16345352064,nonprofit_ndis,Darwin,Not publicly available,John Kelly,Executive Manager Residential Recovery,Not publicly available,https://www.teamhealth.asn.au/,Not publicly available,1300 780 081,,,https://www.ndiscommission.gov.au/provider-registration/find-registered-provider | https://www.teamhealth.asn.au/
Total Recreation NT Inc,92148147305,nonprofit_ndis,Darwin,Not publicly available,,,admin@totalrecreation.org.au,https://www.totalrecreation.org.au/,Not publicly available,4-4947-9299,,,https://www.ndiscommission.gov.au/provider-registration/find-registered-provider | https://www.totalrecreation.org.au/
Assistive Technology Lab NT,49123924715,sole_trader,Alice Springs,Not publicly available,,,Not publicly available,https://www.atlab.com.au,Not publicly available,+610410544731,,,https://www.ndiscommission.gov.au/provider-registration/find-registered-provider
LIFEABILITY PLAN MANAGEMENT,87737957482,private_other,"Darwin, Palmerston, Alice Springs",Not publicly available,,,Not publicly available,https://www.lifeabilityplan.com.au,Not publicly available,+610243142227,,,https://www.ndiscommission.gov.au/provider-registration/find-registered-provider
SOFTCARE SUPPORT SERVICES,37937105645,private_other,Other NT,Not publicly available,,,Not publicly available,Not publicly available,Not publicly available,Not publicly available,,,https://www.ndiscommission.gov.au/provider-registration/find-registered-provider
THE LITTLE TREE GROUP,93234429346,private_other,Darwin,Not publicly available,,,Not publicly available,https://www.thelittletree.com.au,Not publicly available,Not publicly available,,,https://www.ndiscommission.gov.au/provider-registration/find-registered-provider
COUNTRY CONNECT FOUNDATION LIMITED,54669738907,nonprofit_ndis,Nhulunbuy,Not publicly available,,,Not publicly available,https://www.countryconnect.org.au,Not publicly available,+610419773556,,,https://www.ndiscommission.gov.au/provider-registration/find-registered-provider
Somerville Housing,95794292020,nonprofit_ndis,Darwin,Not publicly available,,,Not publicly available,https://www.somerville.org.au,Not publicly available,+610889204100,,,https://www.ndiscommission.gov.au/provider-registration/find-registered-provider
