company_id,employee_id,vacancy_id,source_type,source_url,source_title,retrieved_at
49678165298,,,NDIS Commission register,https://www.ndiscommission.gov.au/provider-registration/find-registered-provider,Approved NT provider,2026-09-29
46674956006,,,NDIS Commission register,https://www.ndiscommission.gov.au/provider-registration/find-registered-provider,Approved NT provider,2026-09-29
88671879495,,,NDIS Commission register,https://www.ndiscommission.gov.au/provider-registration/find-registered-provider,Approved NT provider,2026-09-29
87653980851,,,NDIS Commission register,https://www.ndiscommission.gov.au/provider-registration/find-registered-provider,Approved NT provider,2026-09-29
42640807101,,,NDIS Commission register,https://www.ndiscommission.gov.au/provider-registration/find-registered-provider,Approved NT provider,2026-09-29
87640453818,,,NDIS Commission register,https://www.ndiscommission.gov.au/provider-registration/find-registered-provider,Approved NT provider,2026-09-29
87640453818,,,official website,https://abilityspectrum.com.au/,Company homepage,2026-09-29
87640453818,,,official careers page,https://abilityspectrum.com.au/careers,Careers / jobs,2026-09-29
87640453818,,,official careers page,https://abilityspectrum.com.au/careers/,Careers / jobs,2026-09-29
87640453818,,,official careers page,https://abilityspectrum.com.au/jobs,Careers / jobs,2026-09-29
87640453818,,,official careers page,https://abilityspectrum.com.au/jobs/,Careers / jobs,2026-09-29
87640453818,,,official careers page,https://abilityspectrum.com.au/work-with-us,Careers / jobs,2026-09-29
87640453818,,,official careers page,https://abilityspectrum.com.au/join-us,Careers / jobs,2026-09-29
37627814322,,,NDIS Commission register,https://www.ndiscommission.gov.au/provider-registration/find-registered-provider,Approved NT provider,2026-09-29
63656622963,,,NDIS Commission register,https://www.ndiscommission.gov.au/provider-registration/find-registered-provider,Approved NT provider,2026-09-29
11156650154,,,NDIS Commission register,https://www.ndiscommission.gov.au/provider-registration/find-registered-provider,Approved NT provider,2026-09-29
39635645411,,,NDIS Commission register,https://www.ndiscommission.gov.au/provider-registration/find-registered-provider,Approved NT provider,2026-09-29
39635645411,,,official website,https://a1lifestyleservices.com.au/,Company homepage,2026-09-29
39635645411,,,official website,https://a1lifestyleservices.com.au/services-2/,Staff / about page,2026-09-29
99672742924,,,NDIS Commission register,https://www.ndiscommission.gov.au/provider-registration/find-registered-provider,Approved NT provider,2026-09-29
99672742924,,,official website,https://abcplanmanagers.com/,Company homepage,2026-09-29
99672742924,,,official website,https://abcplanmanagers.com/about-us/,Staff / about page,2026-09-29
40666316945,,,NDIS Commission register,https://www.ndiscommission.gov.au/provider-registration/find-registered-provider,Approved NT provider,2026-09-29
40666316945,,,official website,https://www.aboveandbeyondlifesolutions.com.au/,Company homepage,2026-09-29
23684187915,,,NDIS Commission register,https://www.ndiscommission.gov.au/provider-registration/find-registered-provider,Approved NT provider,2026-09-29
23640445889,,,NDIS Commission register,https://www.ndiscommission.gov.au/provider-registration/find-registered-provider,Approved NT provider,2026-09-29
80649839743,,,NDIS Commission register,https://www.ndiscommission.gov.au/provider-registration/find-registered-provider,Approved NT provider,2026-09-29
80649839743,,,official website,https://acrscommunityservices.com.au/,Company homepage,2026-09-29
80649839743,,,official website,https://acrscommunityservices.com.au/contact,Staff / about page,2026-09-29
80649839743,,,official website,https://acrscommunityservices.com.au/aboutus,Staff / about page,2026-09-29
80649839743,,,official website,https://acrscommunityservices.com.au/joinourteam,Staff / about page,2026-09-29
80649839743,,,official careers page,https://acrscommunityservices.com.au/silvacancies,Careers / jobs,2026-09-29
80649839743,,,official careers page,https://acrscommunityservices.com.au/silvacancies,Careers / jobs,2026-09-29
80649839743,,,official careers page,https://acrscommunityservices.com.au/joinourteam,Careers / jobs,2026-09-29
80649839743,,,official careers page,https://acrscommunityservices.com.au/joinourteam,Careers / jobs,2026-09-29
49644191819,,,NDIS Commission register,https://www.ndiscommission.gov.au/provider-registration/find-registered-provider,Approved NT provider,2026-09-29
49644191819,,,official website,https://www.activeot.com.au/,Company homepage,2026-09-29
49644191819,,,official website,https://www.activeot.com.au/about-4,Staff / about page,2026-09-29
49644191819,,,official careers page,https://www.activeot.com.au/employment,Careers / jobs,2026-09-29
66621941115,,,NDIS Commission register,https://www.ndiscommission.gov.au/provider-registration/find-registered-provider,Approved NT provider,2026-09-29
84667167259,,,NDIS Commission register,https://www.ndiscommission.gov.au/provider-registration/find-registered-provider,Approved NT provider,2026-09-29
50629720305,,,NDIS Commission register,https://www.ndiscommission.gov.au/provider-registration/find-registered-provider,Approved NT provider,2026-09-29
39670059060,,,NDIS Commission register,https://www.ndiscommission.gov.au/provider-registration/find-registered-provider,Approved NT provider,2026-09-29
17640890062,,,NDIS Commission register,https://www.ndiscommission.gov.au/provider-registration/find-registered-provider,Approved NT provider,2026-09-29
11652635099,,,NDIS Commission register,https://www.ndiscommission.gov.au/provider-registration/find-registered-provider,Approved NT provider,2026-09-29
29649632084,,,NDIS Commission register,https://www.ndiscommission.gov.au/provider-registration/find-registered-provider,Approved NT provider,2026-09-29
91688660657,,,NDIS Commission register,https://www.ndiscommission.gov.au/provider-registration/find-registered-provider,Approved NT provider,2026-09-29
79644673094,,,NDIS Commission register,https://www.ndiscommission.gov.au/provider-registration/find-registered-provider,Approved NT provider,2026-09-29
79644673094,,,official website,https://acecommunityservices.com/,Company homepage,2026-09-29
79644673094,,,official website,https://acecommunityservices.com/about-us/,Staff / about page,2026-09-29
79644673094,,,official website,https://acecommunityservices.com/plan-management/,Staff / about page,2026-09-29
79644673094,,,official website,https://acecommunityservices.com/management-of-funding-for-support-in-participants-plan/,Staff / about page,2026-09-29
15650186860,,,NDIS Commission register,https://www.ndiscommission.gov.au/provider-registration/find-registered-provider,Approved NT provider,2026-09-29
15650186860,,,official website,https://activesupportservices.com.au/,Company homepage,2026-09-29
15650186860,,,official website,https://activesupportservices.com.au/about-active-support/,Staff / about page,2026-09-29
16661863841,,,NDIS Commission register,https://www.ndiscommission.gov.au/provider-registration/find-registered-provider,Approved NT provider,2026-09-29
41646961131,,,NDIS Commission register,https://www.ndiscommission.gov.au/provider-registration/find-registered-provider,Approved NT provider,2026-09-29
72678326522,,,NDIS Commission register,https://www.ndiscommission.gov.au/provider-registration/find-registered-provider,Approved NT provider,2026-09-29
69087521391,,,NDIS Commission register,https://www.ndiscommission.gov.au/provider-registration/find-registered-provider,Approved NT provider,2026-09-29
69087521391,,,official website,https://torrenshealth.com.au/,Company homepage,2026-09-29
69087521391,,,official website,https://torrenshealth.com.au/how-we-work,Staff / about page,2026-09-29
69087521391,,,official website,https://torrenshealth.com.au/services/agency,Staff / about page,2026-09-29
69087521391,,,official website,https://torrenshealth.com.au/services/home-care,Staff / about page,2026-09-29
69087521391,,,official careers page,https://torrenshealth.com.au/careers,Careers / jobs,2026-09-29
18694864956,,,NDIS Commission register,https://www.ndiscommission.gov.au/provider-registration/find-registered-provider,Approved NT provider,2026-09-29
16694182404,,,NDIS Commission register,https://www.ndiscommission.gov.au/provider-registration/find-registered-provider,Approved NT provider,2026-09-29
19683077376,,,NDIS Commission register,https://www.ndiscommission.gov.au/provider-registration/find-registered-provider,Approved NT provider,2026-09-29
62657496592,,,NDIS Commission register,https://www.ndiscommission.gov.au/provider-registration/find-registered-provider,Approved NT provider,2026-09-29
62657496592,,,official website,https://www.anis-care.com.au/,Company homepage,2026-09-29
62657496592,,,official website,https://www.anis-care.com.au/about,Staff / about page,2026-09-29
62657496592,,,official careers page,https://www.anis-care.com.au/careers,Careers / jobs,2026-09-29
84677907881,,,NDIS Commission register,https://www.ndiscommission.gov.au/provider-registration/find-registered-provider,Approved NT provider,2026-09-29
95692463102,,,NDIS Commission register,https://www.ndiscommission.gov.au/provider-registration/find-registered-provider,Approved NT provider,2026-09-29
95692463102,,,official website,https://aliceconnection.com.au/,Company homepage,2026-09-29
95692463102,,,official careers page,https://aliceconnection.com.au/careers,Careers / jobs,2026-09-29
95692463102,,,official careers page,https://aliceconnection.com.au/jobs,Careers / jobs,2026-09-29
95692463102,,,official careers page,https://aliceconnection.com.au/jobs/,Careers / jobs,2026-09-29
95692463102,,,official careers page,https://aliceconnection.com.au/work-with-us,Careers / jobs,2026-09-29
55635195176,,,NDIS Commission register,https://www.ndiscommission.gov.au/provider-registration/find-registered-provider,Approved NT provider,2026-09-29
81648608968,,,NDIS Commission register,https://www.ndiscommission.gov.au/provider-registration/find-registered-provider,Approved NT provider,2026-09-29
81648608968,,,official website,https://www.alphaplanmanagement.com.au/,Company homepage,2026-09-29
68656292063,,,NDIS Commission register,https://www.ndiscommission.gov.au/provider-registration/find-registered-provider,Approved NT provider,2026-09-29
68656292063,,,official website,https://www.arkplanit.com/,Company homepage,2026-09-29
68656292063,,,official website,https://www.arkplanit.com/about-us,Staff / about page,2026-09-29
68656292063,,,official website,https://www.arkplanit.com/incident-management,Staff / about page,2026-09-29
23655962655,,,NDIS Commission register,https://www.ndiscommission.gov.au/provider-registration/find-registered-provider,Approved NT provider,2026-09-29
23655962655,,,official website,https://www.assadcarent.com/,Company homepage,2026-09-29
23655962655,,,official website,https://www.assadcarent.com/about-us,Staff / about page,2026-09-29
15675122273,,,NDIS Commission register,https://www.ndiscommission.gov.au/provider-registration/find-registered-provider,Approved NT provider,2026-09-29
51662131697,,,NDIS Commission register,https://www.ndiscommission.gov.au/provider-registration/find-registered-provider,Approved NT provider,2026-09-29
91647542541,,,NDIS Commission register,https://www.ndiscommission.gov.au/provider-registration/find-registered-provider,Approved NT provider,2026-09-29
91647542541,,,official website,https://apexdisabilitysupport.com.au/,Company homepage,2026-09-29
62679876914,,,NDIS Commission register,https://www.ndiscommission.gov.au/provider-registration/find-registered-provider,Approved NT provider,2026-09-29
62679876914,,,official website,https://arafuracommunitycare.com.au/,Company homepage,2026-09-29
62679876914,,,official website,https://arafuracommunitycare.com.au/about/,Staff / about page,2026-09-29
62679876914,,,official careers page,https://arafuracommunitycare.com.au/careers/,Careers / jobs,2026-09-29
65685908981,,,NDIS Commission register,https://www.ndiscommission.gov.au/provider-registration/find-registered-provider,Approved NT provider,2026-09-29
75668715955,,,NDIS Commission register,https://www.ndiscommission.gov.au/provider-registration/find-registered-provider,Approved NT provider,2026-09-29
75668715955,,,official website,https://www.astralcare.com.au/,Company homepage,2026-09-29
75668715955,,,official careers page,https://www.astralcare.com.au/careers,Careers / jobs,2026-09-29
75668715955,,,official careers page,https://www.astralcare.com.au/careers/,Careers / jobs,2026-09-29
75668715955,,,official careers page,https://www.astralcare.com.au/jobs,Careers / jobs,2026-09-29
75668715955,,,official careers page,https://www.astralcare.com.au/jobs/,Careers / jobs,2026-09-29
75668715955,,,official careers page,https://www.astralcare.com.au/work-with-us,Careers / jobs,2026-09-29
75668715955,,,official careers page,https://www.astralcare.com.au/join-us,Careers / jobs,2026-09-29
36686848019,,,NDIS Commission register,https://www.ndiscommission.gov.au/provider-registration/find-registered-provider,Approved NT provider,2026-09-29
16655517043,,,NDIS Commission register,https://www.ndiscommission.gov.au/provider-registration/find-registered-provider,Approved NT provider,2026-09-29
16655517043,,,official website,https://awanacare.com.au/,Company homepage,2026-09-29
16655517043,,,official website,https://awanacare.com.au/about-us,Staff / about page,2026-09-29
76660328307,,,NDIS Commission register,https://www.ndiscommission.gov.au/provider-registration/find-registered-provider,Approved NT provider,2026-09-29
16681190803,,,NDIS Commission register,https://www.ndiscommission.gov.au/provider-registration/find-registered-provider,Approved NT provider,2026-09-29
16681190803,,,official website,https://atlab.com.au/,Company homepage,2026-09-29
77656610801,,,NDIS Commission register,https://www.ndiscommission.gov.au/provider-registration/find-registered-provider,Approved NT provider,2026-09-29
96629424915,,,NDIS Commission register,https://www.ndiscommission.gov.au/provider-registration/find-registered-provider,Approved NT provider,2026-09-29
96657770066,,,NDIS Commission register,https://www.ndiscommission.gov.au/provider-registration/find-registered-provider,Approved NT provider,2026-09-29
96657770066,,,official website,https://www.balcor.com.au/,Company homepage,2026-09-29
96657770066,,,official website,https://www.balcor.com.au/about,Staff / about page,2026-09-29
34648955837,,,NDIS Commission register,https://www.ndiscommission.gov.au/provider-registration/find-registered-provider,Approved NT provider,2026-09-29
34648955837,,,official website,https://www.bdmscommunityservices.com.au/,Company homepage,2026-09-29
34648955837,,,official careers page,https://www.bdmscommunityservices.com.au/careers,Careers / jobs,2026-09-29
34648955837,,,official careers page,https://www.bdmscommunityservices.com.au/careers/,Careers / jobs,2026-09-29
34648955837,,,official careers page,https://www.bdmscommunityservices.com.au/jobs,Careers / jobs,2026-09-29
34648955837,,,official careers page,https://www.bdmscommunityservices.com.au/work-with-us,Careers / jobs,2026-09-29
34648955837,,,official careers page,https://www.bdmscommunityservices.com.au/join-us,Careers / jobs,2026-09-29
78641701108,,,NDIS Commission register,https://www.ndiscommission.gov.au/provider-registration/find-registered-provider,Approved NT provider,2026-09-29
78641701108,,,official website,https://www.betternbeyond.com.au/,Company homepage,2026-09-29
78641701108,,,official careers page,https://www.betternbeyond.com.au/careers,Careers / jobs,2026-09-29
78641701108,,,official careers page,https://www.betternbeyond.com.au/careers/,Careers / jobs,2026-09-29
78641701108,,,official careers page,https://www.betternbeyond.com.au/jobs,Careers / jobs,2026-09-29
78641701108,,,official careers page,https://www.betternbeyond.com.au/jobs/,Careers / jobs,2026-09-29
78641701108,,,official careers page,https://www.betternbeyond.com.au/work-with-us,Careers / jobs,2026-09-29
78641701108,,,official careers page,https://www.betternbeyond.com.au/join-us,Careers / jobs,2026-09-29
99643633943,,,NDIS Commission register,https://www.ndiscommission.gov.au/provider-registration/find-registered-provider,Approved NT provider,2026-09-29
99643633943,,,official website,https://www.beingmentors.com.au/,Company homepage,2026-09-29
99643633943,,,official website,https://www.beingmentors.com.au/about-us/,Staff / about page,2026-09-29
99643633943,,,official website,https://www.beingmentors.com.au/about-us/,Staff / about page,2026-09-29
81669522230,,,NDIS Commission register,https://www.ndiscommission.gov.au/provider-registration/find-registered-provider,Approved NT provider,2026-09-29
47665282100,,,NDIS Commission register,https://www.ndiscommission.gov.au/provider-registration/find-registered-provider,Approved NT provider,2026-09-29
47665282100,,,official website,https://www.bluegumability.com/,Company homepage,2026-09-29
47665282100,,,official website,https://www.bluegumability.com/about,Staff / about page,2026-09-29
47665282100,,,official website,https://www.bluegumability.com/contact,Staff / about page,2026-09-29
47665282100,,,official website,https://www.bluegumability.com/join-our-team,Staff / about page,2026-09-29
47665282100,,,official careers page,https://www.bluegumability.com/contact,Careers / jobs,2026-09-29
47665282100,,,official careers page,https://www.bluegumability.com/join-our-team,Careers / jobs,2026-09-29
35688070224,,,NDIS Commission register,https://www.ndiscommission.gov.au/provider-registration/find-registered-provider,Approved NT provider,2026-09-29
80602022435,,,NDIS Commission register,https://www.ndiscommission.gov.au/provider-registration/find-registered-provider,Approved NT provider,2026-09-29
80602022435,,,official website,https://betterrehab.com.au/,Company homepage,2026-09-29
80602022435,,,official website,https://betterrehab.com.au/about-us/meet-our-people/,Staff / about page,2026-09-29
80602022435,,,official website,https://betterrehab.com.au/about-us/who-we-are/,Staff / about page,2026-09-29
80602022435,,,official website,https://betterrehab.com.au/who-we-are/work-with-us/,Staff / about page,2026-09-29
80602022435,,,official careers page,https://betterrehab.com.au/job-openings/occupational-therapist-careers/,Careers / jobs,2026-09-29
80602022435,,,official careers page,https://betterrehab.com.au/who-we-are/work-with-us/,Careers / jobs,2026-09-29
80602022435,,,official careers page,https://betterrehab.com.au/,Careers / jobs,2026-09-29
80602022435,,,official careers page,https://betterrehab.com.au/careers/,Careers / jobs,2026-09-29
80602022435,,,official careers page,https://betterrehab.com.au/careers/graduate-program/,Careers / jobs,2026-09-29
80602022435,,,official careers page,https://betterrehab.com.au/careers/pathways-out-of-hospital/,Careers / jobs,2026-09-29
20676302908,,,NDIS Commission register,https://www.ndiscommission.gov.au/provider-registration/find-registered-provider,Approved NT provider,2026-09-29
66656174604,,,NDIS Commission register,https://www.ndiscommission.gov.au/provider-registration/find-registered-provider,Approved NT provider,2026-09-29
66656174604,,,official website,https://bigskypsychology.com.au/,Company homepage,2026-09-29
66656174604,,,official website,https://bigskypsychology.com.au/about-us/,Staff / about page,2026-09-29
66656174604,,,official website,https://bigskypsychology.com.au/meet-the-team/,Staff / about page,2026-09-29
66656174604,,,official website,https://bigskypsychology.com.au/anger-management/,Staff / about page,2026-09-29
82632901798,,,NDIS Commission register,https://www.ndiscommission.gov.au/provider-registration/find-registered-provider,Approved NT provider,2026-09-29
82632901798,,,official website,https://lilycare.com.au/,Company homepage,2026-09-29
82632901798,,,official website,https://lilycare.com.au/about.html,Staff / about page,2026-09-29
75641339915,,,NDIS Commission register,https://www.ndiscommission.gov.au/provider-registration/find-registered-provider,Approved NT provider,2026-09-29
15670502459,,,NDIS Commission register,https://www.ndiscommission.gov.au/provider-registration/find-registered-provider,Approved NT provider,2026-09-29
60681859763,,,NDIS Commission register,https://www.ndiscommission.gov.au/provider-registration/find-registered-provider,Approved NT provider,2026-09-29
80632289813,,,NDIS Commission register,https://www.ndiscommission.gov.au/provider-registration/find-registered-provider,Approved NT provider,2026-09-29
80632289813,,,official website,https://amazingcommunityservices.com.au/,Company homepage,2026-09-29
80632289813,,,official website,https://amazingcommunityservices.com.au/who-we-are/our-team/,Staff / about page,2026-09-29
80632289813,,,official website,https://amazingcommunityservices.com.au/careers/,Staff / about page,2026-09-29
80632289813,,,official website,https://amazingcommunityservices.com.au/who-we-are/,Staff / about page,2026-09-29
80632289813,,,official careers page,https://amazingcommunityservices.com.au/vacancies/house-1/,Careers / jobs,2026-09-29
80632289813,,,official careers page,https://amazingcommunityservices.com.au/vacancies/house-2/,Careers / jobs,2026-09-29
80632289813,,,official careers page,https://amazingcommunityservices.com.au/vacancies/house-3/,Careers / jobs,2026-09-29
80632289813,,,official careers page,https://amazingcommunityservices.com.au/vacancies/house-4/,Careers / jobs,2026-09-29
80632289813,,,official careers page,https://amazingcommunityservices.com.au/vacancies/house-5/,Careers / jobs,2026-09-29
80632289813,,,official careers page,https://amazingcommunityservices.com.au/accommodation-vacancies/,Careers / jobs,2026-09-29
75678937356,,,NDIS Commission register,https://www.ndiscommission.gov.au/provider-registration/find-registered-provider,Approved NT provider,2026-09-29
63674192673,,,NDIS Commission register,https://www.ndiscommission.gov.au/provider-registration/find-registered-provider,Approved NT provider,2026-09-29
27665035834,,,NDIS Commission register,https://www.ndiscommission.gov.au/provider-registration/find-registered-provider,Approved NT provider,2026-09-29
52619556946,,,NDIS Commission register,https://www.ndiscommission.gov.au/provider-registration/find-registered-provider,Approved NT provider,2026-09-29
60630211166,,,NDIS Commission register,https://www.ndiscommission.gov.au/provider-registration/find-registered-provider,Approved NT provider,2026-09-29
60630211166,,,official website,https://www.brightplan.com.au/,Company homepage,2026-09-29
60630211166,,,official website,https://www.brightplan.com.au/,Staff / about page,2026-09-29
60630211166,,,official website,https://www.brightplan.com.au/book-ndis-plan-management,Staff / about page,2026-09-29
60630211166,,,official website,https://www.brightplan.com.au/news-ndis-plan-management,Staff / about page,2026-09-29
87680730269,,,NDIS Commission register,https://www.ndiscommission.gov.au/provider-registration/find-registered-provider,Approved NT provider,2026-09-29
87680730269,,,official website,https://braveconnections.com.au/,Company homepage,2026-09-29
87680730269,,,official careers page,https://braveconnections.com.au/careers,Careers / jobs,2026-09-29
87680730269,,,official careers page,https://braveconnections.com.au/jobs,Careers / jobs,2026-09-29
87680730269,,,official careers page,https://braveconnections.com.au/jobs/,Careers / jobs,2026-09-29
87680730269,,,official careers page,https://braveconnections.com.au/work-with-us,Careers / jobs,2026-09-29
87680730269,,,official careers page,https://braveconnections.com.au/join-us,Careers / jobs,2026-09-29
50664384703,,,NDIS Commission register,https://www.ndiscommission.gov.au/provider-registration/find-registered-provider,Approved NT provider,2026-09-29
50664384703,,,official website,https://www.bushsteps.com.au/,Company homepage,2026-09-29
50664384703,,,official website,https://www.bushsteps.com.au/about,Staff / about page,2026-09-29
50664384703,,,official careers page,https://www.bushsteps.com.au/work-with-us,Careers / jobs,2026-09-29
33677568651,,,NDIS Commission register,https://www.ndiscommission.gov.au/provider-registration/find-registered-provider,Approved NT provider,2026-09-29
59342164987,,,NDIS Commission register,https://www.ndiscommission.gov.au/provider-registration/find-registered-provider,Approved NT provider,2026-09-29
71670582528,,,NDIS Commission register,https://www.ndiscommission.gov.au/provider-registration/find-registered-provider,Approved NT provider,2026-09-29
33638567950,,,NDIS Commission register,https://www.ndiscommission.gov.au/provider-registration/find-registered-provider,Approved NT provider,2026-09-29
85684694497,,,NDIS Commission register,https://www.ndiscommission.gov.au/provider-registration/find-registered-provider,Approved NT provider,2026-09-29
23650769734,,,NDIS Commission register,https://www.ndiscommission.gov.au/provider-registration/find-registered-provider,Approved NT provider,2026-09-29
32682731559,,,NDIS Commission register,https://www.ndiscommission.gov.au/provider-registration/find-registered-provider,Approved NT provider,2026-09-29
32682731559,,,official website,https://caresuccess.com.au/,Company homepage,2026-09-29
32682731559,,,official website,https://caresuccess.com.au/about-us,Staff / about page,2026-09-29
32682731559,,,official website,https://caresuccess.com.au/meet-the-team,Staff / about page,2026-09-29
32682731559,,,official careers page,https://caresuccess.com.au/work-with-us,Careers / jobs,2026-09-29
71682957357,,,NDIS Commission register,https://www.ndiscommission.gov.au/provider-registration/find-registered-provider,Approved NT provider,2026-09-29
66640461392,,,NDIS Commission register,https://www.ndiscommission.gov.au/provider-registration/find-registered-provider,Approved NT provider,2026-09-29
66640461392,,,official website,https://care24seven.com.au/,Company homepage,2026-09-29
66640461392,,,official careers page,https://care24seven.com.au/accommodation-vacancies/,Careers / jobs,2026-09-29
66640461392,,,official careers page,https://care24seven.com.au/work-with-us/,Careers / jobs,2026-09-29
96652072056,,,NDIS Commission register,https://www.ndiscommission.gov.au/provider-registration/find-registered-provider,Approved NT provider,2026-09-29
96652072056,,,official website,https://www.carelinknt.com.au/,Company homepage,2026-09-29
96652072056,,,official website,https://www.carelinknt.com.au/about.php,Staff / about page,2026-09-29
96652072056,,,official careers page,https://www.carelinknt.com.au/career.php,Careers / jobs,2026-09-29
42677283555,,,NDIS Commission register,https://www.ndiscommission.gov.au/provider-registration/find-registered-provider,Approved NT provider,2026-09-29
42677283555,,,official website,https://capablecareservices.com.au/,Company homepage,2026-09-29
55668446071,,,NDIS Commission register,https://www.ndiscommission.gov.au/provider-registration/find-registered-provider,Approved NT provider,2026-09-29
24661624095,,,NDIS Commission register,https://www.ndiscommission.gov.au/provider-registration/find-registered-provider,Approved NT provider,2026-09-29
72653370837,,,NDIS Commission register,https://www.ndiscommission.gov.au/provider-registration/find-registered-provider,Approved NT provider,2026-09-29
72653370837,,,official website,https://www.carermates.com.au/,Company homepage,2026-09-29
72653370837,,,official careers page,https://www.carermates.com.au/job-opportunities-at-carer-mates,Careers / jobs,2026-09-29
66666197619,,,NDIS Commission register,https://www.ndiscommission.gov.au/provider-registration/find-registered-provider,Approved NT provider,2026-09-29
66666197619,,,official website,https://carecompanionsnt.com.au/,Company homepage,2026-09-29
66666197619,,,official careers page,https://carecompanionsnt.com.au/careers/,Careers / jobs,2026-09-29
66666197619,,,official careers page,https://carecompanionsnt.com.au/jobs,Careers / jobs,2026-09-29
66666197619,,,official careers page,https://carecompanionsnt.com.au/jobs/,Careers / jobs,2026-09-29
66666197619,,,official careers page,https://carecompanionsnt.com.au/work-with-us,Careers / jobs,2026-09-29
66666197619,,,official careers page,https://carecompanionsnt.com.au/join-us,Careers / jobs,2026-09-29
80693275982,,,NDIS Commission register,https://www.ndiscommission.gov.au/provider-registration/find-registered-provider,Approved NT provider,2026-09-29
40647030386,,,NDIS Commission register,https://www.ndiscommission.gov.au/provider-registration/find-registered-provider,Approved NT provider,2026-09-29
90659727447,,,NDIS Commission register,https://www.ndiscommission.gov.au/provider-registration/find-registered-provider,Approved NT provider,2026-09-29
90659727447,,,official website,https://careteamservices.com.au/,Company homepage,2026-09-29
90659727447,,,official website,https://careteamservices.com.au/careers/,Staff / about page,2026-09-29
90659727447,,,official website,https://careteamservices.com.au/about-us/,Staff / about page,2026-09-29
90659727447,,,official careers page,https://careteamservices.com.au/careers/,Careers / jobs,2026-09-29
59686963137,,,NDIS Commission register,https://www.ndiscommission.gov.au/provider-registration/find-registered-provider,Approved NT provider,2026-09-29
59686963137,,,official website,https://www.carepathsupport.com.au/,Company homepage,2026-09-29
59686963137,,,official website,https://www.carepathsupport.com.au/about-us/,Staff / about page,2026-09-29
59686963137,,,official careers page,https://www.carepathsupport.com.au/support-services/,Careers / jobs,2026-09-29
20638182251,,,NDIS Commission register,https://www.ndiscommission.gov.au/provider-registration/find-registered-provider,Approved NT provider,2026-09-29
13602002273,,,NDIS Commission register,https://www.ndiscommission.gov.au/provider-registration/find-registered-provider,Approved NT provider,2026-09-29
96659395310,,,NDIS Commission register,https://www.ndiscommission.gov.au/provider-registration/find-registered-provider,Approved NT provider,2026-09-29
96659395310,,,official website,https://www.changinglivesnt.com.au/,Company homepage,2026-09-29
71651398051,,,NDIS Commission register,https://www.ndiscommission.gov.au/provider-registration/find-registered-provider,Approved NT provider,2026-09-29
34631326068,,,NDIS Commission register,https://www.ndiscommission.gov.au/provider-registration/find-registered-provider,Approved NT provider,2026-09-29
34631326068,,,official website,http://charishealthcare.com.au/,Company homepage,2026-09-29
34631326068,,,official website,http://charishealthcare.com.au/about-us/,Staff / about page,2026-09-29
11659718582,,,NDIS Commission register,https://www.ndiscommission.gov.au/provider-registration/find-registered-provider,Approved NT provider,2026-09-29
54639958884,,,NDIS Commission register,https://www.ndiscommission.gov.au/provider-registration/find-registered-provider,Approved NT provider,2026-09-29
54639958884,,,official website,https://www.carpediem.net.au/,Company homepage,2026-09-29
54639958884,,,official website,https://www.carpediem.net.au/careers/,Staff / about page,2026-09-29
54639958884,,,official website,https://www.carpediem.net.au/about-us/,Staff / about page,2026-09-29
54639958884,,,official website,https://www.carpediem.net.au/meet-the-team/,Staff / about page,2026-09-29
54639958884,,,official careers page,https://www.carpediem.net.au/careers/,Careers / jobs,2026-09-29
87686798023,,,NDIS Commission register,https://www.ndiscommission.gov.au/provider-registration/find-registered-provider,Approved NT provider,2026-09-29
26646989942,,,NDIS Commission register,https://www.ndiscommission.gov.au/provider-registration/find-registered-provider,Approved NT provider,2026-09-29
26646989942,,,official website,https://cmmcaresolutions.com.au/,Company homepage,2026-09-29
26646989942,,,official website,https://cmmcaresolutions.com.au/about-us/,Staff / about page,2026-09-29
26646989942,,,official website,https://cmmcaresolutions.com.au/about-us/,Staff / about page,2026-09-29
26646989942,,,official careers page,https://cmmcaresolutions.com.au/careers/,Careers / jobs,2026-09-29
26646989942,,,official careers page,https://cmmcaresolutions.com.au/careers/,Careers / jobs,2026-09-29
33678257513,,,NDIS Commission register,https://www.ndiscommission.gov.au/provider-registration/find-registered-provider,Approved NT provider,2026-09-29
65646669703,,,NDIS Commission register,https://www.ndiscommission.gov.au/provider-registration/find-registered-provider,Approved NT provider,2026-09-29
62649348354,,,NDIS Commission register,https://www.ndiscommission.gov.au/provider-registration/find-registered-provider,Approved NT provider,2026-09-29
62649348354,,,official website,https://www.countryconnect.org.au/,Company homepage,2026-09-29
62649348354,,,official website,https://www.countryconnect.org.au/our-team,Staff / about page,2026-09-29
62649348354,,,official careers page,https://www.countryconnect.org.au/employment,Careers / jobs,2026-09-29
21656362711,,,NDIS Commission register,https://www.ndiscommission.gov.au/provider-registration/find-registered-provider,Approved NT provider,2026-09-29
88643298122,,,NDIS Commission register,https://www.ndiscommission.gov.au/provider-registration/find-registered-provider,Approved NT provider,2026-09-29
94673739207,,,NDIS Commission register,https://www.ndiscommission.gov.au/provider-registration/find-registered-provider,Approved NT provider,2026-09-29
55655147096,,,NDIS Commission register,https://www.ndiscommission.gov.au/provider-registration/find-registered-provider,Approved NT provider,2026-09-29
55655147096,,,official website,https://www.darwinhealthgroup.com/,Company homepage,2026-09-29
55655147096,,,official website,https://www.darwinhealthgroup.com/theteam,Staff / about page,2026-09-29
55655147096,,,official careers page,https://www.darwinhealthgroup.com/jointheteam,Careers / jobs,2026-09-29
55655147096,,,official careers page,https://www.darwinhealthgroup.com/preemploymentscreening,Careers / jobs,2026-09-29
71663566756,,,NDIS Commission register,https://www.ndiscommission.gov.au/provider-registration/find-registered-provider,Approved NT provider,2026-09-29
71663566756,,,official website,https://alfredsupport.com.au/,Company homepage,2026-09-29
71663566756,,,official website,https://alfredsupport.com.au/work-with-us/,Staff / about page,2026-09-29
71663566756,,,official careers page,https://alfredsupport.com.au/work-with-us/,Careers / jobs,2026-09-29
39108974554,,,NDIS Commission register,https://www.ndiscommission.gov.au/provider-registration/find-registered-provider,Approved NT provider,2026-09-29
39108974554,,,official website,https://www.conticare.com.au/,Company homepage,2026-09-29
85677908253,,,NDIS Commission register,https://www.ndiscommission.gov.au/provider-registration/find-registered-provider,Approved NT provider,2026-09-29
85677908253,,,official website,https://www.desertdietitians.com.au/,Company homepage,2026-09-29
85677908253,,,official website,https://www.desertdietitians.com.au/,Staff / about page,2026-09-29
85677908253,,,official website,https://www.desertdietitians.com.au/team-3,Staff / about page,2026-09-29
85677908253,,,official website,https://www.desertdietitians.com.au/coming-soon-02-5,Staff / about page,2026-09-29
45685569064,,,NDIS Commission register,https://www.ndiscommission.gov.au/provider-registration/find-registered-provider,Approved NT provider,2026-09-29
90670099411,,,NDIS Commission register,https://www.ndiscommission.gov.au/provider-registration/find-registered-provider,Approved NT provider,2026-09-29
22673847893,,,NDIS Commission register,https://www.ndiscommission.gov.au/provider-registration/find-registered-provider,Approved NT provider,2026-09-29
56616435575,,,NDIS Commission register,https://www.ndiscommission.gov.au/provider-registration/find-registered-provider,Approved NT provider,2026-09-29
56616435575,,,official website,https://www.earlystartaustralia.com.au/,Company homepage,2026-09-29
56616435575,,,official website,https://www.earlystartaustralia.com.au/about-us/board-and-leadership-team/,Staff / about page,2026-09-29
56616435575,,,official website,https://www.earlystartaustralia.com.au/about-us/,Staff / about page,2026-09-29
56616435575,,,official website,https://www.earlystartaustralia.com.au/working-at-esa/,Staff / about page,2026-09-29
56616435575,,,official careers page,https://www.earlystartaustralia.com.au/,Careers / jobs,2026-09-29
56616435575,,,official careers page,https://www.earlystartaustralia.com.au/working-at-esa/,Careers / jobs,2026-09-29
71687811687,,,NDIS Commission register,https://www.ndiscommission.gov.au/provider-registration/find-registered-provider,Approved NT provider,2026-09-29
25653345969,,,NDIS Commission register,https://www.ndiscommission.gov.au/provider-registration/find-registered-provider,Approved NT provider,2026-09-29
25653345969,,,official website,https://desertstar.au/,Company homepage,2026-09-29
25653345969,,,official website,https://desertstar.au/about-us/,Staff / about page,2026-09-29
25653345969,,,official website,https://desertstar.au/our-team/,Staff / about page,2026-09-29
25653345969,,,official website,https://desertstar.au/services/nursing-support/,Staff / about page,2026-09-29
25653345969,,,official careers page,https://desertstar.au/careers/,Careers / jobs,2026-09-29
42004939771,,,NDIS Commission register,https://www.ndiscommission.gov.au/provider-registration/find-registered-provider,Approved NT provider,2026-09-29
42004939771,,,official website,https://drakemedox.com.au/,Company homepage,2026-09-29
42004939771,,,official website,https://drakemedox.com.au/job-seeker/,Staff / about page,2026-09-29
42004939771,,,official website,https://drakemedox.com.au/about-us/diversity-inclusion/,Staff / about page,2026-09-29
42004939771,,,official website,https://drakemedox.com.au/our-services/dual-diagnosis-management-dual-diagnosis-dual-diagnosis-disability,Staff / about page,2026-09-29
42004939771,,,official careers page,https://drakemedox.com.au/job-seeker/careers-within-medox/,Careers / jobs,2026-09-29
42004939771,,,official careers page,https://drakemedox.com.au/blog/career-change-tips-disability-homecare-jobs,Careers / jobs,2026-09-29
42004939771,,,official careers page,https://drakemedox.com.au/job-seeker/favorite-jobs,Careers / jobs,2026-09-29
42004939771,,,official careers page,https://drakemedox.com.au/job-seeker/resource-centre,Careers / jobs,2026-09-29
42004939771,,,official careers page,https://drakemedox.com.au/job-seeker/resource-centre,Careers / jobs,2026-09-29
42004939771,,,official careers page,https://drakemedox.com.au/job-seeker/international-opportunities/,Careers / jobs,2026-09-29
83618431904,,,NDIS Commission register,https://www.ndiscommission.gov.au/provider-registration/find-registered-provider,Approved NT provider,2026-09-29
83618431904,,,official website,https://easylivingcare.com.au/,Company homepage,2026-09-29
83618431904,,,official website,https://easylivingcare.com.au/about-us,Staff / about page,2026-09-29
83618431904,,,official website,https://easylivingcare.com.au/our-team,Staff / about page,2026-09-29
83618431904,,,official website,https://easylivingcare.com.au/archives/3904,Staff / about page,2026-09-29
83618431904,,,official careers page,https://easylivingcare.com.au/careers,Careers / jobs,2026-09-29
94629133231,,,NDIS Commission register,https://www.ndiscommission.gov.au/provider-registration/find-registered-provider,Approved NT provider,2026-09-29
15642703259,,,NDIS Commission register,https://www.ndiscommission.gov.au/provider-registration/find-registered-provider,Approved NT provider,2026-09-29
15642703259,,,official website,https://www.epnt.com.au/,Company homepage,2026-09-29
15642703259,,,official website,https://www.epnt.com.au/contact/,Staff / about page,2026-09-29
15642703259,,,official careers page,https://www.epnt.com.au/services/,Careers / jobs,2026-09-29
43692812874,,,NDIS Commission register,https://www.ndiscommission.gov.au/provider-registration/find-registered-provider,Approved NT provider,2026-09-29
55669738096,,,NDIS Commission register,https://www.ndiscommission.gov.au/provider-registration/find-registered-provider,Approved NT provider,2026-09-29
55669738096,,,official website,https://empowerabilitysolutions.com.au/,Company homepage,2026-09-29
43656458454,,,NDIS Commission register,https://www.ndiscommission.gov.au/provider-registration/find-registered-provider,Approved NT provider,2026-09-29
43656458454,,,official website,https://evoracare.com.au/,Company homepage,2026-09-29
43656458454,,,official website,https://evoracare.com.au/about,Staff / about page,2026-09-29
43656458454,,,official careers page,https://evoracare.com.au/careers,Careers / jobs,2026-09-29
43656458454,,,official careers page,https://evoracare.com.au/services,Careers / jobs,2026-09-29
27647584843,,,NDIS Commission register,https://www.ndiscommission.gov.au/provider-registration/find-registered-provider,Approved NT provider,2026-09-29
27647584843,,,official website,https://www.enop.com.au/,Company homepage,2026-09-29
27647584843,,,official website,https://www.enop.com.au/accommodation,Staff / about page,2026-09-29
27647584843,,,official website,https://www.enop.com.au/plan-management,Staff / about page,2026-09-29
27647584843,,,official careers page,https://www.enop.com.au/sil-vacancies,Careers / jobs,2026-09-29
27647584843,,,official careers page,https://www.enop.com.au/,Careers / jobs,2026-09-29
27647584843,,,official careers page,https://www.enop.com.au/job-opportunities,Careers / jobs,2026-09-29
58669405556,,,NDIS Commission register,https://www.ndiscommission.gov.au/provider-registration/find-registered-provider,Approved NT provider,2026-09-29
13677779172,,,NDIS Commission register,https://www.ndiscommission.gov.au/provider-registration/find-registered-provider,Approved NT provider,2026-09-29
19673660252,,,NDIS Commission register,https://www.ndiscommission.gov.au/provider-registration/find-registered-provider,Approved NT provider,2026-09-29
59693339883,,,NDIS Commission register,https://www.ndiscommission.gov.au/provider-registration/find-registered-provider,Approved NT provider,2026-09-29
62677856763,,,NDIS Commission register,https://www.ndiscommission.gov.au/provider-registration/find-registered-provider,Approved NT provider,2026-09-29
76630450636,,,NDIS Commission register,https://www.ndiscommission.gov.au/provider-registration/find-registered-provider,Approved NT provider,2026-09-29
76630450636,,,official website,https://eunoialane.com.au/,Company homepage,2026-09-29
76630450636,,,official website,https://eunoialane.com.au/about-us/,Staff / about page,2026-09-29
76630450636,,,official website,https://eunoialane.com.au/our-people/,Staff / about page,2026-09-29
76630450636,,,official website,https://eunoialane.com.au/about-us/feedback/,Staff / about page,2026-09-29
76630450636,,,official careers page,https://eunoialane.com.au/careers/,Careers / jobs,2026-09-29
30689817463,,,NDIS Commission register,https://www.ndiscommission.gov.au/provider-registration/find-registered-provider,Approved NT provider,2026-09-29
30658822354,,,NDIS Commission register,https://www.ndiscommission.gov.au/provider-registration/find-registered-provider,Approved NT provider,2026-09-29
80624370869,,,NDIS Commission register,https://www.ndiscommission.gov.au/provider-registration/find-registered-provider,Approved NT provider,2026-09-29
42643075165,,,NDIS Commission register,https://www.ndiscommission.gov.au/provider-registration/find-registered-provider,Approved NT provider,2026-09-29
42643075165,,,official website,https://giftedhands.net.au/,Company homepage,2026-09-29
42643075165,,,official website,https://giftedhands.net.au/about-us/,Staff / about page,2026-09-29
42643075165,,,official careers page,https://giftedhands.net.au/work-with-us/,Careers / jobs,2026-09-29
41097382600,,,NDIS Commission register,https://www.ndiscommission.gov.au/provider-registration/find-registered-provider,Approved NT provider,2026-09-29
41097382600,,,official website,https://goldenglownursing.com.au/,Company homepage,2026-09-29
41097382600,,,official website,https://goldenglownursing.com.au/about-us/meet-our-team,Staff / about page,2026-09-29
41097382600,,,official website,https://goldenglownursing.com.au/about-us,Staff / about page,2026-09-29
41097382600,,,official website,https://goldenglownursing.com.au/about-us/whats,Staff / about page,2026-09-29
41097382600,,,official careers page,https://goldenglownursing.com.au/careers,Careers / jobs,2026-09-29
59676872594,,,NDIS Commission register,https://www.ndiscommission.gov.au/provider-registration/find-registered-provider,Approved NT provider,2026-09-29
41649120132,,,NDIS Commission register,https://www.ndiscommission.gov.au/provider-registration/find-registered-provider,Approved NT provider,2026-09-29
76656481202,,,NDIS Commission register,https://www.ndiscommission.gov.au/provider-registration/find-registered-provider,Approved NT provider,2026-09-29
76656481202,,,official website,https://www.fly2health.com.au/,Company homepage,2026-09-29
76656481202,,,official website,https://www.fly2health.com.au/about-us/,Staff / about page,2026-09-29
76656481202,,,official website,https://www.fly2health.com.au/about-us-3/our-team/,Staff / about page,2026-09-29
76656481202,,,official website,https://www.fly2health.com.au/services/telehealth/,Staff / about page,2026-09-29
76656481202,,,official careers page,https://lifeatfly2health.group,Careers / jobs,2026-09-29
66678166115,,,NDIS Commission register,https://www.ndiscommission.gov.au/provider-registration/find-registered-provider,Approved NT provider,2026-09-29
66678166115,,,official website,https://www.hpnt.com.au/,Company homepage,2026-09-29
66678166115,,,official careers page,https://www.hpnt.com.au/careers,Careers / jobs,2026-09-29
66678166115,,,official careers page,https://www.hpnt.com.au/careers/,Careers / jobs,2026-09-29
66678166115,,,official careers page,https://www.hpnt.com.au/jobs,Careers / jobs,2026-09-29
66678166115,,,official careers page,https://www.hpnt.com.au/jobs/,Careers / jobs,2026-09-29
66678166115,,,official careers page,https://www.hpnt.com.au/work-with-us,Careers / jobs,2026-09-29
66678166115,,,official careers page,https://www.hpnt.com.au/join-us,Careers / jobs,2026-09-29
46634228363,,,NDIS Commission register,https://www.ndiscommission.gov.au/provider-registration/find-registered-provider,Approved NT provider,2026-09-29
23791570058,,,NDIS Commission register,https://www.ndiscommission.gov.au/provider-registration/find-registered-provider,Approved NT provider,2026-09-29
23791570058,,,official website,https://www.emsas.com.au/,Company homepage,2026-09-29
23791570058,,,official website,https://www.emsas.com.au/about-us/,Staff / about page,2026-09-29
99646907100,,,NDIS Commission register,https://www.ndiscommission.gov.au/provider-registration/find-registered-provider,Approved NT provider,2026-09-29
58673882810,,,NDIS Commission register,https://www.ndiscommission.gov.au/provider-registration/find-registered-provider,Approved NT provider,2026-09-29
85006405152,,,NDIS Commission register,https://www.ndiscommission.gov.au/provider-registration/find-registered-provider,Approved NT provider,2026-09-29
19651004956,,,NDIS Commission register,https://www.ndiscommission.gov.au/provider-registration/find-registered-provider,Approved NT provider,2026-09-29
19651004956,,,official website,https://www.homegrownlawnmowing.com.au/,Company homepage,2026-09-29
19651004956,,,official website,https://www.homegrownlawnmowing.com.au/join-our-team,Staff / about page,2026-09-29
19651004956,,,official careers page,https://www.homegrownlawnmowing.com.au/join-our-team,Careers / jobs,2026-09-29
61143889703,,,NDIS Commission register,https://www.ndiscommission.gov.au/provider-registration/find-registered-provider,Approved NT provider,2026-09-29
61143889703,,,official website,https://www.greenspacehomes.com.au/,Company homepage,2026-09-29
61143889703,,,official website,https://www.greenspacehomes.com.au/about-us/,Staff / about page,2026-09-29
85691425948,,,NDIS Commission register,https://www.ndiscommission.gov.au/provider-registration/find-registered-provider,Approved NT provider,2026-09-29
17646073252,,,NDIS Commission register,https://www.ndiscommission.gov.au/provider-registration/find-registered-provider,Approved NT provider,2026-09-29
64630243659,,,NDIS Commission register,https://www.ndiscommission.gov.au/provider-registration/find-registered-provider,Approved NT provider,2026-09-29
64630243659,,,official website,https://www.hopeability.com.au./,Company homepage,2026-09-29
64630243659,,,official careers page,https://www.hopeability.com.au./work-with-us,Careers / jobs,2026-09-29
61641040066,,,NDIS Commission register,https://www.ndiscommission.gov.au/provider-registration/find-registered-provider,Approved NT provider,2026-09-29
61641040066,,,official website,https://www.icare-nt.com.au/,Company homepage,2026-09-29
61641040066,,,official website,https://www.icare-nt.com.au/about,Staff / about page,2026-09-29
61641040066,,,official careers page,https://www.icare-nt.com.au/careers,Careers / jobs,2026-09-29
61641040066,,,official careers page,https://www.icare-nt.com.au/resources/want-a-fulfilling-ndis-career-in-the-northern-territory-make-a-difference-at-icare,Careers / jobs,2026-09-29
39688332309,,,NDIS Commission register,https://www.ndiscommission.gov.au/provider-registration/find-registered-provider,Approved NT provider,2026-09-29
78661838615,,,NDIS Commission register,https://www.ndiscommission.gov.au/provider-registration/find-registered-provider,Approved NT provider,2026-09-29
78661838615,,,official website,https://www.heart2hold.com.au/,Company homepage,2026-09-29
78661838615,,,official website,https://www.heart2hold.com.au/about-us/,Staff / about page,2026-09-29
85678399561,,,NDIS Commission register,https://www.ndiscommission.gov.au/provider-registration/find-registered-provider,Approved NT provider,2026-09-29
70671918219,,,NDIS Commission register,https://www.ndiscommission.gov.au/provider-registration/find-registered-provider,Approved NT provider,2026-09-29
25661990236,,,NDIS Commission register,https://www.ndiscommission.gov.au/provider-registration/find-registered-provider,Approved NT provider,2026-09-29
48653444823,,,NDIS Commission register,https://www.ndiscommission.gov.au/provider-registration/find-registered-provider,Approved NT provider,2026-09-29
38684232004,,,NDIS Commission register,https://www.ndiscommission.gov.au/provider-registration/find-registered-provider,Approved NT provider,2026-09-29
38684232004,,,official website,https://isupportsnt.com.au/,Company homepage,2026-09-29
74664633907,,,NDIS Commission register,https://www.ndiscommission.gov.au/provider-registration/find-registered-provider,Approved NT provider,2026-09-29
74664633907,,,official website,https://www.innerbalancehealth.com.au/,Company homepage,2026-09-29
74664633907,,,official website,https://www.innerbalancehealth.com.au/about,Staff / about page,2026-09-29
20083457854,,,NDIS Commission register,https://www.ndiscommission.gov.au/provider-registration/find-registered-provider,Approved NT provider,2026-09-29
59903291025,,,NDIS Commission register,https://www.ndiscommission.gov.au/provider-registration/find-registered-provider,Approved NT provider,2026-09-29
59903291025,,,official website,https://www.idealplan.com.au/,Company homepage,2026-09-29
71684279650,,,NDIS Commission register,https://www.ndiscommission.gov.au/provider-registration/find-registered-provider,Approved NT provider,2026-09-29
93649384565,,,NDIS Commission register,https://www.ndiscommission.gov.au/provider-registration/find-registered-provider,Approved NT provider,2026-09-29
93649384565,,,official website,https://iriscollective.com.au/,Company homepage,2026-09-29
93649384565,,,official careers page,https://iriscollective.com.au/careers,Careers / jobs,2026-09-29
93649384565,,,official careers page,https://iriscollective.com.au/careers/,Careers / jobs,2026-09-29
93649384565,,,official careers page,https://iriscollective.com.au/jobs,Careers / jobs,2026-09-29
93649384565,,,official careers page,https://iriscollective.com.au/jobs/,Careers / jobs,2026-09-29
93649384565,,,official careers page,https://iriscollective.com.au/work-with-us,Careers / jobs,2026-09-29
93649384565,,,official careers page,https://iriscollective.com.au/join-us,Careers / jobs,2026-09-29
69658015742,,,NDIS Commission register,https://www.ndiscommission.gov.au/provider-registration/find-registered-provider,Approved NT provider,2026-09-29
94639301161,,,NDIS Commission register,https://www.ndiscommission.gov.au/provider-registration/find-registered-provider,Approved NT provider,2026-09-29
94639301161,,,official website,https://jmjds.com.au/,Company homepage,2026-09-29
94639301161,,,official website,https://jmjds.com.au/about-us/,Staff / about page,2026-09-29
94639301161,,,official careers page,https://jmjds.com.au/career/,Careers / jobs,2026-09-29
65650896709,,,NDIS Commission register,https://www.ndiscommission.gov.au/provider-registration/find-registered-provider,Approved NT provider,2026-09-29
44664103584,,,NDIS Commission register,https://www.ndiscommission.gov.au/provider-registration/find-registered-provider,Approved NT provider,2026-09-29
13675149005,,,NDIS Commission register,https://www.ndiscommission.gov.au/provider-registration/find-registered-provider,Approved NT provider,2026-09-29
86659237368,,,NDIS Commission register,https://www.ndiscommission.gov.au/provider-registration/find-registered-provider,Approved NT provider,2026-09-29
86659237368,,,official website,https://www.kapokpo.com.au/,Company homepage,2026-09-29
86659237368,,,official website,https://www.kapokpo.com.au/about,Staff / about page,2026-09-29
86659237368,,,official careers page,https://www.kapokpo.com.au/employment-opportunities,Careers / jobs,2026-09-29
74666663341,,,NDIS Commission register,https://www.ndiscommission.gov.au/provider-registration/find-registered-provider,Approved NT provider,2026-09-29
74666663341,,,official website,https://www.justcareservices.com.au/,Company homepage,2026-09-29
74666663341,,,official careers page,https://www.justcareservices.com.au/careers,Careers / jobs,2026-09-29
74666663341,,,official careers page,https://www.justcareservices.com.au/careers/,Careers / jobs,2026-09-29
74666663341,,,official careers page,https://www.justcareservices.com.au/jobs,Careers / jobs,2026-09-29
74666663341,,,official careers page,https://www.justcareservices.com.au/jobs/,Careers / jobs,2026-09-29
74666663341,,,official careers page,https://www.justcareservices.com.au/work-with-us,Careers / jobs,2026-09-29
74666663341,,,official careers page,https://www.justcareservices.com.au/join-us,Careers / jobs,2026-09-29
81602789239,,,NDIS Commission register,https://www.ndiscommission.gov.au/provider-registration/find-registered-provider,Approved NT provider,2026-09-29
81602789239,,,official website,https://www.katherinephysio.com/,Company homepage,2026-09-29
81602789239,,,official website,https://www.katherinephysio.com/team,Staff / about page,2026-09-29
81602789239,,,official careers page,https://www.katherinephysio.com/careers,Careers / jobs,2026-09-29
22670680707,,,NDIS Commission register,https://www.ndiscommission.gov.au/provider-registration/find-registered-provider,Approved NT provider,2026-09-29
93668153437,,,NDIS Commission register,https://www.ndiscommission.gov.au/provider-registration/find-registered-provider,Approved NT provider,2026-09-29
93668153437,,,official website,https://jtidisabilityservices.com.au/,Company homepage,2026-09-29
93668153437,,,official careers page,https://jtidisabilityservices.com.au/career/,Careers / jobs,2026-09-29
93668153437,,,official careers page,https://jtidisabilityservices.com.au/career/,Careers / jobs,2026-09-29
25061370769,,,NDIS Commission register,https://www.ndiscommission.gov.au/provider-registration/find-registered-provider,Approved NT provider,2026-09-29
25061370769,,,official website,https://itecgroup.com.au/,Company homepage,2026-09-29
25061370769,,,official website,https://itecgroup.com.au/about-us,Staff / about page,2026-09-29
25061370769,,,official website,https://itecgroup.com.au/itec-health-plan-management,Staff / about page,2026-09-29
25061370769,,,official careers page,https://itecgroup.com.au/careers,Careers / jobs,2026-09-29
25061370769,,,official careers page,https://itecgroup.com.au/employment,Careers / jobs,2026-09-29
46639984704,,,NDIS Commission register,https://www.ndiscommission.gov.au/provider-registration/find-registered-provider,Approved NT provider,2026-09-29
65663256488,,,NDIS Commission register,https://www.ndiscommission.gov.au/provider-registration/find-registered-provider,Approved NT provider,2026-09-29
65663256488,,,official website,https://kpmexercise.com.au/,Company homepage,2026-09-29
65663256488,,,official website,https://kpmexercise.com.au/staff,Staff / about page,2026-09-29
36666334747,,,NDIS Commission register,https://www.ndiscommission.gov.au/provider-registration/find-registered-provider,Approved NT provider,2026-09-29
65635889413,,,NDIS Commission register,https://www.ndiscommission.gov.au/provider-registration/find-registered-provider,Approved NT provider,2026-09-29
18121675616,,,NDIS Commission register,https://www.ndiscommission.gov.au/provider-registration/find-registered-provider,Approved NT provider,2026-09-29
18121675616,,,official website,https://keepmoving.com.au/,Company homepage,2026-09-29
18121675616,,,official careers page,https://keepmoving.com.au/404-page/,Careers / jobs,2026-09-29
18121675616,,,official careers page,https://keepmoving.com.au/404-page/,Careers / jobs,2026-09-29
18121675616,,,official careers page,https://keepmoving.com.au/404-page/,Careers / jobs,2026-09-29
18121675616,,,official careers page,https://keepmoving.com.au/404-page/,Careers / jobs,2026-09-29
18121675616,,,official careers page,https://keepmoving.com.au/404-page/,Careers / jobs,2026-09-29
18121675616,,,official careers page,https://keepmoving.com.au/404-page/,Careers / jobs,2026-09-29
92622499898,,,NDIS Commission register,https://www.ndiscommission.gov.au/provider-registration/find-registered-provider,Approved NT provider,2026-09-29
92622499898,,,official website,https://www.leapin.com.au/,Company homepage,2026-09-29
92622499898,,,official website,https://www.leapin.com.au/ndis-plan-management/,Staff / about page,2026-09-29
92622499898,,,official website,https://www.leapin.com.au/about-us/people-before-profit-guarantee/,Staff / about page,2026-09-29
92622499898,,,official website,https://www.leapin.com.au/terms/,Staff / about page,2026-09-29
92622499898,,,official careers page,https://www.leapin.com.au/about-us/work-with-us/,Careers / jobs,2026-09-29
85687555353,,,NDIS Commission register,https://www.ndiscommission.gov.au/provider-registration/find-registered-provider,Approved NT provider,2026-09-29
50683650553,,,NDIS Commission register,https://www.ndiscommission.gov.au/provider-registration/find-registered-provider,Approved NT provider,2026-09-29
50683650553,,,official website,https://konnectus.org.au/,Company homepage,2026-09-29
50683650553,,,official website,https://konnectus.org.au/team/,Staff / about page,2026-09-29
50683650553,,,official website,https://konnectus.org.au/about/,Staff / about page,2026-09-29
66650006858,,,NDIS Commission register,https://www.ndiscommission.gov.au/provider-registration/find-registered-provider,Approved NT provider,2026-09-29
66650006858,,,official website,https://landingspot.com.au/cgi-sys/suspendedpage.cgi,Company homepage,2026-09-29
66650006858,,,official careers page,https://landingspot.com.au/cgi-sys/suspendedpage.cgi,Careers / jobs,2026-09-29
66650006858,,,official careers page,https://landingspot.com.au/cgi-sys/suspendedpage.cgi,Careers / jobs,2026-09-29
66650006858,,,official careers page,https://landingspot.com.au/cgi-sys/suspendedpage.cgi,Careers / jobs,2026-09-29
66650006858,,,official careers page,https://landingspot.com.au/cgi-sys/suspendedpage.cgi,Careers / jobs,2026-09-29
66650006858,,,official careers page,https://landingspot.com.au/cgi-sys/suspendedpage.cgi,Careers / jobs,2026-09-29
66650006858,,,official careers page,https://landingspot.com.au/cgi-sys/suspendedpage.cgi,Careers / jobs,2026-09-29
70683015581,,,NDIS Commission register,https://www.ndiscommission.gov.au/provider-registration/find-registered-provider,Approved NT provider,2026-09-29
32653007713,,,NDIS Commission register,https://www.ndiscommission.gov.au/provider-registration/find-registered-provider,Approved NT provider,2026-09-29
32653007713,,,official website,https://lifeisok.com.au/,Company homepage,2026-09-29
32653007713,,,official website,https://lifeisok.com.au/about,Staff / about page,2026-09-29
32653007713,,,official website,https://lifeisok.com.au/our-team,Staff / about page,2026-09-29
32653007713,,,official careers page,https://lifeisok.com.au/service-employment-support,Careers / jobs,2026-09-29
31668875349,,,NDIS Commission register,https://www.ndiscommission.gov.au/provider-registration/find-registered-provider,Approved NT provider,2026-09-29
31668875349,,,official website,https://lifeaspects.com.au/,Company homepage,2026-09-29
31668875349,,,official website,https://lifeaspects.com.au/about-us/,Staff / about page,2026-09-29
31668875349,,,official careers page,https://lifeaspects.com.au/careers/,Careers / jobs,2026-09-29
81641874553,,,NDIS Commission register,https://www.ndiscommission.gov.au/provider-registration/find-registered-provider,Approved NT provider,2026-09-29
81641874553,,,official website,https://www.limitlessaustralia.com.au/,Company homepage,2026-09-29
81641874553,,,official website,https://www.limitlessaustralia.com.au/about,Staff / about page,2026-09-29
90666950590,,,NDIS Commission register,https://www.ndiscommission.gov.au/provider-registration/find-registered-provider,Approved NT provider,2026-09-29
70669301919,,,NDIS Commission register,https://www.ndiscommission.gov.au/provider-registration/find-registered-provider,Approved NT provider,2026-09-29
70669301919,,,official website,https://homevillecare.com.au/,Company homepage,2026-09-29
70669301919,,,official website,https://homevillecare.com.au/about/,Staff / about page,2026-09-29
70669301919,,,official website,https://homevillecare.com.au/staffing/,Staff / about page,2026-09-29
55679008023,,,NDIS Commission register,https://www.ndiscommission.gov.au/provider-registration/find-registered-provider,Approved NT provider,2026-09-29
55679008023,,,official website,https://www.lifeabilityplan.com.au/,Company homepage,2026-09-29
55679008023,,,official website,https://www.lifeabilityplan.com.au/,Staff / about page,2026-09-29
55679008023,,,official website,https://www.lifeabilityplan.com.au/about-life-ability,Staff / about page,2026-09-29
55679008023,,,official website,https://www.lifeabilityplan.com.au/what-is-a-plan-manager,Staff / about page,2026-09-29
79681625294,,,NDIS Commission register,https://www.ndiscommission.gov.au/provider-registration/find-registered-provider,Approved NT provider,2026-09-29
79681625294,,,official website,https://www.livewellsupport.com.au/,Company homepage,2026-09-29
79681625294,,,official website,https://www.livewellsupport.com.au/team.html,Staff / about page,2026-09-29
79681625294,,,official website,https://www.livewellsupport.com.au/services/support-coordination.html,Staff / about page,2026-09-29
79681625294,,,official careers page,https://www.livewellsupport.com.au/sil-vacancies.html,Careers / jobs,2026-09-29
43677725889,,,NDIS Commission register,https://www.ndiscommission.gov.au/provider-registration/find-registered-provider,Approved NT provider,2026-09-29
24662116127,,,NDIS Commission register,https://www.ndiscommission.gov.au/provider-registration/find-registered-provider,Approved NT provider,2026-09-29
44627356325,,,NDIS Commission register,https://www.ndiscommission.gov.au/provider-registration/find-registered-provider,Approved NT provider,2026-09-29
44627356325,,,official website,https://www.linkup.net.au/,Company homepage,2026-09-29
44627356325,,,official website,https://www.linkup.net.au/contact,Staff / about page,2026-09-29
44627356325,,,official website,https://www.linkup.net.au/our-team,Staff / about page,2026-09-29
44627356325,,,official careers page,https://www.linkup.net.au/about,Careers / jobs,2026-09-29
44627356325,,,official careers page,https://www.linkup.net.au/careers,Careers / jobs,2026-09-29
74658410229,,,NDIS Commission register,https://www.ndiscommission.gov.au/provider-registration/find-registered-provider,Approved NT provider,2026-09-29
58662140132,,,NDIS Commission register,https://www.ndiscommission.gov.au/provider-registration/find-registered-provider,Approved NT provider,2026-09-29
72680441847,,,NDIS Commission register,https://www.ndiscommission.gov.au/provider-registration/find-registered-provider,Approved NT provider,2026-09-29
72680441847,,,official website,https://www.livefreely.com.au/,Company homepage,2026-09-29
72680441847,,,official website,https://www.livefreely.com.au/about,Staff / about page,2026-09-29
72680441847,,,official website,https://www.livefreely.com.au/contact-us,Staff / about page,2026-09-29
74611793983,,,NDIS Commission register,https://www.ndiscommission.gov.au/provider-registration/find-registered-provider,Approved NT provider,2026-09-29
76680221470,,,NDIS Commission register,https://www.ndiscommission.gov.au/provider-registration/find-registered-provider,Approved NT provider,2026-09-29
19672074261,,,NDIS Commission register,https://www.ndiscommission.gov.au/provider-registration/find-registered-provider,Approved NT provider,2026-09-29
99680037325,,,NDIS Commission register,https://www.ndiscommission.gov.au/provider-registration/find-registered-provider,Approved NT provider,2026-09-29
93626262208,,,NDIS Commission register,https://www.ndiscommission.gov.au/provider-registration/find-registered-provider,Approved NT provider,2026-09-29
12116500488,,,NDIS Commission register,https://www.ndiscommission.gov.au/provider-registration/find-registered-provider,Approved NT provider,2026-09-29
12116500488,,,official website,https://maximisephysio.com/,Company homepage,2026-09-29
12116500488,,,official website,https://maximisephysio.com/meet-the-team,Staff / about page,2026-09-29
12116500488,,,official careers page,https://maximisephysio.com/careers,Careers / jobs,2026-09-29
73670272296,,,NDIS Commission register,https://www.ndiscommission.gov.au/provider-registration/find-registered-provider,Approved NT provider,2026-09-29
73670272296,,,official website,https://lifeprospectsconsulting.com.au/,Company homepage,2026-09-29
73670272296,,,official website,https://lifeprospectsconsulting.com.au/about-us/,Staff / about page,2026-09-29
25606235036,,,NDIS Commission register,https://www.ndiscommission.gov.au/provider-registration/find-registered-provider,Approved NT provider,2026-09-29
25606235036,,,official website,https://www.livingright.com.au/,Company homepage,2026-09-29
25606235036,,,official website,https://www.livingright.com.au/about-us/,Staff / about page,2026-09-29
25606235036,,,official website,https://www.livingright.com.au/plan-management/,Staff / about page,2026-09-29
76657449600,,,NDIS Commission register,https://www.ndiscommission.gov.au/provider-registration/find-registered-provider,Approved NT provider,2026-09-29
76657449600,,,official website,https://www.mercyexerters.com/,Company homepage,2026-09-29
33660316790,,,NDIS Commission register,https://www.ndiscommission.gov.au/provider-registration/find-registered-provider,Approved NT provider,2026-09-29
20666046251,,,NDIS Commission register,https://www.ndiscommission.gov.au/provider-registration/find-registered-provider,Approved NT provider,2026-09-29
20666046251,,,official website,https://lifehavencaregroup.com.au/,Company homepage,2026-09-29
20666046251,,,official website,https://lifehavencaregroup.com.au/about/,Staff / about page,2026-09-29
32660939319,,,NDIS Commission register,https://www.ndiscommission.gov.au/provider-registration/find-registered-provider,Approved NT provider,2026-09-29
17635230581,,,NDIS Commission register,https://www.ndiscommission.gov.au/provider-registration/find-registered-provider,Approved NT provider,2026-09-29
17635230581,,,official website,https://mgmhealthcare.com.au/,Company homepage,2026-09-29
17635230581,,,official website,https://mgmhealthcare.com.au/team/,Staff / about page,2026-09-29
17635230581,,,official careers page,https://mgmhealthcare.com.au/careers/,Careers / jobs,2026-09-29
24674653340,,,NDIS Commission register,https://www.ndiscommission.gov.au/provider-registration/find-registered-provider,Approved NT provider,2026-09-29
14652206169,,,NDIS Commission register,https://www.ndiscommission.gov.au/provider-registration/find-registered-provider,Approved NT provider,2026-09-29
14652206169,,,official website,https://medikaservices.com.au/,Company homepage,2026-09-29
14652206169,,,official website,http://medikaservices.com.au/about/,Staff / about page,2026-09-29
14652206169,,,official careers page,https://medikaservices.com.au/career/,Careers / jobs,2026-09-29
63111471848,,,NDIS Commission register,https://www.ndiscommission.gov.au/provider-registration/find-registered-provider,Approved NT provider,2026-09-29
63111471848,,,official website,https://www.movementforlifephysio.com.au/,Company homepage,2026-09-29
63111471848,,,official website,https://www.movementforlifephysio.com.au/about,Staff / about page,2026-09-29
63111471848,,,official careers page,https://www.movementforlifephysio.com.au/careers,Careers / jobs,2026-09-29
63111471848,,,official careers page,https://www.movementforlifephysio.com.au/myphysio-career,Careers / jobs,2026-09-29
70617961252,,,NDIS Commission register,https://www.ndiscommission.gov.au/provider-registration/find-registered-provider,Approved NT provider,2026-09-29
45665147759,,,NDIS Commission register,https://www.ndiscommission.gov.au/provider-registration/find-registered-provider,Approved NT provider,2026-09-29
45665147759,,,official website,https://ndhs.au/,Company homepage,2026-09-29
45665147759,,,official careers page,https://ndhs.au/careers,Careers / jobs,2026-09-29
45665147759,,,official careers page,https://ndhs.au/careers/,Careers / jobs,2026-09-29
45665147759,,,official careers page,https://ndhs.au/jobs,Careers / jobs,2026-09-29
45665147759,,,official careers page,https://ndhs.au/jobs/,Careers / jobs,2026-09-29
45665147759,,,official careers page,https://ndhs.au/work-with-us,Careers / jobs,2026-09-29
45665147759,,,official careers page,https://ndhs.au/join-us,Careers / jobs,2026-09-29
53658356702,,,NDIS Commission register,https://www.ndiscommission.gov.au/provider-registration/find-registered-provider,Approved NT provider,2026-09-29
53658356702,,,official website,https://www.mindfullivingsupports.com/,Company homepage,2026-09-29
53658356702,,,official website,https://www.mindfullivingsupports.com/about-6,Staff / about page,2026-09-29
53658356702,,,official website,https://www.mindfullivingsupports.com/mlsteamhub,Staff / about page,2026-09-29
53658356702,,,official careers page,https://www.mindfullivingsupports.com/work-with-us,Careers / jobs,2026-09-29
48638378024,,,NDIS Commission register,https://www.ndiscommission.gov.au/provider-registration/find-registered-provider,Approved NT provider,2026-09-29
48638378024,,,official website,https://msjaustralia.com.au/,Company homepage,2026-09-29
48638378024,,,official website,https://msjaustralia.com.au/about-us/,Staff / about page,2026-09-29
48638378024,,,official careers page,https://msjaustralia.com.au/careers/,Careers / jobs,2026-09-29
53676529052,,,NDIS Commission register,https://www.ndiscommission.gov.au/provider-registration/find-registered-provider,Approved NT provider,2026-09-29
53676529052,,,official website,https://multicarenursing.com.au/,Company homepage,2026-09-29
53676529052,,,official website,https://multicarenursing.com.au/careers/,Staff / about page,2026-09-29
53676529052,,,official website,https://multicarenursing.com.au/about-us/,Staff / about page,2026-09-29
53676529052,,,official website,https://multicarenursing.com.au/in-home-support/,Staff / about page,2026-09-29
53676529052,,,official careers page,https://multicarenursing.com.au/careers/,Careers / jobs,2026-09-29
87139988935,,,NDIS Commission register,https://www.ndiscommission.gov.au/provider-registration/find-registered-provider,Approved NT provider,2026-09-29
87139988935,,,official website,https://murdockassociates.com.au/,Company homepage,2026-09-29
87139988935,,,official website,https://murdockassociates.com.au/about/,Staff / about page,2026-09-29
68645871861,,,NDIS Commission register,https://www.ndiscommission.gov.au/provider-registration/find-registered-provider,Approved NT provider,2026-09-29
68645871861,,,official website,https://mylifemychoice.com.au/,Company homepage,2026-09-29
68645871861,,,official website,https://mylifemychoice.com.au/about-us/,Staff / about page,2026-09-29
68645871861,,,official careers page,https://mylifemychoice.com.au/careers/,Careers / jobs,2026-09-29
68645871861,,,official careers page,https://mylifemychoice.com.au/service/access-maintain-employment-or-higher-education/,Careers / jobs,2026-09-29
70636477042,,,NDIS Commission register,https://www.ndiscommission.gov.au/provider-registration/find-registered-provider,Approved NT provider,2026-09-29
70636477042,,,official website,https://mytherapycrew.com.au/,Company homepage,2026-09-29
70636477042,,,official website,https://mytherapycrew.com.au/about-us,Staff / about page,2026-09-29
70636477042,,,official website,https://mytherapycrew.com.au/about-us/join-our-crew,Staff / about page,2026-09-29
70636477042,,,official website,https://mytherapycrew.com.au/wp-content/uploads/2022/05/INCIDENT-MANAGEMENT-PROCESS.pdf,Staff / about page,2026-09-29
70636477042,,,official careers page,https://mytherapycrew.com.au/about-us/join-our-crew,Careers / jobs,2026-09-29
56615970646,,,NDIS Commission register,https://www.ndiscommission.gov.au/provider-registration/find-registered-provider,Approved NT provider,2026-09-29
56615970646,,,official website,https://medimart.com.au/,Company homepage,2026-09-29
56615970646,,,official website,https://medimart.com.au/about-us/,Staff / about page,2026-09-29
16688791951,,,NDIS Commission register,https://www.ndiscommission.gov.au/provider-registration/find-registered-provider,Approved NT provider,2026-09-29
16688791951,,,official website,https://www.myhealthsolution.com.au/,Company homepage,2026-09-29
16688791951,,,official website,https://www.myhealthsolution.com.au/about-us,Staff / about page,2026-09-29
16688791951,,,official careers page,https://www.myhealthsolution.com.au/careers,Careers / jobs,2026-09-29
63644150934,,,NDIS Commission register,https://www.ndiscommission.gov.au/provider-registration/find-registered-provider,Approved NT provider,2026-09-29
63644150934,,,official website,https://www.mycarescope.com.au/,Company homepage,2026-09-29
63644150934,,,official careers page,https://www.mycarescope.com.au/contact,Careers / jobs,2026-09-29
89688074197,,,NDIS Commission register,https://www.ndiscommission.gov.au/provider-registration/find-registered-provider,Approved NT provider,2026-09-29
34645229367,,,NDIS Commission register,https://www.ndiscommission.gov.au/provider-registration/find-registered-provider,Approved NT provider,2026-09-29
69645794985,,,NDIS Commission register,https://www.ndiscommission.gov.au/provider-registration/find-registered-provider,Approved NT provider,2026-09-29
16150368237,,,NDIS Commission register,https://www.ndiscommission.gov.au/provider-registration/find-registered-provider,Approved NT provider,2026-09-29
16150368237,,,official website,https://myvoice.net.au/,Company homepage,2026-09-29
16150368237,,,official website,https://myvoice.net.au/my-voice-board/,Staff / about page,2026-09-29
16150368237,,,official careers page,https://myvoice.net.au/join-us/,Careers / jobs,2026-09-29
89668754461,,,NDIS Commission register,https://www.ndiscommission.gov.au/provider-registration/find-registered-provider,Approved NT provider,2026-09-29
89668754461,,,official website,https://www.mycareaccess.com.au/,Company homepage,2026-09-29
89668754461,,,official website,https://www.mycareaccess.com.au/my-care-access-about-us/,Staff / about page,2026-09-29
89668754461,,,official website,https://www.mycareaccess.com.au/contact-mca/,Staff / about page,2026-09-29
89668754461,,,official website,https://www.mycareaccess.com.au/newsfeed/,Staff / about page,2026-09-29
89668754461,,,official careers page,https://www.mycareaccess.com.au/accommodation/,Careers / jobs,2026-09-29
89668754461,,,official careers page,https://www.mycareaccess.com.au/services/,Careers / jobs,2026-09-29
89668754461,,,official careers page,https://www.mycareaccess.com.au/contact-mca/,Careers / jobs,2026-09-29
90655868170,,,NDIS Commission register,https://www.ndiscommission.gov.au/provider-registration/find-registered-provider,Approved NT provider,2026-09-29
47669096977,,,NDIS Commission register,https://www.ndiscommission.gov.au/provider-registration/find-registered-provider,Approved NT provider,2026-09-29
62149233634,,,NDIS Commission register,https://www.ndiscommission.gov.au/provider-registration/find-registered-provider,Approved NT provider,2026-09-29
62149233634,,,official website,https://myintegra.com.au/,Company homepage,2026-09-29
62149233634,,,official website,https://myintegra.com.au/about-us/,Staff / about page,2026-09-29
62149233634,,,official website,https://myintegra.com.au/ndis-plan-management/,Staff / about page,2026-09-29
62149233634,,,official website,https://myintegra.com.au/ndis-fund-management/,Staff / about page,2026-09-29
13691470505,,,NDIS Commission register,https://www.ndiscommission.gov.au/provider-registration/find-registered-provider,Approved NT provider,2026-09-29
13691470505,,,official website,https://www.ntpsychosocialrecovery.com.au/,Company homepage,2026-09-29
13691470505,,,official website,https://www.ntpsychosocialrecovery.com.au/about-us,Staff / about page,2026-09-29
59655051086,,,NDIS Commission register,https://www.ndiscommission.gov.au/provider-registration/find-registered-provider,Approved NT provider,2026-09-29
48626377053,,,NDIS Commission register,https://www.ndiscommission.gov.au/provider-registration/find-registered-provider,Approved NT provider,2026-09-29
16667364114,,,NDIS Commission register,https://www.ndiscommission.gov.au/provider-registration/find-registered-provider,Approved NT provider,2026-09-29
16667364114,,,official website,https://needscare.com.au/,Company homepage,2026-09-29
16667364114,,,official website,https://needscare.com.au/about-us/,Staff / about page,2026-09-29
16667364114,,,official website,https://needscare.com.au/household-tasks/,Staff / about page,2026-09-29
16667364114,,,official website,https://needscare.com.au/assist-personal-activities/,Staff / about page,2026-09-29
16667364114,,,official careers page,https://needscare.com.au/career/,Careers / jobs,2026-09-29
72647674502,,,NDIS Commission register,https://www.ndiscommission.gov.au/provider-registration/find-registered-provider,Approved NT provider,2026-09-29
72647674502,,,official website,https://www.outreachphysiotherapy.com/,Company homepage,2026-09-29
72647674502,,,official careers page,https://www.outreachphysiotherapy.com/careers-1,Careers / jobs,2026-09-29
59656222794,,,NDIS Commission register,https://www.ndiscommission.gov.au/provider-registration/find-registered-provider,Approved NT provider,2026-09-29
59656222794,,,official website,https://optionshealth.com.au/,Company homepage,2026-09-29
59656222794,,,official website,https://optionshealth.com.au/what-we-do/,Staff / about page,2026-09-29
59656222794,,,official careers page,https://optionshealth.com.au/careers/,Careers / jobs,2026-09-29
56679402567,,,NDIS Commission register,https://www.ndiscommission.gov.au/provider-registration/find-registered-provider,Approved NT provider,2026-09-29
56679402567,,,official website,https://oxaliscommunityservices.com.au/,Company homepage,2026-09-29
56679402567,,,official website,https://oxaliscommunityservices.com.au/about/,Staff / about page,2026-09-29
56679402567,,,official careers page,https://oxaliscommunityservices.com.au/careers/,Careers / jobs,2026-09-29
81653769414,,,NDIS Commission register,https://www.ndiscommission.gov.au/provider-registration/find-registered-provider,Approved NT provider,2026-09-29
81653769414,,,official website,https://outbackinclusivecare.com.au/,Company homepage,2026-09-29
81653769414,,,official website,https://outbackinclusivecare.com.au/about-us/,Staff / about page,2026-09-29
85688527353,,,NDIS Commission register,https://www.ndiscommission.gov.au/provider-registration/find-registered-provider,Approved NT provider,2026-09-29
85688527353,,,official website,https://outbackabilitycommunityservices.com.au/,Company homepage,2026-09-29
85688527353,,,official website,https://outbackabilitycommunityservices.com.au/about-us/,Staff / about page,2026-09-29
30623115453,,,NDIS Commission register,https://www.ndiscommission.gov.au/provider-registration/find-registered-provider,Approved NT provider,2026-09-29
30623115453,,,official website,https://patches.com.au/,Company homepage,2026-09-29
30623115453,,,official website,https://patches.com.au/about-us/,Staff / about page,2026-09-29
30623115453,,,official website,https://patches.com.au/meet-the-team/,Staff / about page,2026-09-29
30623115453,,,official careers page,https://patches.com.au/careers/,Careers / jobs,2026-09-29
82651448752,,,NDIS Commission register,https://www.ndiscommission.gov.au/provider-registration/find-registered-provider,Approved NT provider,2026-09-29
83616268458,,,NDIS Commission register,https://www.ndiscommission.gov.au/provider-registration/find-registered-provider,Approved NT provider,2026-09-29
83616268458,,,official website,https://orangeplan.com.au/,Company homepage,2026-09-29
83616268458,,,official website,https://orangeplan.com.au/about/,Staff / about page,2026-09-29
83616268458,,,official website,https://orangeplan.com.au/about/,Staff / about page,2026-09-29
83616268458,,,official website,https://orangeplan.com.au/plan-management/,Staff / about page,2026-09-29
50667039947,,,NDIS Commission register,https://www.ndiscommission.gov.au/provider-registration/find-registered-provider,Approved NT provider,2026-09-29
50667039947,,,official website,https://www.planmanagementmob.com/,Company homepage,2026-09-29
50667039947,,,official website,https://e3881adc-a253-48da-b054-d381cc938ec5.filesusr.com/ugd/508c2f_0470d44ebe3b40dd82ce321f2c61b75d.pdf,Staff / about page,2026-09-29
81640810500,,,NDIS Commission register,https://www.ndiscommission.gov.au/provider-registration/find-registered-provider,Approved NT provider,2026-09-29
81640810500,,,official website,https://northerncareservices.com.au/,Company homepage,2026-09-29
81640810500,,,official website,https://northerncareservices.com.au/about-us/,Staff / about page,2026-09-29
98670261873,,,NDIS Commission register,https://www.ndiscommission.gov.au/provider-registration/find-registered-provider,Approved NT provider,2026-09-29
81674984135,,,NDIS Commission register,https://www.ndiscommission.gov.au/provider-registration/find-registered-provider,Approved NT provider,2026-09-29
93511514201,,,NDIS Commission register,https://www.ndiscommission.gov.au/provider-registration/find-registered-provider,Approved NT provider,2026-09-29
93511514201,,,official website,https://www.inp.net.au/,Company homepage,2026-09-29
93511514201,,,official careers page,https://www.inp.net.au/,Careers / jobs,2026-09-29
20684833029,,,NDIS Commission register,https://www.ndiscommission.gov.au/provider-registration/find-registered-provider,Approved NT provider,2026-09-29
11664687932,,,NDIS Commission register,https://www.ndiscommission.gov.au/provider-registration/find-registered-provider,Approved NT provider,2026-09-29
11664687932,,,official website,https://primelinkcare.com.au/services/,Company homepage,2026-09-29
11664687932,,,official careers page,https://primelinkcare.com.au/services/,Careers / jobs,2026-09-29
11664687932,,,official careers page,https://primelinkcare.com.au/services/access-and-maintain-employment/,Careers / jobs,2026-09-29
92655602029,,,NDIS Commission register,https://www.ndiscommission.gov.au/provider-registration/find-registered-provider,Approved NT provider,2026-09-29
92655602029,,,official website,https://www.prismcommunitycare.com.au/,Company homepage,2026-09-29
92655602029,,,official website,https://www.prismcommunitycare.com.au/about.php,Staff / about page,2026-09-29
92655602029,,,official website,https://www.prismcommunitycare.com.au/managing-funding.php,Staff / about page,2026-09-29
92655602029,,,official careers page,https://www.prismcommunitycare.com.au/employment.php,Careers / jobs,2026-09-29
92676901438,,,NDIS Commission register,https://www.ndiscommission.gov.au/provider-registration/find-registered-provider,Approved NT provider,2026-09-29
14644475114,,,NDIS Commission register,https://www.ndiscommission.gov.au/provider-registration/find-registered-provider,Approved NT provider,2026-09-29
14644475114,,,official website,https://positivepractices.com.au/,Company homepage,2026-09-29
14644475114,,,official website,https://positivepractices.com.au/join-our-team/,Staff / about page,2026-09-29
14644475114,,,official careers page,https://positivepractices.com.au/careers/,Careers / jobs,2026-09-29
14644475114,,,official careers page,https://positivepractices.com.au/join-our-team/,Careers / jobs,2026-09-29
33675307098,,,NDIS Commission register,https://www.ndiscommission.gov.au/provider-registration/find-registered-provider,Approved NT provider,2026-09-29
33675307098,,,official website,https://accounts.google.com/v3/signin/identifier?continue=https://mail.google.com/mail/u/0/&emr=1&followup=https://mail.google.com/mail/u/0/&osid=1&passive=1209600&service=mail&flowName=WebLiteSignIn&flowEntry=ServiceLogin&dsh=S-1155807687:1790656732141809,Company homepage,2026-09-29
53640516856,,,NDIS Commission register,https://www.ndiscommission.gov.au/provider-registration/find-registered-provider,Approved NT provider,2026-09-29
53640516856,,,official website,https://purplesupport.com.au/,Company homepage,2026-09-29
53640516856,,,official website,https://purplesupport.com.au/about-us,Staff / about page,2026-09-29
53640516856,,,official website,https://purplesupport.com.au/career,Staff / about page,2026-09-29
53640516856,,,official website,https://purplesupport.com.au/about-us/our-achievements,Staff / about page,2026-09-29
53640516856,,,official careers page,https://purplesupport.com.au/career,Careers / jobs,2026-09-29
53640516856,,,official careers page,https://purplesupport.com.au/career/excellence-awards,Careers / jobs,2026-09-29
53640516856,,,official careers page,https://purplesupport.com.au/services/school-leaver-employment-support,Careers / jobs,2026-09-29
53640516856,,,official careers page,https://purplesupport.com.au/career/past-awards-winners/2026-excellence-awards,Careers / jobs,2026-09-29
43641197659,,,NDIS Commission register,https://www.ndiscommission.gov.au/provider-registration/find-registered-provider,Approved NT provider,2026-09-29
43641197659,,,official website,https://planhero.com.au/,Company homepage,2026-09-29
43641197659,,,official website,https://planhero.com.au/ndis-plan-management/about-plan-hero/,Staff / about page,2026-09-29
43641197659,,,official website,https://planhero.com.au/ndis-plan-management/,Staff / about page,2026-09-29
43641197659,,,official website,https://planhero.com.au/ndis-plan-management/,Staff / about page,2026-09-29
43641197659,,,official careers page,https://planhero.com.au/ndis-employment/,Careers / jobs,2026-09-29
49138916622,,,NDIS Commission register,https://www.ndiscommission.gov.au/provider-registration/find-registered-provider,Approved NT provider,2026-09-29
49138916622,,,official website,https://www.qsss.com.au/,Company homepage,2026-09-29
49138916622,,,official website,https://www.qsss.com.au/about-us/,Staff / about page,2026-09-29
49138916622,,,official website,https://www.qsss.com.au/our-team/,Staff / about page,2026-09-29
49138916622,,,official website,https://www.qsss.com.au/services/behavioural-support/,Staff / about page,2026-09-29
49138916622,,,official careers page,https://www.qsss.com.au/employment/,Careers / jobs,2026-09-29
49138916622,,,official careers page,https://www.qsss.com.au/employment/,Careers / jobs,2026-09-29
67673240045,,,NDIS Commission register,https://www.ndiscommission.gov.au/provider-registration/find-registered-provider,Approved NT provider,2026-09-29
23646302061,,,NDIS Commission register,https://www.ndiscommission.gov.au/provider-registration/find-registered-provider,Approved NT provider,2026-09-29
29670228369,,,NDIS Commission register,https://www.ndiscommission.gov.au/provider-registration/find-registered-provider,Approved NT provider,2026-09-29
87673003604,,,NDIS Commission register,https://www.ndiscommission.gov.au/provider-registration/find-registered-provider,Approved NT provider,2026-09-29
37638386080,,,NDIS Commission register,https://www.ndiscommission.gov.au/provider-registration/find-registered-provider,Approved NT provider,2026-09-29
37638386080,,,official website,https://rotanahw.com/,Company homepage,2026-09-29
37638386080,,,official website,https://rotanahw.com/about-us/,Staff / about page,2026-09-29
37638386080,,,official careers page,https://rotanahw.com/service/upskilling/,Careers / jobs,2026-09-29
75125223645,,,NDIS Commission register,https://www.ndiscommission.gov.au/provider-registration/find-registered-provider,Approved NT provider,2026-09-29
75125223645,,,official website,https://www.regis.com.au/,Company homepage,2026-09-29
75125223645,,,official website,https://www.regis.com.au/leadership/,Staff / about page,2026-09-29
75125223645,,,official website,https://www.regis.com.au/investor-information/corporate-governance/,Staff / about page,2026-09-29
75125223645,,,official careers page,https://www.regis.com.au/careers/,Careers / jobs,2026-09-29
75125223645,,,official careers page,https://www.regis.com.au/newsroom/career-news/,Careers / jobs,2026-09-29
72630144811,,,NDIS Commission register,https://www.ndiscommission.gov.au/provider-registration/find-registered-provider,Approved NT provider,2026-09-29
72630144811,,,official website,https://sacredbusinessservices.com.au/,Company homepage,2026-09-29
72630144811,,,official careers page,https://sacredbusinessservices.com.au/careers,Careers / jobs,2026-09-29
72630144811,,,official careers page,https://sacredbusinessservices.com.au/careers/,Careers / jobs,2026-09-29
72630144811,,,official careers page,https://sacredbusinessservices.com.au/jobs,Careers / jobs,2026-09-29
72630144811,,,official careers page,https://sacredbusinessservices.com.au/jobs/,Careers / jobs,2026-09-29
72630144811,,,official careers page,https://sacredbusinessservices.com.au/work-with-us,Careers / jobs,2026-09-29
72630144811,,,official careers page,https://sacredbusinessservices.com.au/join-us,Careers / jobs,2026-09-29
35678485580,,,NDIS Commission register,https://www.ndiscommission.gov.au/provider-registration/find-registered-provider,Approved NT provider,2026-09-29
35678485580,,,official website,https://www.saharacommunitysupport.com.au/,Company homepage,2026-09-29
83692160982,,,NDIS Commission register,https://www.ndiscommission.gov.au/provider-registration/find-registered-provider,Approved NT provider,2026-09-29
81670327849,,,NDIS Commission register,https://www.ndiscommission.gov.au/provider-registration/find-registered-provider,Approved NT provider,2026-09-29
13634298776,,,NDIS Commission register,https://www.ndiscommission.gov.au/provider-registration/find-registered-provider,Approved NT provider,2026-09-29
13634298776,,,official website,https://www.salconsulting.com.au/,Company homepage,2026-09-29
13634298776,,,official website,https://www.salconsulting.com.au/about-us,Staff / about page,2026-09-29
13634298776,,,official website,https://www.salconsulting.com.au/therapy-for-young-people,Staff / about page,2026-09-29
13634298776,,,official careers page,https://www.salconsulting.com.au/jobs,Careers / jobs,2026-09-29
95672521765,,,NDIS Commission register,https://www.ndiscommission.gov.au/provider-registration/find-registered-provider,Approved NT provider,2026-09-29
41675901621,,,NDIS Commission register,https://www.ndiscommission.gov.au/provider-registration/find-registered-provider,Approved NT provider,2026-09-29
41675901621,,,official website,https://saltwatersupportservices.com/services-2,Company homepage,2026-09-29
41675901621,,,official website,https://saltwatersupportservices.com/about-us,Staff / about page,2026-09-29
51676678158,,,NDIS Commission register,https://www.ndiscommission.gov.au/provider-registration/find-registered-provider,Approved NT provider,2026-09-29
24678001048,,,NDIS Commission register,https://www.ndiscommission.gov.au/provider-registration/find-registered-provider,Approved NT provider,2026-09-29
28659146782,,,NDIS Commission register,https://www.ndiscommission.gov.au/provider-registration/find-registered-provider,Approved NT provider,2026-09-29
61665772789,,,NDIS Commission register,https://www.ndiscommission.gov.au/provider-registration/find-registered-provider,Approved NT provider,2026-09-29
77660802540,,,NDIS Commission register,https://www.ndiscommission.gov.au/provider-registration/find-registered-provider,Approved NT provider,2026-09-29
38641509417,,,NDIS Commission register,https://www.ndiscommission.gov.au/provider-registration/find-registered-provider,Approved NT provider,2026-09-29
92670407646,,,NDIS Commission register,https://www.ndiscommission.gov.au/provider-registration/find-registered-provider,Approved NT provider,2026-09-29
92670407646,,,official website,https://skyringsda.com.au/,Company homepage,2026-09-29
92670407646,,,official website,https://skyringsda.com.au/agents/darwin_team/,Staff / about page,2026-09-29
76641389399,,,NDIS Commission register,https://www.ndiscommission.gov.au/provider-registration/find-registered-provider,Approved NT provider,2026-09-29
76641389399,,,official website,https://samaf.com.au/,Company homepage,2026-09-29
76641389399,,,official website,https://samaf.com.au/about-us/,Staff / about page,2026-09-29
76641389399,,,official website,https://samaf.com.au/service/management-consulting/,Staff / about page,2026-09-29
19166170930,,,NDIS Commission register,https://www.ndiscommission.gov.au/provider-registration/find-registered-provider,Approved NT provider,2026-09-29
19166170930,,,official website,https://shapingfutures.com.au/,Company homepage,2026-09-29
19166170930,,,official website,https://shapingfutures.com.au/about-us/,Staff / about page,2026-09-29
19166170930,,,official website,https://shapingfutures.com.au/our-team/,Staff / about page,2026-09-29
19166170930,,,official careers page,https://shapingfutures.com.au/vacancies/,Careers / jobs,2026-09-29
13655097082,,,NDIS Commission register,https://www.ndiscommission.gov.au/provider-registration/find-registered-provider,Approved NT provider,2026-09-29
13655097082,,,official website,https://suremercy.com.au/,Company homepage,2026-09-29
13655097082,,,official careers page,https://suremercy.com.au/career/,Careers / jobs,2026-09-29
95641058924,,,NDIS Commission register,https://www.ndiscommission.gov.au/provider-registration/find-registered-provider,Approved NT provider,2026-09-29
11119014292,,,NDIS Commission register,https://www.ndiscommission.gov.au/provider-registration/find-registered-provider,Approved NT provider,2026-09-29
45690526679,,,NDIS Commission register,https://www.ndiscommission.gov.au/provider-registration/find-registered-provider,Approved NT provider,2026-09-29
33633879286,,,NDIS Commission register,https://www.ndiscommission.gov.au/provider-registration/find-registered-provider,Approved NT provider,2026-09-29
33633879286,,,official website,https://supportivechoices.com.au/,Company homepage,2026-09-29
44669601012,,,NDIS Commission register,https://www.ndiscommission.gov.au/provider-registration/find-registered-provider,Approved NT provider,2026-09-29
44669601012,,,official website,https://territoryplus.com.au/,Company homepage,2026-09-29
44669601012,,,official website,https://territoryplus.com.au/about-us/,Staff / about page,2026-09-29
56679773132,,,NDIS Commission register,https://www.ndiscommission.gov.au/provider-registration/find-registered-provider,Approved NT provider,2026-09-29
56679773132,,,official website,https://supportpathwaysdisability.com.au/,Company homepage,2026-09-29
31651797223,,,NDIS Commission register,https://www.ndiscommission.gov.au/provider-registration/find-registered-provider,Approved NT provider,2026-09-29
70635819322,,,NDIS Commission register,https://www.ndiscommission.gov.au/provider-registration/find-registered-provider,Approved NT provider,2026-09-29
90676089884,,,NDIS Commission register,https://www.ndiscommission.gov.au/provider-registration/find-registered-provider,Approved NT provider,2026-09-29
29089411389,,,NDIS Commission register,https://www.ndiscommission.gov.au/provider-registration/find-registered-provider,Approved NT provider,2026-09-29
29089411389,,,official website,https://tcass.com.au/,Company homepage,2026-09-29
29089411389,,,official website,https://tcass.com.au/who-we-are/,Staff / about page,2026-09-29
29089411389,,,official website,https://tcass.com.au/about/,Staff / about page,2026-09-29
29089411389,,,official careers page,https://tcass.com.au/employment-application-form/,Careers / jobs,2026-09-29
91674091911,,,NDIS Commission register,https://www.ndiscommission.gov.au/provider-registration/find-registered-provider,Approved NT provider,2026-09-29
80606740345,,,NDIS Commission register,https://www.ndiscommission.gov.au/provider-registration/find-registered-provider,Approved NT provider,2026-09-29
80606740345,,,official website,https://www.territorytherapysolutions.com.au/,Company homepage,2026-09-29
80606740345,,,official website,https://www.territorytherapysolutions.com.au/about-us/,Staff / about page,2026-09-29
80606740345,,,official careers page,https://www.territorytherapysolutions.com.au/employment/,Careers / jobs,2026-09-29
96681556963,,,NDIS Commission register,https://www.ndiscommission.gov.au/provider-registration/find-registered-provider,Approved NT provider,2026-09-29
98673557849,,,NDIS Commission register,https://www.ndiscommission.gov.au/provider-registration/find-registered-provider,Approved NT provider,2026-09-29
98673557849,,,official website,https://www.thegoodfightnt.com.au/,Company homepage,2026-09-29
98673557849,,,official website,https://www.thegoodfightnt.com.au/,Staff / about page,2026-09-29
98673557849,,,official website,https://www.thegoodfightnt.com.au/our-team,Staff / about page,2026-09-29
98673557849,,,official website,https://www.thegoodfightnt.com.au/about-us,Staff / about page,2026-09-29
14675031991,,,NDIS Commission register,https://www.ndiscommission.gov.au/provider-registration/find-registered-provider,Approved NT provider,2026-09-29
14675031991,,,official website,https://www.thelittletree.com.au/,Company homepage,2026-09-29
14675031991,,,official careers page,https://www.thelittletree.com.au/jobs,Careers / jobs,2026-09-29
14675031991,,,official careers page,https://www.thelittletree.com.au/jobs,Careers / jobs,2026-09-29
70688189148,,,NDIS Commission register,https://www.ndiscommission.gov.au/provider-registration/find-registered-provider,Approved NT provider,2026-09-29
60105476668,,,NDIS Commission register,https://www.ndiscommission.gov.au/provider-registration/find-registered-provider,Approved NT provider,2026-09-29
60105476668,,,official website,https://www.thenappyshop.com.au/,Company homepage,2026-09-29
60105476668,,,official website,https://www.thenappyshop.com.au/pages/about-us,Staff / about page,2026-09-29
36655294447,,,NDIS Commission register,https://www.ndiscommission.gov.au/provider-registration/find-registered-provider,Approved NT provider,2026-09-29
36655294447,,,official website,https://www.tiwisupport.com.au/,Company homepage,2026-09-29
36655294447,,,official website,https://www.tiwisupport.com.au/about-us/,Staff / about page,2026-09-29
36655294447,,,official careers page,https://www.tiwisupport.com.au/careers/,Careers / jobs,2026-09-29
99624923753,,,NDIS Commission register,https://www.ndiscommission.gov.au/provider-registration/find-registered-provider,Approved NT provider,2026-09-29
99624923753,,,official website,https://tkcommunitycare.com.au/,Company homepage,2026-09-29
99624923753,,,official website,https://tkcommunitycare.com.au/about-us/,Staff / about page,2026-09-29
99624923753,,,official careers page,https://tkcommunitycare.com.au/careers/,Careers / jobs,2026-09-29
36648487218,,,NDIS Commission register,https://www.ndiscommission.gov.au/provider-registration/find-registered-provider,Approved NT provider,2026-09-29
99651713245,,,NDIS Commission register,https://www.ndiscommission.gov.au/provider-registration/find-registered-provider,Approved NT provider,2026-09-29
78642061121,,,NDIS Commission register,https://www.ndiscommission.gov.au/provider-registration/find-registered-provider,Approved NT provider,2026-09-29
83639047662,,,NDIS Commission register,https://www.ndiscommission.gov.au/provider-registration/find-registered-provider,Approved NT provider,2026-09-29
83639047662,,,official website,https://thsnt.com.au/,Company homepage,2026-09-29
83639047662,,,official website,https://thsnt.com.au/team/,Staff / about page,2026-09-29
83639047662,,,official website,https://thsnt.com.au/about-us/,Staff / about page,2026-09-29
50626343468,,,NDIS Commission register,https://www.ndiscommission.gov.au/provider-registration/find-registered-provider,Approved NT provider,2026-09-29
50626343468,,,official website,https://www.topendalliedhealth.com.au/,Company homepage,2026-09-29
50626343468,,,official website,https://www.topendalliedhealth.com.au/about-us/,Staff / about page,2026-09-29
50626343468,,,official website,https://www.topendalliedhealth.com.au/occupational-therapy/,Staff / about page,2026-09-29
50626343468,,,official website,https://www.topendalliedhealth.com.au/support-accommodation/,Staff / about page,2026-09-29
50626343468,,,official careers page,https://www.topendalliedhealth.com.au/support-accommodation/,Careers / jobs,2026-09-29
87647494371,,,NDIS Commission register,https://www.ndiscommission.gov.au/provider-registration/find-registered-provider,Approved NT provider,2026-09-29
87647494371,,,official website,https://touchinglivescommunityservices.com.au/,Company homepage,2026-09-29
51677826738,,,NDIS Commission register,https://www.ndiscommission.gov.au/provider-registration/find-registered-provider,Approved NT provider,2026-09-29
51677826738,,,official website,https://www.trackscare.com.au/,Company homepage,2026-09-29
51677826738,,,official careers page,https://www.trackscare.com.au/careers,Careers / jobs,2026-09-29
51677826738,,,official careers page,https://www.trackscare.com.au/careers/,Careers / jobs,2026-09-29
51677826738,,,official careers page,https://www.trackscare.com.au/jobs,Careers / jobs,2026-09-29
51677826738,,,official careers page,https://www.trackscare.com.au/jobs/,Careers / jobs,2026-09-29
51677826738,,,official careers page,https://www.trackscare.com.au/work-with-us,Careers / jobs,2026-09-29
23644676040,,,NDIS Commission register,https://www.ndiscommission.gov.au/provider-registration/find-registered-provider,Approved NT provider,2026-09-29
53651155332,,,NDIS Commission register,https://www.ndiscommission.gov.au/provider-registration/find-registered-provider,Approved NT provider,2026-09-29
80641064020,,,NDIS Commission register,https://www.ndiscommission.gov.au/provider-registration/find-registered-provider,Approved NT provider,2026-09-29
80641064020,,,official website,https://towardsthehorizon.com.au/,Company homepage,2026-09-29
80641064020,,,official website,https://towardsthehorizon.com.au/our-teams/,Staff / about page,2026-09-29
80641064020,,,official website,https://towardsthehorizon.com.au/who-we-are/,Staff / about page,2026-09-29
80641064020,,,official careers page,https://towardsthehorizon.com.au/careers/,Careers / jobs,2026-09-29
63643476279,,,NDIS Commission register,https://www.ndiscommission.gov.au/provider-registration/find-registered-provider,Approved NT provider,2026-09-29
63643476279,,,official website,https://topcarecs.com.au/,Company homepage,2026-09-29
37647513586,,,NDIS Commission register,https://www.ndiscommission.gov.au/provider-registration/find-registered-provider,Approved NT provider,2026-09-29
19667608380,,,NDIS Commission register,https://www.ndiscommission.gov.au/provider-registration/find-registered-provider,Approved NT provider,2026-09-29
71671669122,,,NDIS Commission register,https://www.ndiscommission.gov.au/provider-registration/find-registered-provider,Approved NT provider,2026-09-29
97631869942,,,NDIS Commission register,https://www.ndiscommission.gov.au/provider-registration/find-registered-provider,Approved NT provider,2026-09-29
97631869942,,,official website,https://truelinkcommunityservices.com.au/,Company homepage,2026-09-29
97631869942,,,official website,https://truelinkcommunityservices.com.au/about-us/,Staff / about page,2026-09-29
97631869942,,,official careers page,https://truelinkcommunityservices.com.au/careers/,Careers / jobs,2026-09-29
22097510926,,,NDIS Commission register,https://www.ndiscommission.gov.au/provider-registration/find-registered-provider,Approved NT provider,2026-09-29
13661557642,,,NDIS Commission register,https://www.ndiscommission.gov.au/provider-registration/find-registered-provider,Approved NT provider,2026-09-29
39694132271,,,NDIS Commission register,https://www.ndiscommission.gov.au/provider-registration/find-registered-provider,Approved NT provider,2026-09-29
12673540335,,,NDIS Commission register,https://www.ndiscommission.gov.au/provider-registration/find-registered-provider,Approved NT provider,2026-09-29
12673540335,,,official website,https://www.tcscare.com.au/cgi-sys/suspendedpage.cgi,Company homepage,2026-09-29
12673540335,,,official careers page,https://www.tcscare.com.au/cgi-sys/suspendedpage.cgi,Careers / jobs,2026-09-29
12673540335,,,official careers page,https://www.tcscare.com.au/cgi-sys/suspendedpage.cgi,Careers / jobs,2026-09-29
12673540335,,,official careers page,https://www.tcscare.com.au/cgi-sys/suspendedpage.cgi,Careers / jobs,2026-09-29
12673540335,,,official careers page,https://www.tcscare.com.au/cgi-sys/suspendedpage.cgi,Careers / jobs,2026-09-29
12673540335,,,official careers page,https://www.tcscare.com.au/cgi-sys/suspendedpage.cgi,Careers / jobs,2026-09-29
12673540335,,,official careers page,https://www.tcscare.com.au/cgi-sys/suspendedpage.cgi,Careers / jobs,2026-09-29
70656500668,,,NDIS Commission register,https://www.ndiscommission.gov.au/provider-registration/find-registered-provider,Approved NT provider,2026-09-29
20670532457,,,NDIS Commission register,https://www.ndiscommission.gov.au/provider-registration/find-registered-provider,Approved NT provider,2026-09-29
92668108003,,,NDIS Commission register,https://www.ndiscommission.gov.au/provider-registration/find-registered-provider,Approved NT provider,2026-09-29
92668108003,,,official website,https://valuecarecommunitysupportservices.com.au/,Company homepage,2026-09-29
92668108003,,,official careers page,https://valuecarecommunitysupportservices.com.au/careers,Careers / jobs,2026-09-29
92668108003,,,official careers page,https://valuecarecommunitysupportservices.com.au/careers/,Careers / jobs,2026-09-29
92668108003,,,official careers page,https://valuecarecommunitysupportservices.com.au/jobs,Careers / jobs,2026-09-29
92668108003,,,official careers page,https://valuecarecommunitysupportservices.com.au/jobs/,Careers / jobs,2026-09-29
92668108003,,,official careers page,https://valuecarecommunitysupportservices.com.au/work-with-us,Careers / jobs,2026-09-29
92668108003,,,official careers page,https://valuecarecommunitysupportservices.com.au/join-us,Careers / jobs,2026-09-29
16630970419,,,NDIS Commission register,https://www.ndiscommission.gov.au/provider-registration/find-registered-provider,Approved NT provider,2026-09-29
16630970419,,,official website,https://veritable.com.au/,Company homepage,2026-09-29
16630970419,,,official careers page,https://veritable.com.au/about/work-with-us/,Careers / jobs,2026-09-29
43946985177,,,NDIS Commission register,https://www.ndiscommission.gov.au/provider-registration/find-registered-provider,Approved NT provider,2026-09-29
43946985177,,,official website,https://www.vitalityhealthrehab.com.au/,Company homepage,2026-09-29
43946985177,,,official website,https://www.vitalityhealthrehab.com.au/meet-the-team,Staff / about page,2026-09-29
43946985177,,,official careers page,https://www.vitalityhealthrehab.com.au/careers,Careers / jobs,2026-09-29
54668738109,,,NDIS Commission register,https://www.ndiscommission.gov.au/provider-registration/find-registered-provider,Approved NT provider,2026-09-29
42683740427,,,NDIS Commission register,https://www.ndiscommission.gov.au/provider-registration/find-registered-provider,Approved NT provider,2026-09-29
15639893477,,,NDIS Commission register,https://www.ndiscommission.gov.au/provider-registration/find-registered-provider,Approved NT provider,2026-09-29
15639893477,,,official website,https://unitedntds.com.au/,Company homepage,2026-09-29
15639893477,,,official website,https://unitedntds.com.au/our-team/,Staff / about page,2026-09-29
15639893477,,,official website,https://unitedntds.com.au/team/tarun-nanda/,Staff / about page,2026-09-29
15639893477,,,official website,https://unitedntds.com.au/team/gary-cooper/,Staff / about page,2026-09-29
62680503799,,,NDIS Commission register,https://www.ndiscommission.gov.au/provider-registration/find-registered-provider,Approved NT provider,2026-09-29
55618450856,,,NDIS Commission register,https://www.ndiscommission.gov.au/provider-registration/find-registered-provider,Approved NT provider,2026-09-29
28642331959,,,NDIS Commission register,https://www.ndiscommission.gov.au/provider-registration/find-registered-provider,Approved NT provider,2026-09-29
28642331959,,,official website,https://vitaltimecare.com.au/,Company homepage,2026-09-29
28642331959,,,official website,https://vitaltimecare.com.au/about-us/,Staff / about page,2026-09-29
28642331959,,,official website,https://vitaltimecare.com.au/about-us/,Staff / about page,2026-09-29
28642331959,,,official website,https://vitaltimecare.com.au/about-us/our-promises/,Staff / about page,2026-09-29
30673746668,,,NDIS Commission register,https://www.ndiscommission.gov.au/provider-registration/find-registered-provider,Approved NT provider,2026-09-29
30673746668,,,official website,https://ultimatecarent.com.au/,Company homepage,2026-09-29
30673746668,,,official website,https://ultimatecarent.com.au/about/,Staff / about page,2026-09-29
30673746668,,,official website,https://ultimatecarent.com.au/about/,Staff / about page,2026-09-29
30673746668,,,official careers page,https://ultimatecarent.com.au/career/,Careers / jobs,2026-09-29
67682375748,,,NDIS Commission register,https://www.ndiscommission.gov.au/provider-registration/find-registered-provider,Approved NT provider,2026-09-29
66665631354,,,NDIS Commission register,https://www.ndiscommission.gov.au/provider-registration/find-registered-provider,Approved NT provider,2026-09-29
66665631354,,,official website,https://swplanmanagers.com.au/,Company homepage,2026-09-29
66665631354,,,official website,https://swplanmanagers.com.au/team/,Staff / about page,2026-09-29
51683661903,,,NDIS Commission register,https://www.ndiscommission.gov.au/provider-registration/find-registered-provider,Approved NT provider,2026-09-29
51683661903,,,official website,https://www.welfareconnections.com.au/,Company homepage,2026-09-29
51683661903,,,official careers page,https://www.welfareconnections.com.au/careers,Careers / jobs,2026-09-29
51683661903,,,official careers page,https://www.welfareconnections.com.au/careers/,Careers / jobs,2026-09-29
51683661903,,,official careers page,https://www.welfareconnections.com.au/jobs,Careers / jobs,2026-09-29
51683661903,,,official careers page,https://www.welfareconnections.com.au/jobs/,Careers / jobs,2026-09-29
51683661903,,,official careers page,https://www.welfareconnections.com.au/work-with-us,Careers / jobs,2026-09-29
51683661903,,,official careers page,https://www.welfareconnections.com.au/join-us,Careers / jobs,2026-09-29
26670981683,,,NDIS Commission register,https://www.ndiscommission.gov.au/provider-registration/find-registered-provider,Approved NT provider,2026-09-29
26670981683,,,official website,https://www.wingscommunityservices.com.au/,Company homepage,2026-09-29
26670981683,,,official website,https://www.wingscommunityservices.com.au/about-us/,Staff / about page,2026-09-29
26670981683,,,official careers page,https://www.wingscommunityservices.com.au/sil-vacancies/,Careers / jobs,2026-09-29
26670981683,,,official careers page,https://www.wingscommunityservices.com.au/career/,Careers / jobs,2026-09-29
39609413550,,,NDIS Commission register,https://www.ndiscommission.gov.au/provider-registration/find-registered-provider,Approved NT provider,2026-09-29
58641913260,,,NDIS Commission register,https://www.ndiscommission.gov.au/provider-registration/find-registered-provider,Approved NT provider,2026-09-29
58641913260,,,official website,https://wekaredisability.com.au/,Company homepage,2026-09-29
58641913260,,,official website,https://wekaredisability.com.au/about-us/,Staff / about page,2026-09-29
58641913260,,,official website,https://wekaredisability.com.au/services/plan-management-services/,Staff / about page,2026-09-29
58641913260,,,official careers page,https://wekaredisability.com.au/work-with-us/,Careers / jobs,2026-09-29
21645574385,,,NDIS Commission register,https://www.ndiscommission.gov.au/provider-registration/find-registered-provider,Approved NT provider,2026-09-29
21645574385,,,official website,https://westlinkservices.com.au/,Company homepage,2026-09-29
21645574385,,,official website,https://westlinkservices.com.au/about-us/,Staff / about page,2026-09-29
21645574385,,,official website,https://westlinkservices.com.au/can-you-steam-clean-wool-carpet/,Staff / about page,2026-09-29
21645574385,,,official careers page,https://docs.google.com/forms/d/e/1FAIpQLSdNKB11XEGpy7b_ahs5vsXg2tuZNJ0szXFgB_kuZMt_DOojpQ/viewform,Careers / jobs,2026-09-29
21645574385,,,official careers page,https://docs.google.com/forms/d/e/1FAIpQLSdNKB11XEGpy7b_ahs5vsXg2tuZNJ0szXFgB_kuZMt_DOojpQ/viewform,Careers / jobs,2026-09-29
21645574385,,,official careers page,https://docs.google.com/forms/d/e/1FAIpQLSfzyUqVlxCmL2UHushFEsgGVANJNIQAlcBWxVQWxJrGU1jhhQ/viewform,Careers / jobs,2026-09-29
22652695915,,,NDIS Commission register,https://www.ndiscommission.gov.au/provider-registration/find-registered-provider,Approved NT provider,2026-09-29
97890960021,,,NDIS Commission register,https://www.ndiscommission.gov.au/provider-registration/find-registered-provider,Approved NT provider,2026-09-29
97890960021,,,official website,https://xtremecareaustralia.com.au/,Company homepage,2026-09-29
97890960021,,,official website,https://xtremecareaustralia.com.au/about/,Staff / about page,2026-09-29
97890960021,,,official website,https://xtremecareaustralia.com.au/our-team/,Staff / about page,2026-09-29
97890960021,,,official website,https://xtremecareaustralia.com.au/plan-management/,Staff / about page,2026-09-29
97890960021,,,official careers page,https://xtremecareaustralia.com.au/work-with-us/,Careers / jobs,2026-09-29
89897155264,,,NDIS Commission register,https://www.ndiscommission.gov.au/provider-registration/find-registered-provider,Approved NT provider,2026-09-29
49887648104,,,NDIS Commission register,https://www.ndiscommission.gov.au/provider-registration/find-registered-provider,Approved NT provider,2026-09-29
59603287550,,,NDIS Commission register,https://www.ndiscommission.gov.au/provider-registration/find-registered-provider,Approved NT provider,2026-09-29
82270236891,,,NDIS Commission register,https://www.ndiscommission.gov.au/provider-registration/find-registered-provider,Approved NT provider,2026-09-29
24644212260,,,NDIS Commission register,https://www.ndiscommission.gov.au/provider-registration/find-registered-provider,Approved NT provider,2026-09-29
24644212260,,,official website,https://www.woollybutt.au/,Company homepage,2026-09-29
78694073505,,,NDIS Commission register,https://www.ndiscommission.gov.au/provider-registration/find-registered-provider,Approved NT provider,2026-09-29
41193569386,,,NDIS Commission register,https://www.ndiscommission.gov.au/provider-registration/find-registered-provider,Approved NT provider,2026-09-29
38686553177,,,NDIS Commission register,https://www.ndiscommission.gov.au/provider-registration/find-registered-provider,Approved NT provider,2026-09-29
38686553177,,,official website,https://yorf.com.au/,Company homepage,2026-09-29
38686553177,,,official website,https://yorf.com.au/careers/,Staff / about page,2026-09-29
38686553177,,,official website,https://yorf.com.au/about-us/,Staff / about page,2026-09-29
38686553177,,,official careers page,https://yorf.com.au/careers/,Careers / jobs,2026-09-29
97084274540,,,NDIS Commission register,https://www.ndiscommission.gov.au/provider-registration/find-registered-provider,Approved NT provider,2026-09-29
23629676422,,,NDIS Commission register,https://www.ndiscommission.gov.au/provider-registration/find-registered-provider,Approved NT provider,2026-09-29
23629676422,,,official website,https://jamanagementservices.com.au/,Company homepage,2026-09-29
23629676422,,,official website,https://jamanagementservices.com.au/plan-management/,Staff / about page,2026-09-29
52105952891,,,NDIS Commission register,https://www.ndiscommission.gov.au/provider-registration/find-registered-provider,Approved NT provider,2026-09-29
50217603126,,,NDIS Commission register,https://www.ndiscommission.gov.au/provider-registration/find-registered-provider,Approved NT provider,2026-09-29
50217603126,,,official website,https://www.smarterhappierkids.com/,Company homepage,2026-09-29
66825073525,,,NDIS Commission register,https://www.ndiscommission.gov.au/provider-registration/find-registered-provider,Approved NT provider,2026-09-29
66825073525,,,official website,https://mcpm.net.au/,Company homepage,2026-09-29
66825073525,,,official website,https://mcpm.net.au/about-us/,Staff / about page,2026-09-29
66825073525,,,official website,https://mcpm.net.au/what-can-you-claim-with-ndis-plan-management/,Staff / about page,2026-09-29
46855321276,,,NDIS Commission register,https://www.ndiscommission.gov.au/provider-registration/find-registered-provider,Approved NT provider,2026-09-29
87756144763,,,NDIS Commission register,https://www.ndiscommission.gov.au/provider-registration/find-registered-provider,Approved NT provider,2026-09-29
87756144763,,,official website,https://www.gtshs.com.au/,Company homepage,2026-09-29
87756144763,,,official careers page,https://www.gtshs.com.au/careers/,Careers / jobs,2026-09-29
87756144763,,,official careers page,https://www.gtshs.com.au/jobs,Careers / jobs,2026-09-29
87756144763,,,official careers page,https://www.gtshs.com.au/jobs/,Careers / jobs,2026-09-29
87756144763,,,official careers page,https://www.gtshs.com.au/work-with-us,Careers / jobs,2026-09-29
87756144763,,,official careers page,https://www.gtshs.com.au/join-us,Careers / jobs,2026-09-29
55217612663,,,NDIS Commission register,https://www.ndiscommission.gov.au/provider-registration/find-registered-provider,Approved NT provider,2026-09-29
55217612663,,,official website,https://steppingstonestherapy.com.au/,Company homepage,2026-09-29
55217612663,,,official website,https://steppingstonestherapy.com.au/about/,Staff / about page,2026-09-29
55217612663,,,official website,https://steppingstonestherapy.com.au/our-team/,Staff / about page,2026-09-29
55217612663,,,official careers page,https://steppingstonestherapy.com.au/employment-vacancies/,Careers / jobs,2026-09-29
85629811290,,,NDIS Commission register,https://www.ndiscommission.gov.au/provider-registration/find-registered-provider,Approved NT provider,2026-09-29
85629811290,,,official website,https://www.topcarepsychology.com.au/,Company homepage,2026-09-29
51916913218,,,NDIS Commission register,https://www.ndiscommission.gov.au/provider-registration/find-registered-provider,Approved NT provider,2026-09-29
88985430561,,,NDIS Commission register,https://www.ndiscommission.gov.au/provider-registration/find-registered-provider,Approved NT provider,2026-09-29
40959476584,,,NDIS Commission register,https://www.ndiscommission.gov.au/provider-registration/find-registered-provider,Approved NT provider,2026-09-29
26961131454,,,NDIS Commission register,https://www.ndiscommission.gov.au/provider-registration/find-registered-provider,Approved NT provider,2026-09-29
26961131454,,,official website,https://www.arnhemhealth.com.au/,Company homepage,2026-09-29
26961131454,,,official website,https://www.arnhemhealth.com.au/who-we-are,Staff / about page,2026-09-29
26961131454,,,official website,https://www.arnhemhealth.com.au/join-the-team,Staff / about page,2026-09-29
26961131454,,,official careers page,https://www.arnhemhealth.com.au/join-the-team,Careers / jobs,2026-09-29
57619859347,,,NDIS Commission register,https://www.ndiscommission.gov.au/provider-registration/find-registered-provider,Approved NT provider,2026-09-29
63419213437,,,NDIS Commission register,https://www.ndiscommission.gov.au/provider-registration/find-registered-provider,Approved NT provider,2026-09-29
20732281754,,,NDIS Commission register,https://www.ndiscommission.gov.au/provider-registration/find-registered-provider,Approved NT provider,2026-09-29
90828078420,,,NDIS Commission register,https://www.ndiscommission.gov.au/provider-registration/find-registered-provider,Approved NT provider,2026-09-29
98663040194,,,NDIS Commission register,https://www.ndiscommission.gov.au/provider-registration/find-registered-provider,Approved NT provider,2026-09-29
98663040194,,,official website,https://www.btphysiotherapy.com.au/,Company homepage,2026-09-29
98663040194,,,official website,https://www.btphysiotherapy.com.au/shockwave-therapy-brisbane,Staff / about page,2026-09-29
98663040194,,,official website,https://www.btphysiotherapy.com.au/physio-sportsmassage-sunshine-coast,Staff / about page,2026-09-29
98663040194,,,official careers page,https://www.btphysiotherapy.com.au/job-opportunities,Careers / jobs,2026-09-29
76430560861,,,NDIS Commission register,https://www.ndiscommission.gov.au/provider-registration/find-registered-provider,Approved NT provider,2026-09-29
21278019832,,,NDIS Commission register,https://www.ndiscommission.gov.au/provider-registration/find-registered-provider,Approved NT provider,2026-09-29
89443082169,,,NDIS Commission register,https://www.ndiscommission.gov.au/provider-registration/find-registered-provider,Approved NT provider,2026-09-29
62247376210,,,NDIS Commission register,https://www.ndiscommission.gov.au/provider-registration/find-registered-provider,Approved NT provider,2026-09-29
52535327859,,,NDIS Commission register,https://www.ndiscommission.gov.au/provider-registration/find-registered-provider,Approved NT provider,2026-09-29
52535327859,,,official website,https://www.darwinmowing.com.au/,Company homepage,2026-09-29
84551235183,,,NDIS Commission register,https://www.ndiscommission.gov.au/provider-registration/find-registered-provider,Approved NT provider,2026-09-29
95618675195,,,NDIS Commission register,https://www.ndiscommission.gov.au/provider-registration/find-registered-provider,Approved NT provider,2026-09-29
95618675195,,,official website,https://www.evasanqtuary.com/,Company homepage,2026-09-29
72588956699,,,NDIS Commission register,https://www.ndiscommission.gov.au/provider-registration/find-registered-provider,Approved NT provider,2026-09-29
72588956699,,,official website,https://www.ddtherapy.com.au/,Company homepage,2026-09-29
72588956699,,,official website,https://www.ddtherapy.com.au/about.php,Staff / about page,2026-09-29
92816714668,,,NDIS Commission register,https://www.ndiscommission.gov.au/provider-registration/find-registered-provider,Approved NT provider,2026-09-29
92816714668,,,official website,https://www.healthfirstgroup.com.au/,Company homepage,2026-09-29
92816714668,,,official website,https://www.healthfirstgroup.com.au/about/,Staff / about page,2026-09-29
92816714668,,,official careers page,https://www.healthfirstgroup.com.au/careers/,Careers / jobs,2026-09-29
74262759281,,,NDIS Commission register,https://www.ndiscommission.gov.au/provider-registration/find-registered-provider,Approved NT provider,2026-09-29
48232059381,,,NDIS Commission register,https://www.ndiscommission.gov.au/provider-registration/find-registered-provider,Approved NT provider,2026-09-29
35128059713,,,NDIS Commission register,https://www.ndiscommission.gov.au/provider-registration/find-registered-provider,Approved NT provider,2026-09-29
35128059713,,,official website,https://humanityalliedhealth.com.au/,Company homepage,2026-09-29
35128059713,,,official website,https://humanityalliedhealth.com.au/contact-us/,Staff / about page,2026-09-29
35128059713,,,official website,https://humanityalliedhealth.com.au/values-mission/,Staff / about page,2026-09-29
35128059713,,,official careers page,https://humanityalliedhealth.com.au/current-vacancies/,Careers / jobs,2026-09-29
35128059713,,,official careers page,https://humanityalliedhealth.com.au/careers/,Careers / jobs,2026-09-29
30687750575,,,NDIS Commission register,https://www.ndiscommission.gov.au/provider-registration/find-registered-provider,Approved NT provider,2026-09-29
65123366443,,,NDIS Commission register,https://www.ndiscommission.gov.au/provider-registration/find-registered-provider,Approved NT provider,2026-09-29
65123366443,,,official website,https://handsofhope.com.au/,Company homepage,2026-09-29
65123366443,,,official website,https://handsofhope.com.au/about-us/,Staff / about page,2026-09-29
65123366443,,,official careers page,https://handsofhope.com.au/career/,Careers / jobs,2026-09-29
56403562030,,,NDIS Commission register,https://www.ndiscommission.gov.au/provider-registration/find-registered-provider,Approved NT provider,2026-09-29
65388552257,,,NDIS Commission register,https://www.ndiscommission.gov.au/provider-registration/find-registered-provider,Approved NT provider,2026-09-29
85147878364,,,NDIS Commission register,https://www.ndiscommission.gov.au/provider-registration/find-registered-provider,Approved NT provider,2026-09-29
49861718108,,,NDIS Commission register,https://www.ndiscommission.gov.au/provider-registration/find-registered-provider,Approved NT provider,2026-09-29
49861718108,,,official website,https://www.catholiccarent.org.au/,Company homepage,2026-09-29
49861718108,,,official website,https://www.catholiccarent.org.au/about/,Staff / about page,2026-09-29
49861718108,,,official website,https://www.catholiccarent.org.au/our-people/,Staff / about page,2026-09-29
49861718108,,,official website,https://www.catholiccarent.org.au/governance/,Staff / about page,2026-09-29
49861718108,,,official careers page,https://www.catholiccarent.org.au/careers/,Careers / jobs,2026-09-29
80308797003,,,NDIS Commission register,https://www.ndiscommission.gov.au/provider-registration/find-registered-provider,Approved NT provider,2026-09-29
80308797003,,,official website,https://www.hearing.com.au/,Company homepage,2026-09-29
80308797003,,,official website,https://www.hearing.com.au/first-nations-services/our-funding-options,Staff / about page,2026-09-29
80308797003,,,official website,https://www.hearing.com.au/about-hearing-australia/corporate-governance,Staff / about page,2026-09-29
80308797003,,,official website,https://www.hearing.com.au/news-and-articles/top-apps-for-people-with-hearing-loss,Staff / about page,2026-09-29
80308797003,,,official careers page,https://www.hearing.com.au/about-hearing-australia/careers,Careers / jobs,2026-09-29
80308797003,,,official careers page,https://www.hearing.com.au/news-and-articles/how-to-manage-job-seeking-with-hearing-loss,Careers / jobs,2026-09-29
56611843043,,,NDIS Commission register,https://www.ndiscommission.gov.au/provider-registration/find-registered-provider,Approved NT provider,2026-09-29
82562991449,,,NDIS Commission register,https://www.ndiscommission.gov.au/provider-registration/find-registered-provider,Approved NT provider,2026-09-29
77902127562,,,NDIS Commission register,https://www.ndiscommission.gov.au/provider-registration/find-registered-provider,Approved NT provider,2026-09-29
77902127562,,,official website,https://www.npywc.org.au/,Company homepage,2026-09-29
77902127562,,,official website,https://www.npywc.org.au/pages/our-story,Staff / about page,2026-09-29
77902127562,,,official website,https://www.npywc.org.au/pages/our-people,Staff / about page,2026-09-29
77902127562,,,official careers page,https://www.npywc.org.au/blogs/employment,Careers / jobs,2026-09-29
28551976125,,,NDIS Commission register,https://www.ndiscommission.gov.au/provider-registration/find-registered-provider,Approved NT provider,2026-09-29
40965826568,,,NDIS Commission register,https://www.ndiscommission.gov.au/provider-registration/find-registered-provider,Approved NT provider,2026-09-29
40965826568,,,official website,https://www.independentcaresdisabilityservices.com/,Company homepage,2026-09-29
15101252171,,,NDIS Commission register,https://www.ndiscommission.gov.au/provider-registration/find-registered-provider,Approved NT provider,2026-09-29
15101252171,,,official website,https://www.lwb.org.au/,Company homepage,2026-09-29
15101252171,,,official website,https://www.lwb.org.au/about-us/governance/,Staff / about page,2026-09-29
15101252171,,,official website,https://www.lwb.org.au/about-us/governance/policy-centre/,Staff / about page,2026-09-29
15101252171,,,official website,https://www.lwb.org.au/about-us/governance/digital-accessibility-statement/,Staff / about page,2026-09-29
15101252171,,,official careers page,https://www.lwb.org.au/careers/,Careers / jobs,2026-09-29
15101252171,,,official careers page,https://www.lwb.org.au/careers/,Careers / jobs,2026-09-29
15101252171,,,official careers page,https://www.lwb.org.au/disability/vacancy-search/,Careers / jobs,2026-09-29
15101252171,,,official careers page,https://www.lwb.org.au/social-policy/diversity-and-inclusion/accessibility-inclusion-employment-plan/,Careers / jobs,2026-09-29
12123649845,,,NDIS Commission register,https://www.ndiscommission.gov.au/provider-registration/find-registered-provider,Approved NT provider,2026-09-29
76177284170,,,NDIS Commission register,https://www.ndiscommission.gov.au/provider-registration/find-registered-provider,Approved NT provider,2026-09-29
40623029071,,,NDIS Commission register,https://www.ndiscommission.gov.au/provider-registration/find-registered-provider,Approved NT provider,2026-09-29
40623029071,,,official website,https://kirsty-supports.com/,Company homepage,2026-09-29
40623029071,,,official website,https://kirsty-supports.com/team/,Staff / about page,2026-09-29
40623029071,,,official website,https://kirsty-supports.com/about/,Staff / about page,2026-09-29
40623029071,,,official website,https://kirsty-supports.com/contact/,Staff / about page,2026-09-29
91332233748,,,NDIS Commission register,https://www.ndiscommission.gov.au/provider-registration/find-registered-provider,Approved NT provider,2026-09-29
81356983907,,,NDIS Commission register,https://www.ndiscommission.gov.au/provider-registration/find-registered-provider,Approved NT provider,2026-09-29
92485663273,,,NDIS Commission register,https://www.ndiscommission.gov.au/provider-registration/find-registered-provider,Approved NT provider,2026-09-29
34895565969,,,NDIS Commission register,https://www.ndiscommission.gov.au/provider-registration/find-registered-provider,Approved NT provider,2026-09-29
34895565969,,,official website,https://www.safehandsnt.com.au/,Company homepage,2026-09-29
34895565969,,,official website,https://www.safehandsnt.com.au/about,Staff / about page,2026-09-29
34895565969,,,official careers page,https://www.safehandsnt.com.au/careers,Careers / jobs,2026-09-29
34895565969,,,official careers page,https://www.safehandsnt.com.au/careers/,Careers / jobs,2026-09-29
34895565969,,,official careers page,https://www.safehandsnt.com.au/jobs,Careers / jobs,2026-09-29
34895565969,,,official careers page,https://www.safehandsnt.com.au/jobs/,Careers / jobs,2026-09-29
34895565969,,,official careers page,https://www.safehandsnt.com.au/work-with-us,Careers / jobs,2026-09-29
34895565969,,,official careers page,https://www.safehandsnt.com.au/join-us,Careers / jobs,2026-09-29
59871414409,,,NDIS Commission register,https://www.ndiscommission.gov.au/provider-registration/find-registered-provider,Approved NT provider,2026-09-29
59871414409,,,official website,https://www.outbackdisability.com.au/,Company homepage,2026-09-29
59871414409,,,official website,https://www.outbackdisability.com.au/about-us/,Staff / about page,2026-09-29
59871414409,,,official careers page,https://www.outbackdisability.com.au/careers/,Careers / jobs,2026-09-29
27968947985,,,NDIS Commission register,https://www.ndiscommission.gov.au/provider-registration/find-registered-provider,Approved NT provider,2026-09-29
36226490987,,,NDIS Commission register,https://www.ndiscommission.gov.au/provider-registration/find-registered-provider,Approved NT provider,2026-09-29
96766437187,,,NDIS Commission register,https://www.ndiscommission.gov.au/provider-registration/find-registered-provider,Approved NT provider,2026-09-29
12441795803,,,NDIS Commission register,https://www.ndiscommission.gov.au/provider-registration/find-registered-provider,Approved NT provider,2026-09-29
89134371891,,,NDIS Commission register,https://www.ndiscommission.gov.au/provider-registration/find-registered-provider,Approved NT provider,2026-09-29
17411300832,,,NDIS Commission register,https://www.ndiscommission.gov.au/provider-registration/find-registered-provider,Approved NT provider,2026-09-29
20438473688,,,NDIS Commission register,https://www.ndiscommission.gov.au/provider-registration/find-registered-provider,Approved NT provider,2026-09-29
90887416066,,,NDIS Commission register,https://www.ndiscommission.gov.au/provider-registration/find-registered-provider,Approved NT provider,2026-09-29
90887416066,,,official website,https://cpbs.com.au/,Company homepage,2026-09-29
90887416066,,,official website,https://cpbs.com.au/the-centre-for-positive-behaviour-support-team/,Staff / about page,2026-09-29
90887416066,,,official website,https://cpbs.com.au/about-us/,Staff / about page,2026-09-29
90887416066,,,official website,https://cpbs.com.au/our-team/,Staff / about page,2026-09-29
90887416066,,,official careers page,https://cpbs.com.au/work-with-us/,Careers / jobs,2026-09-29
90887416066,,,official careers page,https://cpbs.com.au/behaviour-support-practitioner-jobs/,Careers / jobs,2026-09-29
44646491484,,,NDIS Commission register,https://www.ndiscommission.gov.au/provider-registration/find-registered-provider,Approved NT provider,2026-09-29
15000122850,,,NDIS Commission register,https://www.ndiscommission.gov.au/provider-registration/find-registered-provider,Approved NT provider,2026-09-29
85832071314,,,NDIS Commission register,https://www.ndiscommission.gov.au/provider-registration/find-registered-provider,Approved NT provider,2026-09-29
85832071314,,,official website,https://www.bellaccountingnt.com.au/,Company homepage,2026-09-29
85832071314,,,official website,https://www.bellaccountingnt.com.au/about-us/,Staff / about page,2026-09-29
82572914004,,,NDIS Commission register,https://www.ndiscommission.gov.au/provider-registration/find-registered-provider,Approved NT provider,2026-09-29
82572914004,,,official website,https://www.waltja.org.au/,Company homepage,2026-09-29
82572914004,,,official careers page,https://www.waltja.org.au/careers,Careers / jobs,2026-09-29
82572914004,,,official careers page,https://www.waltja.org.au/careers/,Careers / jobs,2026-09-29
82572914004,,,official careers page,https://www.waltja.org.au/jobs/,Careers / jobs,2026-09-29
82572914004,,,official careers page,https://www.waltja.org.au/work-with-us,Careers / jobs,2026-09-29
76605552494,,,NDIS Commission register,https://www.ndiscommission.gov.au/provider-registration/find-registered-provider,Approved NT provider,2026-09-29
76605552494,,,official website,https://www.anglicare-nt.org.au/,Company homepage,2026-09-29
76605552494,,,official careers page,https://www.anglicare-nt.org.au/careers,Careers / jobs,2026-09-29
76605552494,,,official careers page,https://www.anglicare-nt.org.au/careers/,Careers / jobs,2026-09-29
76605552494,,,official careers page,https://www.anglicare-nt.org.au/jobs/,Careers / jobs,2026-09-29
76605552494,,,official careers page,https://www.anglicare-nt.org.au/work-with-us,Careers / jobs,2026-09-29
76605552494,,,official careers page,https://www.anglicare-nt.org.au/join-us,Careers / jobs,2026-09-29
88167926132,,,NDIS Commission register,https://www.ndiscommission.gov.au/provider-registration/find-registered-provider,Approved NT provider,2026-09-29
88167926132,,,official website,https://arrcs.org.au/,Company homepage,2026-09-29
88167926132,,,official website,https://arrcs.org.au/about-us/,Staff / about page,2026-09-29
88167926132,,,official website,https://arrcs.org.au/about-us/contact-us/,Staff / about page,2026-09-29
88167926132,,,official website,https://arrcs.org.au/about-us/feedback-and-complaints/,Staff / about page,2026-09-29
88167926132,,,official careers page,https://arrcs.org.au/work-with-arrcs/careers/,Careers / jobs,2026-09-29
26642635242,,,NDIS Commission register,https://www.ndiscommission.gov.au/provider-registration/find-registered-provider,Approved NT provider,2026-09-29
26642635242,,,official website,https://www.autismnt.org.au/,Company homepage,2026-09-29
26642635242,,,official website,https://www.autismnt.org.au/about-us,Staff / about page,2026-09-29
99589061225,,,NDIS Commission register,https://www.ndiscommission.gov.au/provider-registration/find-registered-provider,Approved NT provider,2026-09-29
99589061225,,,official website,https://youthworxnt.com.au/,Company homepage,2026-09-29
99589061225,,,official website,https://youthworxnt.com.au/who-we-are/,Staff / about page,2026-09-29
99589061225,,,official website,https://youthworxnt.com.au/our-team/,Staff / about page,2026-09-29
99589061225,,,official website,https://youthworxnt.com.au/our-board/,Staff / about page,2026-09-29
99589061225,,,official careers page,https://youthworxnt.com.au/careerstart/,Careers / jobs,2026-09-29
99589061225,,,official careers page,https://youthworxnt.com.au/careerstart-digital/,Careers / jobs,2026-09-29
99589061225,,,official careers page,https://youthworxnt.com.au/,Careers / jobs,2026-09-29
99589061225,,,official careers page,https://youthworxnt.com.au/iea/,Careers / jobs,2026-09-29
99589061225,,,official careers page,https://youthworxnt.com.au/career-launchpad/,Careers / jobs,2026-09-29
99589061225,,,official careers page,https://youthworxnt.com.au/national-youth-employment-body/,Careers / jobs,2026-09-29
63898668260,,,NDIS Commission register,https://www.ndiscommission.gov.au/provider-registration/find-registered-provider,Approved NT provider,2026-09-29
63898668260,,,official website,https://www.casaservices.org.au/,Company homepage,2026-09-29
63898668260,,,official website,https://www.casaservices.org.au/about,Staff / about page,2026-09-29
63898668260,,,official website,https://www.casaservices.org.au/careers,Staff / about page,2026-09-29
63898668260,,,official website,https://www.casaservices.org.au/disability-services,Staff / about page,2026-09-29
63898668260,,,official careers page,https://www.casaservices.org.au/careers,Careers / jobs,2026-09-29
63898668260,,,official careers page,https://www.casaservices.org.au/properties,Careers / jobs,2026-09-29
13084010362,,,NDIS Commission register,https://www.ndiscommission.gov.au/provider-registration/find-registered-provider,Approved NT provider,2026-09-29
13084010362,,,official website,https://www.carersnt.asn.au/,Company homepage,2026-09-29
13084010362,,,official website,https://www.carersnt.asn.au/about/board-management/,Staff / about page,2026-09-29
13084010362,,,official website,https://www.carersnt.asn.au/about/,Staff / about page,2026-09-29
13084010362,,,official website,https://www.carersnt.asn.au/about/governance/,Staff / about page,2026-09-29
13084010362,,,official careers page,https://www.carersnt.asn.au/about/work-with-us/,Careers / jobs,2026-09-29
78263985795,,,NDIS Commission register,https://www.ndiscommission.gov.au/provider-registration/find-registered-provider,Approved NT provider,2026-09-29
45232040478,,,NDIS Commission register,https://www.ndiscommission.gov.au/provider-registration/find-registered-provider,Approved NT provider,2026-09-29
45232040478,,,official website,https://www.dsds.org.au/,Company homepage,2026-09-29
45232040478,,,official website,https://www.dsds.org.au/about-us,Staff / about page,2026-09-29
45232040478,,,official careers page,https://www.dsds.org.au/Project-employment,Careers / jobs,2026-09-29
45232040478,,,official careers page,https://www.dsds.org.au/Project-employment,Careers / jobs,2026-09-29
45232040478,,,official careers page,https://www.dsds.org.au/customised-employment-support,Careers / jobs,2026-09-29
38834458211,,,NDIS Commission register,https://www.ndiscommission.gov.au/provider-registration/find-registered-provider,Approved NT provider,2026-09-29
76210591710,,,NDIS Commission register,https://www.ndiscommission.gov.au/provider-registration/find-registered-provider,Approved NT provider,2026-09-29
76210591710,,,official website,https://www.caac.org.au/,Company homepage,2026-09-29
76210591710,,,official website,https://www.caac.org.au/about-us/,Staff / about page,2026-09-29
76210591710,,,official website,https://www.caac.org.au/the-board/,Staff / about page,2026-09-29
76210591710,,,official website,https://www.caac.org.au/about-us/proof-of-aboriginality/,Staff / about page,2026-09-29
76210591710,,,official careers page,https://www.caac.org.au/careers/gp-jobs/,Careers / jobs,2026-09-29
76210591710,,,official careers page,https://www.caac.org.au/careers/childcare-jobs/,Careers / jobs,2026-09-29
76210591710,,,official careers page,https://www.caac.org.au/careers/allied-health-jobs/,Careers / jobs,2026-09-29
76210591710,,,official careers page,https://www.caac.org.au/careers/nursing-midwife-and-ahp-jobs/,Careers / jobs,2026-09-29
76210591710,,,official careers page,https://www.caac.org.au/careers-old/job-app-faq/,Careers / jobs,2026-09-29
76210591710,,,official careers page,https://www.caac.org.au/careers/aboriginal-employment/,Careers / jobs,2026-09-29
91183168093,,,NDIS Commission register,https://www.ndiscommission.gov.au/provider-registration/find-registered-provider,Approved NT provider,2026-09-29
91183168093,,,official website,https://sant.guidedogs.com.au/,Company homepage,2026-09-29
91183168093,,,official website,https://sant.guidedogs.com.au/leadership-and-governance/,Staff / about page,2026-09-29
91183168093,,,official website,https://sant.guidedogs.com.au/about-us/,Staff / about page,2026-09-29
91183168093,,,official website,https://sant.guidedogs.com.au/about-us/careers/,Staff / about page,2026-09-29
91183168093,,,official careers page,https://sant.guidedogs.com.au/about-us/careers/,Careers / jobs,2026-09-29
91183168093,,,official careers page,https://sant.guidedogs.com.au/volunteer-with-us/,Careers / jobs,2026-09-29
47072232083,,,NDIS Commission register,https://www.ndiscommission.gov.au/provider-registration/find-registered-provider,Approved NT provider,2026-09-29
12423651231,,,NDIS Commission register,https://www.ndiscommission.gov.au/provider-registration/find-registered-provider,Approved NT provider,2026-09-29
12423651231,,,official website,https://www.dynamiccommunityservice.org.au/,Company homepage,2026-09-29
12423651231,,,official website,https://www.dynamiccommunityservice.org.au/about-us/,Staff / about page,2026-09-29
13506264631,,,NDIS Commission register,https://www.ndiscommission.gov.au/provider-registration/find-registered-provider,Approved NT provider,2026-09-29
13506264631,,,official website,https://www.helpingpeopleachieve.com.au/,Company homepage,2026-09-29
13506264631,,,official website,https://www.helpingpeopleachieve.com.au/our-team/,Staff / about page,2026-09-29
13506264631,,,official website,https://www.helpingpeopleachieve.com.au/about-hpa/,Staff / about page,2026-09-29
13506264631,,,official website,https://www.helpingpeopleachieve.com.au/our-board/,Staff / about page,2026-09-29
13506264631,,,official careers page,https://www.helpingpeopleachieve.com.au/hpa_careers/,Careers / jobs,2026-09-29
13506264631,,,official careers page,https://www.helpingpeopleachieve.com.au/employment/,Careers / jobs,2026-09-29
86695642473,,,NDIS Commission register,https://www.ndiscommission.gov.au/provider-registration/find-registered-provider,Approved NT provider,2026-09-29
46294019291,,,NDIS Commission register,https://www.ndiscommission.gov.au/provider-registration/find-registered-provider,Approved NT provider,2026-09-29
46294019291,,,official website,https://makassancare.com.au/,Company homepage,2026-09-29
46294019291,,,official careers page,https://makassancare.com.au/careers/,Careers / jobs,2026-09-29
46294019291,,,official careers page,https://makassancare.com.au/careers/,Careers / jobs,2026-09-29
58608550607,,,NDIS Commission register,https://www.ndiscommission.gov.au/provider-registration/find-registered-provider,Approved NT provider,2026-09-29
58608550607,,,official website,https://www.myfootdr.com.au/,Company homepage,2026-09-29
58608550607,,,official website,https://www.myfootdr.com.au/about-us/meet-the-team/,Staff / about page,2026-09-29
58608550607,,,official website,https://www.myfootdr.com.au/about-us/,Staff / about page,2026-09-29
58608550607,,,official website,https://www.myfootdr.com.au/about-us/careers/,Staff / about page,2026-09-29
58608550607,,,official careers page,https://healthia.com.au/career-enquiries/,Careers / jobs,2026-09-29
58608550607,,,official careers page,https://www.myfootdr.com.au/about-us/careers/,Careers / jobs,2026-09-29
58608550607,,,official careers page,https://www.myfootdr.com.au/about-us/careers/why-work-for-us/,Careers / jobs,2026-09-29
58608550607,,,official careers page,https://www.myfootdr.com.au/about-us/careers/why-partner-with-us/,Careers / jobs,2026-09-29
58608550607,,,official careers page,https://www.myfootdr.com.au/about-us/careers/new-graduate-program/,Careers / jobs,2026-09-29
58608550607,,,official careers page,https://www.myfootdr.com.au/about-us/careers/student-placement-request/,Careers / jobs,2026-09-29
42627952082,,,NDIS Commission register,https://www.ndiscommission.gov.au/provider-registration/find-registered-provider,Approved NT provider,2026-09-29
42627952082,,,official website,https://www.leadwise.org.au/,Company homepage,2026-09-29
42627952082,,,official website,https://www.leadwise.org.au/team/,Staff / about page,2026-09-29
17030032930,,,NDIS Commission register,https://www.ndiscommission.gov.au/provider-registration/find-registered-provider,Approved NT provider,2026-09-29
17030032930,,,official website,https://kalano.org.au/,Company homepage,2026-09-29
17030032930,,,official website,https://kalano.org.au/about/,Staff / about page,2026-09-29
17030032930,,,official website,https://kalano.org.au/meet-our-team/,Staff / about page,2026-09-29
17030032930,,,official website,https://kalano.org.au/council-board/,Staff / about page,2026-09-29
17030032930,,,official careers page,https://kalano.org.au/raes/,Careers / jobs,2026-09-29
85097999347,,,NDIS Commission register,https://www.ndiscommission.gov.au/provider-registration/find-registered-provider,Approved NT provider,2026-09-29
85097999347,,,official website,https://www.lifestylesolutions.org.au/,Company homepage,2026-09-29
85097999347,,,official website,https://www.lifestylesolutions.org.au/about-us/governance/,Staff / about page,2026-09-29
85097999347,,,official website,https://www.lifestylesolutions.org.au/about-us/meet-the-team/,Staff / about page,2026-09-29
85097999347,,,official website,https://www.lifestylesolutions.org.au/about-us/meet-the-people-we-support/,Staff / about page,2026-09-29
85097999347,,,official careers page,https://www.lifestylesolutions.org.au/disability-services/accommodation/supported-independent-living-sil/,Careers / jobs,2026-09-29
85097999347,,,official careers page,https://www.lifestylesolutions.org.au/careers/why-work-with-us/,Careers / jobs,2026-09-29
85097999347,,,official careers page,https://www.lifestylesolutions.org.au/careers/being-a-therapeutic-youth-worker/,Careers / jobs,2026-09-29
85097999347,,,official careers page,https://www.lifestylesolutions.org.au/careers/clearances-and-requirements-to-be-a-support-worker/,Careers / jobs,2026-09-29
19010762321,,,NDIS Commission register,https://www.ndiscommission.gov.au/provider-registration/find-registered-provider,Approved NT provider,2026-09-29
19010762321,,,official website,https://www.mifant.org.au/,Company homepage,2026-09-29
19010762321,,,official website,https://www.mifant.org.au/meet-our-team,Staff / about page,2026-09-29
19010762321,,,official careers page,https://www.mifant.org.au/work-with-us,Careers / jobs,2026-09-29
96843428729,,,NDIS Commission register,https://www.ndiscommission.gov.au/provider-registration/find-registered-provider,Approved NT provider,2026-09-29
91804704259,,,NDIS Commission register,https://www.ndiscommission.gov.au/provider-registration/find-registered-provider,Approved NT provider,2026-09-29
91804704259,,,official website,https://www.mhaca.org.au/,Company homepage,2026-09-29
91804704259,,,official website,https://www.mhaca.org.au/about/our-board/,Staff / about page,2026-09-29
91804704259,,,official website,https://www.mhaca.org.au/about/our-board/,Staff / about page,2026-09-29
91804704259,,,official careers page,https://www.mhaca.org.au/news/work-with-us/,Careers / jobs,2026-09-29
75638080972,,,NDIS Commission register,https://www.ndiscommission.gov.au/provider-registration/find-registered-provider,Approved NT provider,2026-09-29
51101586808,,,NDIS Commission register,https://www.ndiscommission.gov.au/provider-registration/find-registered-provider,Approved NT provider,2026-09-29
64146004524,,,NDIS Commission register,https://www.ndiscommission.gov.au/provider-registration/find-registered-provider,Approved NT provider,2026-09-29
64146004524,,,official website,https://pathfinders.ngo/,Company homepage,2026-09-29
64146004524,,,official website,https://pathfinders.ngo/about-us/,Staff / about page,2026-09-29
64146004524,,,official website,https://pathfinders.ngo/about-us/videos/,Staff / about page,2026-09-29
64146004524,,,official website,https://pathfinders.ngo/about-us/supporters/,Staff / about page,2026-09-29
64146004524,,,official careers page,https://pathfinders.ngo/employment/,Careers / jobs,2026-09-29
24574460703,,,NDIS Commission register,https://www.ndiscommission.gov.au/provider-registration/find-registered-provider,Approved NT provider,2026-09-29
24574460703,,,official website,https://myway.org.au/,Company homepage,2026-09-29
24574460703,,,official website,https://myway.org.au/about-us/,Staff / about page,2026-09-29
24574460703,,,official website,https://myway.org.au/our-team/,Staff / about page,2026-09-29
24574460703,,,official website,https://myway.org.au/governance-privacy/,Staff / about page,2026-09-29
74662925504,,,NDIS Commission register,https://www.ndiscommission.gov.au/provider-registration/find-registered-provider,Approved NT provider,2026-09-29
74662925504,,,official website,https://downsyndroment.com.au/,Company homepage,2026-09-29
74662925504,,,official website,https://downsyndroment.com.au/about-us/,Staff / about page,2026-09-29
71488593014,,,NDIS Commission register,https://www.ndiscommission.gov.au/provider-registration/find-registered-provider,Approved NT provider,2026-09-29
65159208867,,,NDIS Commission register,https://www.ndiscommission.gov.au/provider-registration/find-registered-provider,Approved NT provider,2026-09-29
65159208867,,,official website,https://mjd.org.au/,Company homepage,2026-09-29
65159208867,,,official website,https://mjd.org.au/staff/,Staff / about page,2026-09-29
65159208867,,,official website,https://mjd.org.au/our-board/,Staff / about page,2026-09-29
65159208867,,,official careers page,https://mjd.org.au/jobs/,Careers / jobs,2026-09-29
65159208867,,,official careers page,https://mjd.org.au/jobs/,Careers / jobs,2026-09-29
85940440965,,,NDIS Commission register,https://www.ndiscommission.gov.au/provider-registration/find-registered-provider,Approved NT provider,2026-09-29
85940440965,,,official website,https://carpentaria.org.au/,Company homepage,2026-09-29
85940440965,,,official website,https://carpentaria.org.au/who-we-are/our-team/,Staff / about page,2026-09-29
85940440965,,,official website,https://carpentaria.org.au/who-we-are/our-board/,Staff / about page,2026-09-29
85940440965,,,official careers page,https://carpentaria.org.au/careers/current-vacancies/,Careers / jobs,2026-09-29
85940440965,,,official careers page,https://carpentaria.org.au/careers/supported-employment-and-training-program/,Careers / jobs,2026-09-29
85940440965,,,official careers page,https://carpentaria.org.au/careers/join-our-team/,Careers / jobs,2026-09-29
85940440965,,,official careers page,https://carpentaria.org.au/careers/,Careers / jobs,2026-09-29
85940440965,,,official careers page,https://carpentaria.org.au/careers/support-worker/,Careers / jobs,2026-09-29
85940440965,,,official careers page,https://carpentaria.org.au/careers/allied-health-therapy-services/,Careers / jobs,2026-09-29
62302702903,,,NDIS Commission register,https://www.ndiscommission.gov.au/provider-registration/find-registered-provider,Approved NT provider,2026-09-29
62302702903,,,official website,https://somerville.org.au/,Company homepage,2026-09-29
62302702903,,,official website,https://somerville.org.au/about-us/board-of-directors/,Staff / about page,2026-09-29
62302702903,,,official website,https://somerville.org.au/about-us/executive-team/,Staff / about page,2026-09-29
62302702903,,,official website,https://somerville.org.au/about-us/,Staff / about page,2026-09-29
62302702903,,,official careers page,https://somerville.org.au/vacancies/,Careers / jobs,2026-09-29
62302702903,,,official careers page,https://somerville.org.au/careers/,Careers / jobs,2026-09-29
54124789493,,,NDIS Commission register,https://www.ndiscommission.gov.au/provider-registration/find-registered-provider,Approved NT provider,2026-09-29
54124789493,,,official website,https://www.thamarrurr.org.au/,Company homepage,2026-09-29
54124789493,,,official careers page,https://www.thamarrurr.org.au/careers,Careers / jobs,2026-09-29
54124789493,,,official careers page,https://www.thamarrurr.org.au/careers/,Careers / jobs,2026-09-29
54124789493,,,official careers page,https://www.thamarrurr.org.au/jobs,Careers / jobs,2026-09-29
54124789493,,,official careers page,https://www.thamarrurr.org.au/jobs/,Careers / jobs,2026-09-29
54124789493,,,official careers page,https://www.thamarrurr.org.au/work-with-us,Careers / jobs,2026-09-29
54124789493,,,official careers page,https://www.thamarrurr.org.au/join-us,Careers / jobs,2026-09-29
16345352064,,,NDIS Commission register,https://www.ndiscommission.gov.au/provider-registration/find-registered-provider,Approved NT provider,2026-09-29
16345352064,,,official website,https://www.teamhealth.asn.au/,Company homepage,2026-09-29
16345352064,,,official website,https://www.teamhealth.asn.au/about/our-team,Staff / about page,2026-09-29
16345352064,,,official website,https://www.teamhealth.asn.au/about/who-we-are,Staff / about page,2026-09-29
16345352064,,,official website,https://www.teamhealth.asn.au/services/teamtalk,Staff / about page,2026-09-29
16345352064,,,official careers page,https://www.teamhealth.asn.au/careers,Careers / jobs,2026-09-29
16345352064,,,official careers page,https://www.teamhealth.asn.au/services/work-with-us,Careers / jobs,2026-09-29
92148147305,,,NDIS Commission register,https://www.ndiscommission.gov.au/provider-registration/find-registered-provider,Approved NT provider,2026-09-29
92148147305,,,official website,https://www.totalrecreation.org.au/,Company homepage,2026-09-29
92148147305,,,official website,https://www.totalrecreation.org.au/about,Staff / about page,2026-09-29
49678165298,,,SEEK,https://www.seek.com.au/jobs?keywords=%22A+PLUS+DISABILITY+AND+AGED+CARE+SERVICES+PTY+LTD%22+Darwin,Unable to verify,2026-09-29
