earnings_date,report_time,symbol,company_name,exchange,fiscal_quarter_ending,consensus_eps_forecast,number_of_estimates,last_year_report_date,last_year_eps,eps_yoy_change_pct,earnings_expectation,nasdaq_market_cap,price,daily_change_pct,volume,technical_market_cap,52_week_low,52_week_high,distance_from_52w_low_pct,distance_from_52w_high_pct,rsi_14,rsi_signal,macd,macd_signal_line,macd_direction,sma_20,sma_50,sma_200,ema_20,ema_50,ema_200,trend_structure,bollinger_lower,bollinger_upper,bollinger_position,stochastic_k,stochastic_d,adx,adx_plus_di,adx_minus_di,cci_20,momentum,vwma,atr_14,atr_pct,relative_volume_10d,return_1m_pct,return_3m_pct,return_6m_pct,technical_rating_score,technical_rating,moving_average_rating,oscillator_rating,future_bias_not_forecast,one_month_scenario_low,one_month_scenario_high,scenario_range_pct,data_status,earnings_source,technical_source,captured_at_utc
2026-09-04,Pre-market,KNOP,KNOT Offshore Partners LP,NYSE,Jun/2026,-0.03,1.0,9/25/2025,0.2,-114.99999999999999,Forecast swing to loss,380025248.0,11.23,-0.5314437555358611,38842.0,388030482.4375554,7.74,11.78,45.090439276485796,-4.6689303904923545,66.3028634759439,Neutral,0.14676110512986007,0.08229948149001412,Bullish,10.716499999999996,10.542999999999989,10.493400000000007,10.775311141028245,10.648179272265885,10.1560815316817,Bullish alignment,10.283590078653113,11.14940992134688,At/above upper band,86.1340148949112,81.34978233626133,20.443513599764593,21.455398104387868,8.229222184489194,238.33026674593256,0.7200000000000006,10.757713164041368,0.3308311451629787,2.9459585499820005,0.7391732114889462,5.943396226415102,4.953271028037394,3.3118675252989993,0.4454545454545455,Buy,Strong Buy,Neutral,Bullish technical bias,9.713941235041727,12.746058764958274,13.500078049494865,Complete,https://www.nasdaq.com/market-activity/earnings?date=2026-09-04,https://www.tradingview.com/symbols/NYSE-KNOP/,2026-09-03T23:50:37+00:00
2026-09-04,Time not supplied,KT,KT Corporation,NYSE,Jun/2026,,,9/05/2025,1.01,,Insufficient EPS comparison,9475036200.0,19.83,0.9160305343511437,765376.0,9494709303.73518,17.125,24.58,15.795620437956192,-19.324654190398704,67.61476706886981,Neutral,0.3611982203138524,0.30373057863776337,Bullish,19.110000000000007,18.4398,19.863574999999972,19.195113693938822,18.88480038514418,19.399390494700395,Mixed,18.173581290234868,20.046418709765145,Upper third,83.05307125715194,85.85293141167813,20.680773024481933,28.931915369192932,15.201467828411184,108.8377186755043,1.1599999999999966,19.030470884886544,0.37418305981698513,1.8869544115833845,0.6746186729268729,6.842672413793101,12.287655719139288,-9.904588823262168,0.5363636363636364,Strong Buy,Strong Buy,Buy,Bullish technical bias,18.115277804618476,21.54472219538152,8.647111424011717,Complete,https://www.nasdaq.com/market-activity/earnings?date=2026-09-04,https://www.tradingview.com/symbols/NYSE-KT/,2026-09-03T23:50:37+00:00
2026-09-04,Time not supplied,NB,NioCorp Developments Ltd.,NASDAQ,Jun/2026,-0.03,1.0,7/11/2025,-0.16,81.25,Forecast EPS growth,602730370.0,4.1,-0.966183574879228,2134669.0,596906891.1352657,3.82,12.58,7.329842931937169,-67.40858505564388,41.34472851316662,Neutral,-0.17275633819826108,-0.11327866805793703,Bearish,4.616499999999995,4.560800000000002,5.403199999999998,4.417615676999106,4.642439279780955,5.034592679225666,Negative / mixed,3.6753034211705464,5.557696578829443,Lower third,8.746836180860589,6.014886228769572,21.724446353476758,16.691057642807955,27.280876790932712,-82.25807976254649,-0.1900000000000004,4.7111522803517225,0.2792496551016358,6.810967197600874,0.7328109028960818,-12.017167381974259,-28.57142857142858,-14.583333333333337,-0.35454545454545455,Sell,Strong Sell,Neutral,Bearish technical bias,2.8203173177064427,5.379682682293557,31.21177273886725,Complete,https://www.nasdaq.com/market-activity/earnings?date=2026-09-04,https://www.tradingview.com/symbols/NASDAQ-NB/,2026-09-03T23:50:37+00:00
2026-09-04,Time not supplied,IMPP,Imperial Petroleum Inc.,NASDAQ,Jun/2026,,1.0,N/A,0.37,,Insufficient EPS comparison,240084528.0,5.27,-0.7532956685499066,165214.0,235298851.46327683,3.15,6.57,67.30158730158729,-19.786910197869112,58.74833547688163,Neutral,0.13738478399768717,0.10139360279341861,Bullish,4.992500000000001,4.863200000000002,4.564275,5.0670443689805005,4.941921490343083,4.603735848801188,Bullish alignment,4.438825908137349,5.546174091862652,Upper third,79.86335850413518,84.63022617840824,23.081311336876325,24.872696383414123,13.69412131284994,90.17969184224243,0.17999999999999972,5.006118936010541,0.2114824773327874,4.012950234018737,0.39193117209041267,13.090128755364795,3.333333333333332,20.319634703196343,0.4454545454545455,Buy,Strong Buy,Neutral,Bullish technical bias,4.300865539465718,6.239134460534281,18.389648207481613,Complete,https://www.nasdaq.com/market-activity/earnings?date=2026-09-04,https://www.tradingview.com/symbols/NASDAQ-IMPP/,2026-09-03T23:50:37+00:00
2026-09-04,Time not supplied,HTLM,HomesToLife Ltd,NASDAQ,Jun/2026,,,N/A,,,Insufficient EPS comparison,156944160.0,1.75,0.005714612263557289,2491.0,156953123.74992856,1.56,4.19,12.17948717948718,-58.23389021479714,43.23656858183267,Neutral,-0.04458782605158795,-0.03193566374691219,Bearish,1.8520399999999992,1.8855759999999993,2.2599110000000002,1.8228513888202391,1.8677532920577005,2.3534122282999346,Bearish alignment,1.653219192235803,2.050860807764195,Lower third,26.63120567375888,22.522931442080395,24.40090769813885,20.484773583756333,36.215672975177604,-81.0235640268567,-0.2346999999999999,1.8760837580032417,0.10614311761067996,6.065321006324569,0.7504368259323974,-13.793103448275852,-12.06030150753769,-15.865384615384619,-0.603030303030303,Strong Sell,Strong Sell,Sell,Bearish technical bias,1.263591129050459,2.2364088709495413,27.794792625688064,Complete,https://www.nasdaq.com/market-activity/earnings?date=2026-09-04,https://www.tradingview.com/symbols/NASDAQ-HTLM/,2026-09-03T23:50:37+00:00
2026-09-04,Time not supplied,HURC,"Hurco Companies, Inc.",NASDAQ,Jul/2026,,1.0,N/A,-0.58,,Insufficient EPS comparison,137816128.0,22.8,7.1428571428571415,45523.0,147660139.28571427,14.5,23.75,57.24137931034483,-3.9999999999999925,55.72897330421584,Neutral,0.051863043278896015,0.15785543069710742,Bearish,22.30925000000002,22.111400000000007,18.100099999999987,22.1536314115131,21.654813297059658,19.209273776418392,Bullish alignment,21.161973769096765,23.456526230903275,Upper third,34.97267759562849,23.077312284962616,22.680770092978243,18.503884287752122,18.310728464952632,-28.163607851855833,0.07000000000000028,22.211748357085163,0.8616598774941086,3.779209989009248,1.9501527204808233,7.168037602820223,14.000000000000004,37.764350453172206,0.4666666666666667,Buy,Strong Buy,Unavailable,Neutral / mixed technical bias,18.851378388076874,26.748621611923127,17.318515841768107,Complete,https://www.nasdaq.com/market-activity/earnings?date=2026-09-04,https://www.tradingview.com/symbols/NASDAQ-HURC/,2026-09-03T23:50:37+00:00
2026-09-04,Time not supplied,VIRC,Virco Manufacturing Corporation,NASDAQ,Jul/2026,,,N/A,0.7,,Insufficient EPS comparison,94534552.0,6.05,0.6655574043261238,13277.0,95163736.73044924,5.155,8.9,17.361784675072744,-32.02247191011236,51.76989481302208,Neutral,-0.01162345770495321,-0.024549661781457375,Bullish,5.993000000000007,6.079600000000005,6.250800000000001,6.008166909835175,6.044922108676195,6.495547723591334,Negative / mixed,5.830383887638583,6.1556161123614315,Upper third,63.69794366683942,52.17621049917573,9.941112102475124,21.79672856710222,15.255415230577462,68.15426433290901,0.16000000000000014,5.99640840278959,0.13497752501884422,2.231033471385855,0.8582694980445392,-1.785714285714291,7.843137254901952,-2.5764895330112743,0.26969696969696966,Buy,Buy,Buy,Neutral / mixed technical bias,5.43145527448335,6.668544725516649,10.223879760605774,Complete,https://www.nasdaq.com/market-activity/earnings?date=2026-09-04,https://www.tradingview.com/symbols/NASDAQ-VIRC/,2026-09-03T23:50:37+00:00
2026-09-04,Time not supplied,NRT,North European Oil Royality Trust,NYSE,Jul/2026,,,N/A,0.26,,Insufficient EPS comparison,83818184.0,9.09,-0.3289473684210456,40502.0,83542461.30592105,4.99,10.49,82.16432865731463,-13.346043851286948,59.712765194333876,Neutral,0.1430024423243026,0.133630854139597,Bullish,8.865000000000004,8.3388,8.069769999999997,8.827732649397804,8.542340676816009,7.855929096617155,Bullish alignment,8.42126584535368,9.308734154646327,Upper third,72.2684552643563,68.99211968147493,27.034344782363583,23.530194239294655,11.168414243453125,77.13541844310207,0.4299999999999997,8.890371412914085,0.2882343718950331,3.1708951803634005,0.9230909484576025,1.1123470522803074,9.518072289156615,1.5642458100558725,0.49090909090909096,Buy,Strong Buy,Buy,Bullish technical bias,7.7691441729029584,10.410855827097041,14.530867184785931,Complete,https://www.nasdaq.com/market-activity/earnings?date=2026-09-04,https://www.tradingview.com/symbols/NYSE-NRT/,2026-09-03T23:50:37+00:00
2026-09-04,Time not supplied,ZONE,Zone Frontier Inc.,AMEX,Jun/2026,,1.0,N/A,-0.46,,Insufficient EPS comparison,75815632.0,0.1485,-1.6556291390728493,2583061.0,33599709.327814564,0.1237,5.36,20.04850444624089,-97.2294776119403,28.495935222134193,Oversold,-0.0818360190400084,-0.09921501242715615,Bullish,0.17357000000000172,0.45195199999999935,0.4205844999999997,0.20818389617487051,0.3613500787105753,0.6947166724130948,Negative / mixed,0.050666231139975995,0.29647376886002746,Middle third,39.14868105515583,44.49922435227567,46.44400871960571,11.228364339152517,32.36036504332466,-44.03915339539843,-0.012800000000000006,0.1606548091727339,0.03788001553833089,25.508427971939994,0.5359681427893311,-59.64673913043478,-77.96735905044511,-57.57142857142857,-0.5121212121212121,Strong Sell,Strong Sell,Neutral,Neutral / mixed technical bias,0.0,0.3220880385305047,116.89430204074391,Complete,https://www.nasdaq.com/market-activity/earnings?date=2026-09-04,https://www.tradingview.com/symbols/AMEX-ZONE/,2026-09-03T23:50:37+00:00
2026-09-04,Time not supplied,PLCE,"Children's Place, Inc. (The)",NASDAQ,Jul/2026,,1.0,N/A,-0.15,,Insufficient EPS comparison,58483488.0,2.82,7.2243346007604545,248712.0,62708529.78707224,2.04,9.56,38.23529411764706,-70.50209205020921,59.86708819722438,Neutral,-0.011651693734255897,-0.05560622600193863,Bullish,2.5184999999999964,2.686499999999998,3.902625,2.567792276938784,2.7236671958577436,3.8916988149446454,Mixed,2.2340865685307634,2.8029134314692294,At/above upper band,74.76042348430805,64.64732928217332,15.678333491769864,30.002087921547787,19.945865243429196,145.00953789668463,0.3899999999999997,2.4976163052406695,0.19342467133011396,6.8590308982309915,1.2301629108197178,9.72762645914397,-19.88636363636364,-27.506426735218515,0.33636363636363636,Buy,Buy,Buy,Neutral / mixed technical bias,1.933616802357798,3.706383197642202,31.432028285184465,Complete,https://www.nasdaq.com/market-activity/earnings?date=2026-09-04,https://www.tradingview.com/symbols/NASDAQ-PLCE/,2026-09-03T23:50:37+00:00
2026-09-04,Time not supplied,IMMP,Immutep Limited,NASDAQ,Jun/2026,,,N/A,,,Insufficient EPS comparison,56359832.0,0.3651,-4.64873335074433,132709.0,51769745.801759996,0.2928,3.5299,24.692622950819665,-89.65693079124054,40.395672629356476,Neutral,-0.006431637722459305,-0.005484383159098956,Bearish,0.38395000000000035,0.39808200000000155,1.2677279999999995,0.3822211627875705,0.4114688521313566,0.9674059213224969,Bearish alignment,0.365504892247517,0.4023951077524837,At/below lower band,27.92331917905166,25.409990563812247,11.577579459010265,13.398019594146277,20.200618844044744,-182.65862135368278,-0.026000000000000023,0.38363026616793217,0.019927693110573307,5.458146565481596,1.104971869673785,-5.6832859726169,-6.384615384615393,-86.67518248175182,-0.6484848484848484,Strong Sell,Strong Sell,Sell,Bearish technical bias,0.2737798378949478,0.45642016210505215,25.01236979048266,Complete,https://www.nasdaq.com/market-activity/earnings?date=2026-09-04,https://www.tradingview.com/symbols/NASDAQ-IMMP/,2026-09-03T23:50:37+00:00
2026-09-04,Time not supplied,CELU,Celularity Inc.,NASDAQ,Jun/2026,,1.0,N/A,-1.02,,Insufficient EPS comparison,53839488.0,1.83,-1.6129032258064528,363661.0,52971109.161290325,0.5601,2.55,226.7273701124799,-28.235294117647047,70.87354456184748,Overbought,0.29585417300559413,0.18162941330444832,Bullish,1.0751175,0.8591210000000005,1.1383840000000036,1.2467991367209783,0.9979730277406786,1.1958216465914244,Positive / mixed,0.04282851174380342,2.1074064882561965,Upper third,62.92335115864529,61.497326203208566,45.16898632148715,38.667912848663775,4.47763957903052,113.74934920725975,1.0630000000000002,2.0526238663212077,0.2683406512496457,14.663423565554409,0.014946290578927598,177.2307226177852,79.41176470588235,55.08474576271188,0.28787878787878785,Buy,Strong Buy,Neutral,Bullish technical bias,0.6003086536147524,3.0596913463852475,67.19624843635233,Complete,https://www.nasdaq.com/market-activity/earnings?date=2026-09-04,https://www.tradingview.com/symbols/NASDAQ-CELU/,2026-09-03T23:50:37+00:00
2026-09-04,Time not supplied,ENLV,Enlivex Ltd.,NASDAQ,Jun/2026,-0.31,1.0,8/29/2025,-1.2,74.16666666666666,Forecast EPS growth,21856828.0,1.16,-7.200000000000006,293981.0,20283136.383999996,1.13,27.15,2.6548672566371723,-95.72744014732965,16.361699397713323,Oversold,-0.6899862509159125,-0.8413095504735895,Bullish,1.563000000000002,3.795959999999999,11.318490000000002,1.7698041835623226,3.7990450670147555,9.935353929146817,Bearish alignment,1.0708679039119686,2.0551320960880353,Lower third,11.74197681993572,11.949363073105907,64.58935115909597,7.70869092508658,33.96309148274434,-133.93275488811253,-0.3400000000000001,1.5509319742503973,0.2699955096782606,23.275474972263847,1.0086658228551686,-48.44444444444445,-90.07911054094504,-93.03303303303302,-0.37575757575757573,Sell,Strong Sell,Buy,Neutral / mixed technical bias,0.0,2.397274860398811,106.66162589644924,Complete,https://www.nasdaq.com/market-activity/earnings?date=2026-09-04,https://www.tradingview.com/symbols/NASDAQ-ENLV/,2026-09-03T23:50:37+00:00
2026-09-04,Time not supplied,LNAI,Lunai Bioworks Inc.,NASDAQ,Jun/2026,,,N/A,,,Insufficient EPS comparison,10881336.0,2.35,-2.083333333333326,44762.0,10654642.479166668,1.2104,17.84,94.15069398545937,-86.82735426008968,50.148959209940415,Neutral,-0.04554823337839187,-0.07642483218342007,Bullish,2.279750000000001,2.5388999999999995,4.352080000000008,2.3127254935979575,2.4741343580633437,7.032270508891667,Negative / mixed,2.0899744747076747,2.469525525292327,Upper third,50.20080321285136,45.18072289156621,28.451204603825076,25.823513669875126,14.201934826139938,30.769872383017518,0.1499999999999999,2.3125544142778893,0.22738167031725567,9.675815758181091,1.3051820058549786,8.796296296296292,-14.855072463768106,-18.40277777777777,-0.045454545454545456,Neutral,Unavailable,Neutral,Neutral / mixed technical bias,1.3080062841256825,3.3919937158743174,44.34015812231139,Complete,https://www.nasdaq.com/market-activity/earnings?date=2026-09-04,https://www.tradingview.com/symbols/NASDAQ-LNAI/,2026-09-03T23:50:37+00:00
2026-09-04,Time not supplied,GITS,"Global Interactive Technologies, Inc. Common Stock",NASDAQ,Jun/2026,,1.0,N/A,-0.22,,Insufficient EPS comparison,8009773.0,2.09,-4.12844036697249,37445.0,7679095.256880733,0.6557,7.09,218.74332774134513,-70.52186177715092,53.831696759398646,Neutral,-0.005802361122453803,-0.054497198125802136,Bullish,1.9627499999999998,2.0595,1.9151779999999996,1.9603775296022952,1.9861198121795214,2.1376917573603613,Positive / mixed,1.2818133289357965,2.643686671064203,Middle third,87.54141948586395,74.37533402811182,16.223707726344543,25.833314459536506,17.70013390748266,44.938958829094275,0.42999999999999994,2.0788597177480246,0.23121836424686265,11.063079629036492,0.19098180304775234,4.499999999999993,9.999999999999996,-10.874200426439247,0.3333333333333333,Buy,Strong Buy,Unavailable,Bullish technical bias,1.0304243437748808,3.149575656225119,50.69739981938369,Complete,https://www.nasdaq.com/market-activity/earnings?date=2026-09-04,https://www.tradingview.com/symbols/NASDAQ-GITS/,2026-09-03T23:50:37+00:00
2026-09-07,After hours,DLNG,Dynagas LNG Partners LP,NYSE,Jun/2026,,1.0,N/A,0.25,,Insufficient EPS comparison,136796368.0,3.7,-1.5957446808510536,35816.0,134613442.3138298,3.27,4.45,13.149847094801226,-16.85393258426966,46.461505997618595,Neutral,0.02178516464652125,0.03644327849183947,Bearish,3.7934999999999968,3.665799999999998,3.829049999999998,3.770767540930997,3.73601165897324,3.7789078508632516,Mixed,3.6946516312723987,3.892348368727595,Lower third,20.281442392260306,40.18762826150688,12.534438280951226,16.594030433662162,17.19107691451193,-130.68357147648575,-0.13999999999999968,3.7949438034202556,0.1372804034184603,3.7102811734718992,0.7533343289170082,-0.2695417789757355,-1.5957446808510536,-15.717539863325728,-0.5818181818181818,Strong Sell,Strong Sell,Sell,Bearish technical bias,3.0709021599008315,4.329097840099169,17.00264432700456,Complete,https://www.nasdaq.com/market-activity/earnings?date=2026-09-07,https://www.tradingview.com/symbols/NYSE-DLNG/,2026-09-03T23:50:37+00:00
2026-09-07,Time not supplied,GRFS,"Grifols, S.A.",NASDAQ,Jun/2026,0.27,1.0,7/28/2025,0.19,42.10526315789475,Forecast EPS growth,5383555100.0,7.88,0.6385696040868432,513398.0,6853385483.66724,6.96,10.23,13.218390804597702,-22.97165200391007,51.61505715559823,Neutral,0.01250106277850005,0.04251969696692727,Bearish,7.9015,7.6748,8.284350000000005,7.853259414750972,7.794317669415092,8.146657959134988,Mixed,7.622338756271463,8.180661243728537,Middle third,22.374429223744247,14.922809306370917,17.576431205609254,31.018884850652203,20.310485724047602,-10.768583804813073,-0.11000000000000032,7.919961960320886,0.18988976803481764,2.4097686298834726,1.4193157069154234,-0.6305170239596447,3.1413612565445055,-7.511737089201875,0.11212121212121212,Buy,Buy,Neutral,Neutral / mixed technical bias,7.009815764282842,8.750184235717157,11.042947153771037,Complete,https://www.nasdaq.com/market-activity/earnings?date=2026-09-07,https://www.tradingview.com/symbols/NASDAQ-GRFS/,2026-09-03T23:50:37+00:00
2026-09-07,Time not supplied,CHRN,ChronoScale Holdings Corporation,NASDAQ,Jun/2026,-0.06,1.0,7/28/2025,-1.24,95.16129032258064,Forecast EPS growth,2768568060.0,20.08,5.628616517622286,149875.0,2924400054.6238813,3.47,30.0,478.67435158501434,-33.06666666666668,46.85999550888376,Neutral,-0.7138752974561022,-0.36613695742180996,Bearish,20.94300000000001,21.606399999999994,13.528449999999994,20.724372912143995,20.717537444891608,15.298575619184227,Mixed,17.193262142496142,24.692737857503875,Middle third,20.995670995670988,13.12974950745849,11.37656436012638,23.008546828078213,21.639235315409408,-60.16826487072124,-4.020000000000003,20.875784371253495,2.417581008746809,12.03974605949606,0.8666561039189337,-15.948095437421525,-12.276103101791184,86.96461824953442,-0.06666666666666667,Neutral,Sell,Unavailable,Neutral / mixed technical bias,9.00125202873005,31.158747971269946,55.173047665686994,Complete,https://www.nasdaq.com/market-activity/earnings?date=2026-09-07,https://www.tradingview.com/symbols/NASDAQ-CHRN/,2026-09-03T23:50:37+00:00
2026-09-07,Time not supplied,CURR,Currenc Group Inc.,NASDAQ,Jun/2026,,1.0,N/A,-0.1,,Insufficient EPS comparison,450250368.0,3.0,-25.187032418952615,5727458.0,336845668.5785536,1.3123,5.08,128.60626381162845,-40.944881889763785,42.94871837982591,Neutral,0.026090503467069315,0.07846538202761123,Bearish,3.553,3.2726000000000006,2.718625000000001,3.47790772909159,3.359904911632788,2.901376773169294,Mixed,2.9921042877682202,4.11389571223178,Lower third,36.804132893916425,30.084264080961997,24.18572652745674,34.18531847098336,9.493757350475382,33.066399373793736,-0.8500000000000001,3.396502670115521,0.46035398224160307,15.345132741386768,9.082929058751084,-7.6923076923076925,-14.772727272727273,33.333333333333336,-0.3787878787878788,Sell,Strong Sell,Neutral,Neutral / mixed technical bias,0.8903930299034974,5.109606970096502,70.32023233655008,Complete,https://www.nasdaq.com/market-activity/earnings?date=2026-09-07,https://www.tradingview.com/symbols/NASDAQ-CURR/,2026-09-03T23:50:37+00:00
2026-09-07,Time not supplied,AIV,Apartment Investment and Management Company,NYSE,Jun/2026,,1.0,N/A,,,Insufficient EPS comparison,371806464.0,2.54,-0.7812500000000007,512040.0,368901699.2109375,2.49,8.03,2.008032128514059,-68.36861768368617,37.45379896697232,Neutral,-0.052116378470727476,-0.058059528796902335,Bullish,2.587999999999998,2.696400000000003,4.283550000000006,2.5891099141590592,2.7824045008167166,4.184620580811163,Bearish alignment,2.5020697957641618,2.673930204235834,Lower third,34.49074074074066,29.398148148148014,27.384024482487774,19.336530966167945,20.980129357018356,-72.69734525738154,-0.06999999999999984,2.5688452708418468,0.05393447968614541,2.123404712052969,0.3573251195916417,-5.576208178438659,-17.263843648208464,-41.20370370370371,-0.4212121212121212,Sell,Strong Sell,Neutral,Neutral / mixed technical bias,2.2928411642701807,2.7871588357298194,9.73066282400864,Complete,https://www.nasdaq.com/market-activity/earnings?date=2026-09-07,https://www.tradingview.com/symbols/NYSE-AIV/,2026-09-03T23:50:37+00:00
2026-09-07,Time not supplied,CBAT,CBAK Energy Technology Limited,NASDAQ,Jun/2026,-0.06,1.0,8/18/2025,-0.03,-100.0,Forecast EPS decline,88645840.0,1.03,3.0000000000000027,276049.0,91305211.08,0.4611,1.24,123.37887659943614,-16.935483870967737,72.38012161204716,Overbought,0.10637299778101927,0.08846297506017425,Bullish,0.841984999999999,0.6554020000000002,0.8022565050000011,0.8513317104298016,0.7449496604105734,0.7851864641069289,Positive / mixed,0.6066006311476745,1.0773693688523234,Upper third,89.33475536595124,88.37198625779001,49.65104000075885,30.507001343739393,5.9374930432294235,117.97820137905143,0.2098,0.9029338592571713,0.079303517612503,7.699370641990582,0.29403328100256926,110.20408163265306,37.31502466337822,4.040404040404044,0.35454545454545455,Buy,Strong Buy,Neutral,Bullish technical bias,0.6665856276644414,1.3934143723355588,35.28294877044259,Complete,https://www.nasdaq.com/market-activity/earnings?date=2026-09-07,https://www.tradingview.com/symbols/NASDAQ-CBAT/,2026-09-03T23:50:37+00:00
2026-09-07,Time not supplied,FRGT,"Freight Technologies, Inc.",NASDAQ,Jun/2026,,1.0,N/A,0.5,,Insufficient EPS comparison,686550.0,1.09,-9.166666666666657,106611.0,670113.8333333334,1.05,51.5,3.809523809523818,-97.88349514563107,24.933244673310895,Oversold,-0.48557584732507686,-0.4855508538307381,Bearish,1.750500000000001,2.8907000000000007,6.3128124999999935,1.7804945662089935,2.594907327225067,79.54467294831623,Bearish alignment,0.832448258538776,2.668551741461226,Lower third,4.796884714641634,3.4812775543639325,23.176958541569505,12.196668683813646,30.158912863277614,-110.13085654085567,-0.5499999999999998,2.104053243660033,0.29477724266931843,27.043783731130127,1.1517893026451689,-67.46268656716417,-74.11725595421842,-81.04347826086956,-0.4666666666666667,Sell,Strong Sell,Unavailable,Neutral / mixed technical bias,0.0,2.440839027682518,123.9301860259191,Complete,https://www.nasdaq.com/market-activity/earnings?date=2026-09-07,https://www.tradingview.com/symbols/NASDAQ-FRGT/,2026-09-03T23:50:37+00:00
2026-09-08,After hours,CASY,"Caseys General Stores, Inc.",NASDAQ,Jul/2026,6.59,7.0,9/08/2025,5.77,14.211438474870022,Forecast EPS growth,27886532600.0,758.42,0.6409320718162299,374338.0,28065267367.75249,497.38,927.85,52.48301097752221,-18.260494692029972,35.8577486820044,Neutral,-23.204442251151022,-14.239820091221228,Bearish,815.9544999999995,827.2949999999998,726.0126749999991,803.3624960230359,818.5195500500449,737.5760664911106,Mixed,735.9452579150795,895.9637420849194,Lower third,13.76500824573049,12.944212106182391,18.382715149867273,15.90962394718153,31.53401368829583,-120.13281337452415,-69.96000000000004,808.7976377592238,26.069628827196276,3.4373604107481706,1.0786045087027316,-11.776748947258218,-0.29710259241730963,14.459485972140467,-0.08484848484848484,Neutral,Strong Sell,Buy,Neutral / mixed technical bias,638.9539525599702,877.8860474400298,15.75196427309799,Complete,https://www.nasdaq.com/market-activity/earnings?date=2026-09-08,https://www.tradingview.com/symbols/NASDAQ-CASY/,2026-09-03T23:50:37+00:00
2026-09-08,After hours,TTAN,"ServiceTitan, Inc.",NASDAQ,Jul/2026,-0.09,5.0,9/04/2025,-0.22,59.09090909090909,Forecast EPS growth,8792795100.0,93.1,1.0090050992730744,1003382.0,8881514131.743517,54.17,119.99,71.86634668635774,-22.410200850070837,54.48574189963543,Neutral,3.585054938740498,4.24832280053698,Bearish,92.90874999999996,83.41959999999999,78.38410000000002,92.14179399021191,85.06397322250754,81.11290320222892,Bullish alignment,85.19972290509085,100.61777709490906,Middle third,39.01112906250192,53.658944061168235,27.981058679113573,26.820884542253086,21.065518052773847,27.918897691296902,0.5300000000000011,93.15687820158743,4.666462200335042,5.0123117082009045,1.0046338742707288,13.619721747620204,12.101143889223357,17.98251172221518,0.24545454545454548,Buy,Buy,Neutral,Neutral / mixed technical bias,71.71558373931448,114.4844162606855,22.969297809544052,Complete,https://www.nasdaq.com/market-activity/earnings?date=2026-09-08,https://www.tradingview.com/symbols/NASDAQ-TTAN/,2026-09-03T23:50:37+00:00
2026-09-08,After hours,BRZE,"Braze, Inc.",NASDAQ,Jul/2026,-0.21,7.0,9/04/2025,-0.22,4.545454545454549,Forecast EPS broadly flat,4037778690.0,33.25,0.9411050394657021,2294100.0,3745002807.6502733,15.26,37.3273,117.88990825688073,-10.923104537429717,65.17988297693239,Neutral,2.018954196020328,1.9222626073237932,Bullish,30.70799999999999,26.871800000000007,24.706349999999976,30.870083734250656,27.891698009419937,25.78945436028544,Bullish alignment,26.144595130825877,35.271404869174106,Upper third,72.49377941058117,77.60127687761123,27.283693906590962,36.26579245738173,18.29336354643165,101.47881250381239,2.539999999999999,30.88745426574826,1.547606737029707,4.654456351969044,0.7903200146674796,30.187940485512925,44.50239026510212,61.329451722464825,0.5363636363636364,Strong Buy,Strong Buy,Buy,Bullish technical bias,26.15797498153775,40.34202501846225,21.329398551766165,Complete,https://www.nasdaq.com/market-activity/earnings?date=2026-09-08,https://www.tradingview.com/symbols/NASDAQ-BRZE/,2026-09-03T23:50:37+00:00
2026-09-08,After hours,INNV,InnovAge Holding Corp.,NASDAQ,Jun/2026,0.07,3.0,9/09/2025,-0.01,800.0,Forecast turnaround to profit,1467310460.0,10.77,-0.37002775208141464,122582.0,1461880968.2220166,3.6864,12.64,192.15494791666666,-14.794303797468366,47.045758059831144,Neutral,-0.032512644927278345,-0.017747001411061447,Bearish,10.823500000000003,11.210200000000002,8.224150000000003,10.89769321170703,10.65688053651739,8.576175615190074,Mixed,10.376050561515644,11.270949438484362,Middle third,25.97950572634116,30.76708414261158,19.05200346439996,22.00567636303361,17.210900525157545,-32.036670957997664,0.049999999999998934,10.846534280480075,0.4963202353342906,4.60835873105191,0.6225549322884792,-4.605845881310891,49.79137691237829,17.44820065430752,-0.11212121212121212,Sell,Sell,Neutral,Neutral / mixed technical bias,8.495574952642317,13.044425047357683,21.11815271455601,Complete,https://www.nasdaq.com/market-activity/earnings?date=2026-09-08,https://www.tradingview.com/symbols/NASDAQ-INNV/,2026-09-03T23:50:37+00:00
2026-09-08,After hours,AVO,"Mission Produce, Inc.",NASDAQ,Jul/2026,0.1,4.0,9/08/2025,0.24,-58.33333333333333,Forecast EPS decline,1127843970.0,12.57,-1.5661707126076687,530902.0,1110179942.1072829,10.07,15.53,24.826216484607745,-19.059884095299417,44.05044069057111,Neutral,-0.020545517059572305,0.03919575190840396,Bearish,12.956499999999991,12.862800000000023,12.822700000000012,12.851215078306046,12.76803791980091,12.664671193923583,Negative / mixed,12.519131734117174,13.393868265882809,Lower third,29.770992366412198,32.31552162849871,9.992750722984049,18.87138892209395,25.06373882532023,-125.68586729458377,-0.6699999999999999,12.952608209051032,0.3848691073757357,3.0618067412548586,1.0541443761341343,-1.4890282131661403,18.696883852691222,-7.573529411764702,-0.5575757575757576,Strong Sell,Strong Sell,Sell,Bearish technical bias,10.806308182800604,14.333691817199396,14.030961155126459,Complete,https://www.nasdaq.com/market-activity/earnings?date=2026-09-08,https://www.tradingview.com/symbols/NASDAQ-AVO/,2026-09-03T23:50:37+00:00
2026-09-08,After hours,MIND,"MIND Technology, Inc.",NASDAQ,Jul/2026,,7.0,N/A,0.24,,Insufficient EPS comparison,40264512.0,4.42,-0.2257336343115076,52012.0,40173621.45372461,4.2548,14.5,3.882673686189708,-69.51724137931035,39.98625112522601,Neutral,-0.20029702173972197,-0.20606768073404128,Bullish,4.5892499999999945,4.924100000000007,7.240524999999994,4.5833321590855665,4.996129275944631,6.614128288140499,Bearish alignment,4.111544285150114,5.066955714849875,Lower third,10.553685305306912,8.45535575808993,8.92837135560194,21.6180626671628,18.42297027773248,-51.792961667717556,-0.23000000000000043,4.613454264070443,0.25241331543908097,5.710708494096854,0.5872125580303112,-12.820512820512825,-35.28550512445095,-41.99475065616798,-0.2424242424242424,Sell,Strong Sell,Buy,Neutral / mixed technical bias,3.263296875585646,5.576703124414354,26.16975394602611,Complete,https://www.nasdaq.com/market-activity/earnings?date=2026-09-08,https://www.tradingview.com/symbols/NASDAQ-MIND/,2026-09-03T23:50:37+00:00
2026-09-08,After hours,YQ,17 Education & Technology Group Inc.,NASDAQ,Jun/2026,,7.0,N/A,-0.39,,Insufficient EPS comparison,24750968.0,2.77,21.49122807017545,2784147.0,24725680.0,1.68,6.45,64.8809523809524,-57.054263565891475,65.46103217194056,Neutral,0.025105861453771805,0.003241374796919482,Bullish,2.295655,2.2307740000000003,2.9145285000000025,2.26254197091589,2.2633954122168434,2.6099099092863804,Mixed,1.914073808246547,2.6772361917534533,At/above upper band,57.00437329030917,33.027508424659906,18.04498740376567,30.993388165203868,18.858569881987513,166.71584772873638,0.31999999999999984,2.7253177166869786,0.2486487800123351,8.97649025315289,149.61051732198416,35.121951219512205,16.877637130801684,-4.317789291882556,0.5363636363636364,Strong Buy,Strong Buy,Buy,Bullish technical bias,1.6305481441350518,3.9094518558649485,41.13544606010643,Complete,https://www.nasdaq.com/market-activity/earnings?date=2026-09-08,https://www.tradingview.com/symbols/NASDAQ-YQ/,2026-09-03T23:50:37+00:00
2026-09-08,Pre-market,ABM,ABM Industries Incorporated,NYSE,Jul/2026,1.01,3.0,9/05/2025,0.82,23.17073170731708,Forecast EPS growth,2721669630.0,47.23,1.6573396470081703,362858.0,2766776852.413258,36.962,50.12,27.77988204101507,-5.766161213088594,50.87645900126022,Neutral,-0.10673739262017534,0.03361920006581507,Bearish,47.38350000000004,46.91779999999992,43.4751999999998,47.17746137870727,46.48107928122775,44.64520784413831,Positive / mixed,46.05785638273854,48.70914361726154,Middle third,24.22072734847021,17.947714924963936,12.40634794348164,20.48442958951555,20.550982153475594,-54.301468008803816,0.12999999999999545,47.31376386825126,0.9402278041377828,1.9907427570141498,0.9213183308725608,-2.3366418527708905,13.152850982271191,7.929616087751369,0.31212121212121213,Buy,Strong Buy,Neutral,Neutral / mixed technical bias,42.921334917036496,51.5386650829635,9.122729373202421,Complete,https://www.nasdaq.com/market-activity/earnings?date=2026-09-08,https://www.tradingview.com/symbols/NYSE-ABM/,2026-09-03T23:50:37+00:00
2026-09-08,Pre-market,UNFI,"United Natural Foods, Inc.",NYSE,Jul/2026,0.62,2.0,9/30/2025,-0.11,663.6363636363636,Forecast turnaround to profit,2687654910.0,43.62,-1.7788786309389757,803615.0,2639844971.8594913,27.97,57.02,55.952806578476945,-23.500526131182053,34.55054679768995,Neutral,-1.0772486463717215,-0.6986184790936945,Bearish,46.789999999999985,47.83820000000005,43.35360000000002,46.529942084481554,47.625978526442715,43.852566167706634,Mixed,43.750144740286316,49.82985525971365,At/below lower band,15.57658954908194,11.26798193273684,19.14415233062138,11.145943686364786,32.81078464583348,-201.0148270740638,-3.1400000000000006,46.449995775980895,1.6343601449118181,3.7468137205681296,1.6191912898967251,-7.151979565772669,-18.467289719626173,18.179355188295858,-0.28787878787878785,Sell,Strong Sell,Neutral,Neutral / mixed technical bias,36.13042092312259,51.1095790768774,17.170057489402573,Complete,https://www.nasdaq.com/market-activity/earnings?date=2026-09-08,https://www.tradingview.com/symbols/NYSE-UNFI/,2026-09-03T23:50:37+00:00
2026-09-08,Pre-market,WDH,Waterdrop Inc.,NYSE,Jun/2026,,7.0,N/A,0.05,,Insufficient EPS comparison,349744512.0,0.9999,2.72241627285802,202812.0,351283990.0,0.96,2.07,4.156249999999995,-51.69565217391303,36.729985590948516,Neutral,-0.03228304122579506,-0.039288438192544836,Bullish,0.9950849999999992,1.0852339999999987,1.5346085000000007,1.0102098960013113,1.103898399666519,1.404332891156681,Negative / mixed,0.9792995288314553,1.010870471168543,Middle third,26.25620364355386,12.55865375420508,39.28319240700028,18.650488291555654,28.03587492121853,5.469039673711872,,0.9950842110057451,0.02144494262432167,2.1447087333054973,1.0771857796520599,-9.918918918918926,-29.08510638297872,-42.53448275862068,-0.04242424242424242,Neutral,Sell,Buy,Neutral / mixed technical bias,0.901626927150061,1.098173072849939,9.828290114005299,Complete,https://www.nasdaq.com/market-activity/earnings?date=2026-09-08,https://www.tradingview.com/symbols/NYSE-WDH/,2026-09-03T23:50:37+00:00
2026-09-08,Pre-market,CAN,Canaan Inc.,NASDAQ,Jun/2026,-0.1,2.0,8/14/2025,-0.03,-233.33333333333334,Forecast EPS decline,236919712.0,0.3933,27.81930451738707,27481873.0,222252733.0,0.1516,2.22,159.4327176781002,-82.28378378378378,60.9917555847059,Neutral,0.03154971367116266,0.02532000506483647,Bullish,0.298375,0.2775159999999999,0.5120704999999999,0.3194450211942956,0.3079444845444916,0.5023538073383979,Mixed,0.13455892172927633,0.4621910782707237,Upper third,54.27162056875729,55.308069936527254,32.48551223602036,36.79430940144257,19.839816391123662,70.50953216637404,0.1144,0.34027918096482795,0.046752906204648434,11.887339487579059,0.7710414082067736,106.99999999999999,3.4999999999999942,-21.055800883179444,0.46969696969696967,Buy,Strong Buy,Buy,Neutral / mixed technical bias,0.17905126835802798,0.607548731641972,54.4746330134686,Complete,https://www.nasdaq.com/market-activity/earnings?date=2026-09-08,https://www.tradingview.com/symbols/NASDAQ-CAN/,2026-09-03T23:50:37+00:00
2026-09-08,Pre-market,GMHS,Gamehaus Holdings Inc.,NASDAQ,Jun/2026,,7.0,N/A,0.03,,Insufficient EPS comparison,46446300.0,0.7864,-3.827809710162651,136210.0,45075831.53626025,0.56,2.4535,40.428571428571416,-67.94782963113919,50.40324635145273,Neutral,-0.008658749397875587,-0.024975916967353955,Bullish,0.7499874999999993,0.8367140000000002,0.9518022450000013,0.774314488668568,0.8191121282381227,1.1492233629821784,Negative / mixed,0.6599110331787207,0.8400639668212778,Upper third,50.62,52.99356405585913,24.73455866804131,31.69337649661108,8.813808360475305,122.09263361437172,0.07579999999999998,0.8408843857456204,0.09381170661973062,11.92926076039301,0.1761422379931087,0.8205128205128155,-21.36,-17.412308338584335,-0.04242424242424242,Neutral,Sell,Buy,Neutral / mixed technical bias,0.3565007533420946,1.2162992466579055,54.66674041936742,Complete,https://www.nasdaq.com/market-activity/earnings?date=2026-09-08,https://www.tradingview.com/symbols/NASDAQ-GMHS/,2026-09-03T23:50:37+00:00
2026-09-08,Time not supplied,ORCL,Oracle Corporation,NYSE,Aug/2026,1.4,10.0,9/09/2025,1.2,16.666666666666664,Forecast EPS growth,419828662000.0,154.04,5.687821612349909,25082799.0,443707744716.8339,114.5,345.72,34.53275109170304,-55.4437116741872,57.577323240493634,Neutral,1.7350617279400637,1.360535885709414,Bullish,147.72300000000013,139.71220000000017,169.09039999999996,146.07590023247403,148.43726355728853,169.93725164559496,Mixed,139.3083886602019,156.13761133979835,Upper third,49.19518294648943,43.964643250550374,14.645393250312152,28.230240995053713,22.70118665527724,95.31242230683738,11.969999999999999,148.29136198101233,6.858226453526689,4.452237375698967,1.3046752407762263,9.240479398624212,-32.87724955335745,0.7324091027988521,0.33636363636363636,Buy,Buy,Buy,Neutral / mixed technical bias,122.61165814356539,185.4683418564346,20.40271478605206,Complete,https://www.nasdaq.com/market-activity/earnings?date=2026-09-08,https://www.tradingview.com/symbols/NYSE-ORCL/,2026-09-03T23:50:37+00:00
2026-09-08,Time not supplied,GME,GameStop Corporation,NYSE,Jul/2026,,7.0,N/A,0.25,,Insufficient EPS comparison,8511673300.0,19.23,1.370585134422781,7224493.0,8628332495.731155,17.79,28.1,8.094435075885343,-31.565836298932382,52.361517558962205,Neutral,-0.42824820247251694,-0.6616703702379243,Bullish,18.439,20.30480000000002,22.189649999999986,18.79801950639037,19.876527613008445,21.959345546826707,Negative / mixed,17.61520633651306,19.26279366348694,Upper third,91.42979703604446,73.38625054557771,29.112156525703707,23.50587114931848,19.029292958544353,143.20867244598546,1.1900000000000013,18.47482191572071,0.49984278223616424,2.5992864390856174,1.115766427334832,1.1306863002892447,-13.611859838274937,-18.963337547408344,0.11212121212121212,Buy,Buy,Neutral,Neutral / mixed technical bias,16.93943261482545,21.52056738517455,11.911426859982063,Complete,https://www.nasdaq.com/market-activity/earnings?date=2026-09-08,https://www.tradingview.com/symbols/NYSE-GME/,2026-09-03T23:50:37+00:00
2026-09-08,Time not supplied,CSHR,CoinShares PLC,NASDAQ,Jun/2026,,7.0,N/A,0.06,,Insufficient EPS comparison,737969150.0,5.89,5.17857142857143,182608.0,776185347.4982144,3.505,13.7001,68.0456490727532,-57.00761308311619,61.30870971214352,Neutral,0.31719708324468243,0.3345771375398209,Bearish,5.505999999999985,4.748999999999986,7.667055499999998,5.5238308004958085,5.179382677334247,6.895714332956839,Mixed,4.682564513759161,6.3294354862408095,Upper third,56.19047619047617,63.52136311076708,43.11413088313945,26.00214503604619,9.055602287867941,64.01141344924295,0.4899999999999993,5.710187750732293,0.37817713308363693,6.420664398703514,0.6304697588023671,11.342155009451789,30.888888888888882,-44.59078080903105,0.3787878787878788,Buy,Strong Buy,Neutral,Neutral / mixed technical bias,4.156974661542845,7.623025338457154,29.42318061896697,Complete,https://www.nasdaq.com/market-activity/earnings?date=2026-09-08,https://www.tradingview.com/symbols/NASDAQ-CSHR/,2026-09-03T23:50:37+00:00
2026-09-08,Time not supplied,AREC,American Resources Corporation,NASDAQ,Jun/2026,-0.09,2.0,8/19/2025,-0.1,10.000000000000009,Forecast EPS growth,261009904.0,2.44,,1327871.0,261009918.0,1.475,7.11,65.42372881355931,-65.68213783403657,50.51690410339949,Neutral,0.05547476059313583,0.11369359386847618,Bearish,2.644999999999999,2.1784,2.5842750000000017,2.4683564493545402,2.333185142786731,2.3643733945822123,Mixed,2.270807536152831,3.019192463847167,Lower third,18.627450980392155,10.294117647058824,20.228166809384742,23.656807511889685,23.164404170694922,-90.0792046238378,-0.1299999999999999,2.6923544744693606,0.17276907564087443,7.080699821347312,0.7840404169587176,20.197044334975377,5.856832971800424,-23.028391167192428,0.11212121212121212,Buy,Buy,Neutral,Neutral / mixed technical bias,1.6482726331281419,3.231727366871858,32.44784290458435,Complete,https://www.nasdaq.com/market-activity/earnings?date=2026-09-08,https://www.tradingview.com/symbols/NASDAQ-AREC/,2026-09-03T23:50:37+00:00
2026-09-08,Time not supplied,ELME,Elme Communities,NYSE,Jun/2026,,7.0,N/A,0.24,,Insufficient EPS comparison,150169824.0,1.68,-0.5917159763313614,274269.0,149281243.17159763,1.26,17.68,33.33333333333333,-90.49773755656109,58.62138805300688,Neutral,0.016635956418439957,0.011451643672999223,Bullish,1.6480000000000008,1.5853999999999993,4.671850000000005,1.6546675561703117,1.6993332652348454,4.71487734072903,Mixed,1.5864857740031144,1.7095142259968872,Upper third,73.33333333333327,78.05555555555549,25.73630337798495,25.15377281564435,10.740705199101653,77.51461459650172,0.05999999999999983,1.6554747087182773,0.030138898063171677,1.793982027569743,0.40741063136623207,3.06748466257669,-18.048780487804873,-22.93577981651377,0.06666666666666667,Neutral,Buy,Unavailable,Neutral / mixed technical bias,1.5418862182629578,1.818113781737042,8.2210584367287,Complete,https://www.nasdaq.com/market-activity/earnings?date=2026-09-08,https://www.tradingview.com/symbols/NYSE-ELME/,2026-09-03T23:50:37+00:00
2026-09-08,Time not supplied,ZENA,"ZenaTech, Inc.",NASDAQ,Jun/2026,-0.21,1.0,8/12/2025,-0.14,-49.99999999999998,Forecast EPS decline,140899008.0,1.7,3.658536585365857,2107192.0,151417627.5609756,1.15,7.1093,47.82608695652175,-76.08765982586189,48.70529425813827,Neutral,0.03214496330425676,0.07554424533557416,Bearish,1.8567500000000012,1.5865000000000007,2.359700000000004,1.7513447097344341,1.684631465459442,2.3339513094266144,Mixed,1.541848825026042,2.1716511749739604,Lower third,7.39751841725525,5.745962127541072,31.22249086033176,25.75126849362252,17.896127901181057,-78.74855568393909,-0.20999999999999996,1.8072088589394237,0.1455456240445064,8.561507296735671,0.8696575565922352,33.33333333333334,12.582781456953638,-33.07086614173229,0.003030303030303022,Neutral,Sell,Buy,Neutral / mixed technical bias,1.0330261607464646,2.3669738392535353,39.23375525020796,Complete,https://www.nasdaq.com/market-activity/earnings?date=2026-09-08,https://www.tradingview.com/symbols/NASDAQ-ZENA/,2026-09-03T23:50:37+00:00
2026-09-08,Time not supplied,AXR,AMREP Corporation,NYSE,Jul/2026,,7.0,N/A,0.87,,Insufficient EPS comparison,121726048.0,22.96,0.4374453193350894,5221.0,122258538.92563431,17.61,29.01,30.38046564452017,-20.854877628404,46.32145293388226,Neutral,-0.18924973870997874,-0.29078449796207856,Bullish,22.74050000000002,23.8774,24.018450000000016,23.02032988645027,23.6984458012401,24.271373447791646,Negative / mixed,21.85953518799163,23.62146481200841,Middle third,65.4117647058823,72.1313321348439,19.625334645609033,16.43735511440324,21.792536821227525,44.03396711101328,-0.28999999999999915,22.52663328492476,0.615510686359033,2.68079567229544,0.7931877915014508,0.7017543859649129,-10.869565217391306,-6.017191977077359,-0.04242424242424242,Neutral,Sell,Buy,Neutral / mixed technical bias,20.13937568870551,25.780624311294492,12.284949091003885,Complete,https://www.nasdaq.com/market-activity/earnings?date=2026-09-08,https://www.tradingview.com/symbols/NYSE-AXR/,2026-09-03T23:50:37+00:00
2026-09-08,Time not supplied,UPXI,"Upexi, Inc.",NASDAQ,Jun/2026,,7.0,N/A,,,Insufficient EPS comparison,70536296.0,1.07,11.423513485369156,6341766.0,84211530.42799127,0.54,7.75,98.14814814814814,-86.19354838709677,58.064276910824915,Neutral,0.058797652085033514,0.05025666174396733,Bullish,0.9416649999999999,0.872612,1.3390325000000007,0.9751089446162595,0.9430785004298118,1.831680196317372,Mixed,0.6726120960944575,1.2107179039055422,Upper third,60.0860306262804,64.05585181409448,24.072884527187085,32.17275872944261,19.480161877928474,59.069870933123795,0.13670000000000004,1.0221146145150197,0.08602939068997209,8.040129971025427,1.2246388823404186,32.098765432098766,9.183673469387763,16.304347826086957,0.403030303030303,Buy,Strong Buy,Buy,Neutral / mixed technical bias,0.6757638051722737,1.4642361948277265,36.844504189507134,Complete,https://www.nasdaq.com/market-activity/earnings?date=2026-09-08,https://www.tradingview.com/symbols/NASDAQ-UPXI/,2026-09-03T23:50:37+00:00
2026-09-08,Time not supplied,ALPS,ALPS Group Inc,NASDAQ,Jun/2026,,7.0,N/A,0.35,,Insufficient EPS comparison,63232120.0,0.38,,63972.0,63232118.999999985,0.22925,15.0,65.75790621592148,-97.46666666666667,47.69148246119531,Neutral,-0.016761551530124374,-0.030945653177303724,Bullish,0.35514245,0.44377997999999963,0.8132197799999977,0.37631677222350424,0.45656930209187924,1.8317087504179608,Negative / mixed,0.2578463073622292,0.4524385926377708,Middle third,80.69025775447794,82.12902286296783,25.1540658810884,24.83100152623254,20.188438617469792,50.54730649403526,0.10999999999999999,0.3587303038545203,0.03738980904954836,9.839423434091673,0.6815537704289276,-1.5544041450777215,-44.19970631424376,-59.13978494623657,-0.04242424242424242,Neutral,Sell,Buy,Neutral / mixed technical bias,0.20865836981049976,0.5513416301895002,45.08990268144743,Complete,https://www.nasdaq.com/market-activity/earnings?date=2026-09-08,https://www.tradingview.com/symbols/NASDAQ-ALPS/,2026-09-03T23:50:37+00:00
2026-09-08,Time not supplied,NTRB,Nutriband Inc.,NASDAQ,Jul/2026,,7.0,N/A,-2.12,,Insufficient EPS comparison,57133120.0,5.63,19.787234042553184,170530.0,68438181.77446808,2.8,8.6259,101.07142857142857,-34.731448312639834,77.07267934102627,Overbought,0.477175443287325,0.3729962035058224,Bullish,4.01342,3.410968000000002,3.958819999999999,4.183887955025003,3.713859943335598,4.128048880613156,Positive / mixed,2.4677129752375286,5.559127024762471,At/above upper band,66.62818862054715,56.98250837741998,43.83741961987928,53.15237910489522,11.02720199348225,136.17285639914914,1.815,4.901803772043267,0.38706946957488225,6.875123793514783,3.1831332947566873,98.23943661971832,56.38888888888888,35.01199040767386,0.6484848484848484,Strong Buy,Strong Buy,Buy,Bullish technical bias,3.856224856466696,7.403775143533304,31.505775195973435,Complete,https://www.nasdaq.com/market-activity/earnings?date=2026-09-08,https://www.tradingview.com/symbols/NASDAQ-NTRB/,2026-09-03T23:50:37+00:00
2026-09-08,Time not supplied,BIOX,Bioceres Crop Solutions Corp.,NASDAQ,Jun/2026,,,9/09/2025,-0.7,,Insufficient EPS comparison,28263024.0,0.4192,-6.219239373601788,162490.0,26505277.007606264,0.3013,2.9386,39.13043478260869,-85.73470360035391,53.01234804618987,Neutral,0.016593070046668768,0.016545358733781254,Bullish,0.41488999999997633,0.3723950000000005,0.6961657499999976,0.41394275030364025,0.4022450187454397,0.9648690017526749,Mixed,0.35187622690171994,0.47790377309823273,Middle third,33.07035669454361,37.74166372531922,32.33345479161231,30.79457738682239,9.90734373609253,31.88992091787014,-0.030700000000000005,0.42611521105091443,0.0479558303540516,11.439845027206964,0.19909562140342257,16.444444444444454,-5.797752808988762,-25.27629233511587,-0.02121212121212121,Neutral,Sell,Neutral,Neutral / mixed technical bias,0.19943877738809765,0.6389612226119024,52.42395577574007,Complete,https://www.nasdaq.com/market-activity/earnings?date=2026-09-08,https://www.tradingview.com/symbols/NASDAQ-BIOX/,2026-09-03T23:50:37+00:00
2026-09-08,Time not supplied,AAME,Atlantic American Corporation,NASDAQ,Jun/2026,,7.0,N/A,0.07,,Insufficient EPS comparison,27332286.0,1.36,1.492537313432837,29557.0,27740231.58208955,1.25,3.46,8.800000000000008,-60.69364161849711,43.40914292154914,Neutral,-0.05315171280130926,-0.06068809240422557,Bullish,1.3987499999999995,1.5314000000000019,2.2514199999999978,1.4114384505773079,1.5548824960352414,2.0515199643970763,Bearish alignment,1.25315209479531,1.544347905204689,Middle third,29.055920739258838,33.184084341557885,19.991184635425842,17.3333773634235,15.508504412289113,-54.02739929183945,0.020000000000000018,1.4134120471619247,0.10181212966922046,7.486186005089738,0.09664664870870764,-13.375796178343947,-21.839080459770106,-48.484848484848484,-0.4,Sell,Strong Sell,Unavailable,Neutral / mixed technical bias,0.8934382091261381,1.826561790873862,34.30601403484279,Complete,https://www.nasdaq.com/market-activity/earnings?date=2026-09-08,https://www.tradingview.com/symbols/NASDAQ-AAME/,2026-09-03T23:50:37+00:00
2026-09-08,Time not supplied,BRLS,Borealis Foods Inc.,NASDAQ,Jun/2026,,7.0,N/A,-0.21,,Insufficient EPS comparison,25112068.0,1.21,3.4188034188034218,62230.0,25970600.239316244,0.6,5.02,101.66666666666666,-75.89641434262948,52.96698157863564,Neutral,0.05496618868288983,0.0625523922318693,Bearish,1.1308929999999997,1.0663851999999994,1.3981128049999978,1.1515750784113599,1.1303048173951176,1.6806947431915646,Mixed,0.5052099870261759,1.7565760129738235,Middle third,23.795870052283423,22.886023727958943,30.96665138371895,33.5126570865481,17.37613134216055,11.734495900057677,-0.54,1.727286971941695,0.24061220098760905,19.88530586674455,0.01225354026004718,27.36842105263158,-20.394736842105267,-30.857142857142858,0.13333333333333333,Buy,Buy,Unavailable,Neutral / mixed technical bias,0.10737637584435311,2.3126236241556466,91.12591935170636,Complete,https://www.nasdaq.com/market-activity/earnings?date=2026-09-08,https://www.tradingview.com/symbols/NASDAQ-BRLS/,2026-09-03T23:50:37+00:00
2026-09-08,Time not supplied,SEGG,Sports Entertainment Gaming Global Corporation ,NASDAQ,Jun/2026,,7.0,N/A,-9.1,,Insufficient EPS comparison,7985743.0,2.62,6.938775510204079,30722.0,8539856.848979592,2.2501,45.3593,16.439269365805952,-94.22389675325678,38.462330754387466,Neutral,-0.3873376978560956,-0.5240373400814315,Bullish,2.578750000000002,3.9855660000000004,7.113008999999997,2.8367915300306263,4.091263371144839,12.994512927848977,Negative / mixed,2.308086463483059,2.8494135365169453,Middle third,44.88153976085699,54.6606214161888,34.67063431977398,11.075792071632526,22.30117388549521,9.290001211425986,0.040000000000000036,2.5485828234477803,0.37863331245386284,14.451653147094001,0.6796481633881089,-7.746478873239428,-78.73376623376622,-58.86970172684458,-0.2212121212121212,Sell,Strong Sell,Neutral,Neutral / mixed technical bias,0.884884185048308,4.355115814951692,66.22579446380504,Complete,https://www.nasdaq.com/market-activity/earnings?date=2026-09-08,https://www.tradingview.com/symbols/NASDAQ-SEGG/,2026-09-03T23:50:37+00:00
2026-09-08,Time not supplied,BRTX,"BioRestorative Therapies, Inc.",NASDAQ,Jun/2026,-0.15,1.0,8/12/2025,-0.3,50.0,Forecast EPS growth,5138947.0,0.1437,-28.755577590480915,3512103.0,3661213.1080813087,0.1425,1.73,0.8421052631578885,-91.69364161849711,21.963157384592407,Oversold,-0.02150392164837267,-0.02063055797187648,Bearish,0.20796749999999992,0.27123299999999995,0.5215792049999997,0.2111259609495128,0.25148907757211103,0.5452556812799427,Bearish alignment,0.17430395480642036,0.24163104519357947,At/below lower band,8.516277337698307,10.438811620218923,25.54565839023696,10.596109726527503,34.174905690247975,-371.39427030226875,-0.0769,0.180208624327294,0.02251755209296142,15.669834441865985,17.183996453702914,-27.38756947953512,-65.76941400666983,-32.66166822867854,-0.693939393939394,Strong Sell,Strong Sell,Sell,Bearish technical bias,0.04051161306889299,0.24688838693110698,71.80820245727698,Complete,https://www.nasdaq.com/market-activity/earnings?date=2026-09-08,https://www.tradingview.com/symbols/NASDAQ-BRTX/,2026-09-03T23:50:37+00:00
2026-09-08,Time not supplied,SHPH,"Shuttle Pharmaceuticals Holdings, Inc.",NASDAQ,Jun/2026,,7.0,N/A,-32.9,,Insufficient EPS comparison,3584977.0,3.48,-0.28653295128940487,11776.0,2217400.1604584525,2.5764,55.9,35.072193758733114,-93.77459749552773,45.98396490462633,Neutral,-0.07536050711900799,-0.029572336377312394,Bearish,3.8389999999999973,3.5754000000000006,9.621954999999991,3.668550411751841,3.992825336834799,22.298284438171912,Negative / mixed,3.153087469133209,4.524912530866786,Lower third,18.051129378170838,15.256288795620486,25.36141019157222,32.27331319624191,18.73199432650804,-86.99200356491009,-0.22999999999999998,3.795682821941958,0.3940559897979086,11.323447982698525,0.13091848612159546,3.2640949554896106,-27.07460184409053,-59.202813599062125,-0.35454545454545455,Sell,Strong Sell,Neutral,Bearish technical bias,1.6742085987003374,5.2857914012996625,51.89055750861099,Complete,https://www.nasdaq.com/market-activity/earnings?date=2026-09-08,https://www.tradingview.com/symbols/NASDAQ-SHPH/,2026-09-03T23:50:37+00:00
2026-09-08,Time not supplied,GTEN,"Gores Holdings X, Inc.",NASDAQ,Jun/2026,,7.0,N/A,,,Insufficient EPS comparison,,10.68,0.09372071227741131,3045.0,481401007.0561585,10.15,10.99,5.221674876847282,-2.820746132848051,62.864681301266934,Neutral,0.058405292500513184,0.04731767749874608,Bullish,10.555674999999995,10.480564000000006,10.3551995,10.581435194825787,10.499792629796158,10.370453238729203,Bullish alignment,10.370206330137727,10.741143669862264,Upper third,43.95833333333332,41.47817460317458,27.490020395654074,37.328018894713686,29.762411275283593,63.905446218722076,0.17999999999999972,10.514408245949792,0.08576710049922132,0.8030627387567539,0.019794231005501428,1.9083969465648787,3.18840579710145,3.790087463556857,0.4666666666666667,Buy,Strong Buy,Unavailable,Bullish technical bias,10.286965769825434,11.073034230174565,3.680095788151371,Complete,https://www.nasdaq.com/market-activity/earnings?date=2026-09-08,https://www.tradingview.com/symbols/NASDAQ-GTEN/,2026-09-03T23:50:37+00:00
2026-09-09,After hours,COO,"The Cooper Companies, Inc. ",NASDAQ,Jul/2026,1.11,7.0,8/27/2025,1.1,0.9090909090909097,Forecast EPS broadly flat,13599486000.0,70.64,1.305033701419757,2096627.0,13776963969.733543,58.89,89.83,19.952453727288155,-21.362573750417457,40.80749655162838,Neutral,-0.744846365918491,0.03319340736335888,Bearish,74.01149999999987,72.66619999999986,73.39177500000018,72.59328952582055,71.97564463840631,72.31518596756557,Negative / mixed,68.64671006934138,79.37628993065836,Lower third,8.951642672572879,6.237696595527452,25.26160516424983,15.915486694107724,29.98786612050483,-109.37642604492257,-5.519999999999996,74.05231050702274,1.5838299869224453,2.242114930524413,1.455400322258106,-4.424299824110399,8.27713059472717,-8.25974025974026,-0.19696969696969696,Sell,Strong Sell,Buy,Bearish technical bias,63.381979196986975,77.89802080301303,10.274661385918776,Complete,https://www.nasdaq.com/market-activity/earnings?date=2026-09-09,https://www.tradingview.com/symbols/NASDAQ-COO/,2026-09-03T23:50:37+00:00
2026-09-09,After hours,AVAV,"AeroVironment, Inc.",NASDAQ,Jul/2026,0.32,6.0,9/09/2025,0.32,0.0,Forecast EPS broadly flat,7389100000.0,147.21,1.2518054886856191,2387573.0,7481596793.845451,135.2,417.86,8.88313609467457,-64.77049729574497,40.54454991282955,Neutral,-5.566662474390199,-2.892607266763252,Bearish,166.19050000000001,158.80019999999993,213.1632499999999,156.9016237865796,162.49571172481976,197.47193839068484,Negative / mixed,127.64757822440077,204.73342177559925,Lower third,6.967236041951476,5.302308016853687,17.824817475700833,22.17358436426818,26.87386595020345,-75.39964440947448,-12.579999999999984,165.57570908662447,8.92357759573613,6.0618012334325995,1.9530160025442826,-8.197436936796471,-26.132771338250784,-31.41219773563807,-0.3090909090909091,Sell,Strong Sell,Buy,Bearish technical bias,106.31703019772715,188.10296980227287,27.778662999981563,Complete,https://www.nasdaq.com/market-activity/earnings?date=2026-09-09,https://www.tradingview.com/symbols/NASDAQ-AVAV/,2026-09-03T23:50:37+00:00
2026-09-09,After hours,NAVN,"Navan, Inc.",NASDAQ,Jul/2026,-0.12,,N/A,,,Insufficient EPS comparison,6841510900.0,27.71,3.011152416356886,1949731.0,7047519157.943867,8.105,30.88,241.8877236273905,-10.26554404145077,48.56543088227333,Neutral,0.3532323800979711,0.74822099012123,Bearish,28.86474999999998,26.880100000000017,17.891975000000002,28.28394839487223,26.529517434712186,18.550158161615357,Positive / mixed,27.268618818046452,30.460881181953507,Lower third,16.14277998723423,17.576969553144227,21.707254279913187,18.104266273771014,22.101862263794626,-185.79979874701863,-0.8499999999999979,28.920125169271575,1.3657298080523652,4.928653222852274,0.844672422899794,2.3075503045966403,23.155555555555562,157.0500927643785,0.09090909090909091,Neutral,Unavailable,Buy,Neutral / mixed technical bias,21.45143977574253,33.96856022425747,22.5859264679086,Complete,https://www.nasdaq.com/market-activity/earnings?date=2026-09-09,https://www.tradingview.com/symbols/NASDAQ-NAVN/,2026-09-03T23:50:37+00:00
2026-09-09,After hours,AEO,"American Eagle Outfitters, Inc.",NYSE,Jul/2026,0.21,6.0,9/03/2025,0.45,-53.333333333333336,Forecast EPS decline,2791771650.0,17.01,2.1008403361344623,5192371.0,2850422381.2815127,14.055,28.46,21.024546424759883,-40.23190442726633,51.1960553582312,Neutral,-0.10794932826446768,-0.14327467010842082,Bullish,16.776500000000016,17.052999999999983,19.7592,16.842899179758277,17.043499669600248,17.871257882028583,Negative / mixed,15.577078889631167,17.975921110368866,Middle third,46.64057022668845,43.03706586988259,11.864122743716779,21.638012761484266,25.78416831228751,11.995585624490163,1.0100000000000016,16.765676795593922,0.6777560844436203,3.9844566986691374,1.0979343730823996,-3.789592760180985,3.6563071297989116,-9.521276595744675,0.09090909090909091,Neutral,Unavailable,Buy,Neutral / mixed technical bias,13.90413144032023,20.115868559679775,18.259074424925174,Complete,https://www.nasdaq.com/market-activity/earnings?date=2026-09-09,https://www.tradingview.com/symbols/NYSE-AEO/,2026-09-03T23:50:37+00:00
2026-09-09,After hours,WLTH,Wealthfront Corporation,NASDAQ,Jul/2026,0.09,,N/A,,,Insufficient EPS comparison,1345744510.0,9.33,3.5516093229744765,1721658.0,1393540230.026637,7.2,14.75,29.58333333333334,-36.7457627118644,51.25052254974705,Neutral,-0.05837713609703421,-0.044974306278741584,Bearish,9.27625,9.265399999999993,,9.251395442871626,9.384610849377033,,Unavailable,8.858962628995766,9.693537371004233,Middle third,36.10417081242031,29.773311638895393,13.184497680350955,15.523350728345783,21.012109836537952,-4.486537352398539,0.16999999999999993,9.284686120201183,0.3081861850652752,3.303174545179798,1.4534226079800647,-3.316062176165806,-6.04229607250755,9.507042253521133,0.15384615384615385,Buy,Buy,Unavailable,Neutral / mixed technical bias,7.917713478798707,10.742286521201292,15.137047386937756,Complete,https://www.nasdaq.com/market-activity/earnings?date=2026-09-09,https://www.tradingview.com/symbols/NASDAQ-WLTH/,2026-09-03T23:50:37+00:00
2026-09-09,After hours,LSAK,"Lesaka Technologies, Inc.",NASDAQ,Jun/2026,0.03,1.0,9/10/2025,-0.35,108.57142857142858,Forecast turnaround to profit,374074016.0,4.61,5.73394495412844,112129.0,395523254.3440367,3.62,5.54,27.348066298342545,-16.787003610108297,49.33182881385061,Neutral,-0.05895750211233608,-0.047626353855205215,Bearish,4.641249999999997,4.705899999999998,4.667125000000001,4.600392540797354,4.677103955286611,4.682748665189115,Negative / mixed,4.3826020732729924,4.899897926727001,Middle third,22.570583887657047,14.191074508147684,17.012837236169318,14.220694802114284,19.989847992026487,-78.8898769335492,0.05000000000000071,4.671066832045359,0.16668532008564213,3.6157336244174,1.5391721642493776,-0.8602150537634415,-7.615230460921841,-0.43196544276456966,-0.2,Sell,Sell,Unavailable,Bearish technical bias,3.846151903469602,5.3738480965303985,16.569373026689764,Complete,https://www.nasdaq.com/market-activity/earnings?date=2026-09-09,https://www.tradingview.com/symbols/NASDAQ-LSAK/,2026-09-03T23:50:37+00:00
2026-09-09,After hours,GLOO,"Gloo Holdings, Inc.",NASDAQ,Jul/2026,-0.11,1.0,N/A,,,Insufficient EPS comparison,293052224.0,3.06,0.327868852459024,106987.0,272678611.5737705,2.94,9.9804,4.081632653061229,-69.3399062161837,37.57475917069149,Neutral,-0.10498617511968344,-0.09109513464585477,Bearish,3.337000000000001,3.4709999999999956,,3.298436231691713,3.64764203020976,,Unavailable,3.0502876005471866,3.6237123994528155,Lower third,4.180752760874468,16.911668882112238,14.03356129083691,14.02462175413689,21.330863447933076,-163.85660656750196,-0.3500000000000001,3.32333883338769,0.2270822782528062,7.420989485385824,1.1333980967192083,-14.285714285714281,-43.122676579925646,-47.95918367346939,-0.38461538461538464,Sell,Strong Sell,Unavailable,Neutral / mixed technical bias,2.0193782709234913,4.100621729076509,34.00724604825192,Complete,https://www.nasdaq.com/market-activity/earnings?date=2026-09-09,https://www.tradingview.com/symbols/NASDAQ-GLOO/,2026-09-03T23:50:37+00:00
2026-09-09,After hours,LMNR,Limoneira Co,NASDAQ,Jul/2026,0.16,3.0,9/09/2025,-0.05,420.0,Forecast turnaround to profit,268353696.0,15.0,1.3513513513513467,129108.0,271980117.56756765,11.665,16.4403,28.589798542648957,-8.760789036696416,71.53856748330148,Overbought,0.24442771483207615,0.1500583646471695,Bullish,13.956999999999999,13.607500000000009,13.510724999999953,13.976691895883732,13.662295664180919,13.887996032877918,Bullish alignment,13.254032006418289,14.65996799358171,At/above upper band,90.2342218989753,73.93256534109307,26.168913793872644,39.9622271920131,14.217858193303382,318.0064669629101,1.0399999999999991,14.07168696059463,0.37154013816301285,2.476934254420086,1.9188628432485775,13.464447806354004,25.944584382871536,7.142857142857143,0.5575757575757576,Strong Buy,Strong Buy,Buy,Bullish technical bias,13.297389193153643,16.70261080684636,11.350738712309049,Complete,https://www.nasdaq.com/market-activity/earnings?date=2026-09-09,https://www.tradingview.com/symbols/NASDAQ-LMNR/,2026-09-03T23:50:37+00:00
2026-09-09,After hours,LAKE,"Lakeland Industries, Inc.",NASDAQ,Jul/2026,-0.02,1.0,9/09/2025,0.36,-105.55555555555556,Forecast swing to loss,115666600.0,12.13,3.4982935153583625,36747.0,119712967.51706484,7.15,17.9977,69.65034965034967,-32.602499208232146,58.53313102290834,Neutral,0.10393206226853557,0.10564131047627358,Bearish,11.802749999999998,11.505099999999993,10.36105000000001,11.727665898193553,11.422715862904157,11.465037997851548,Bullish alignment,11.257025939691088,12.348474060308908,Upper third,69.62365591397852,60.32196314255899,10.412896573456361,23.329186591416526,18.443376047314317,61.417896847092806,0.8800000000000008,11.787877462689568,0.4672227900538837,3.8517954662315224,0.7524541221470958,3.0586236193712932,23.649337410805302,40.06928406466513,0.4666666666666667,Buy,Strong Buy,Unavailable,Neutral / mixed technical bias,9.988916198169619,14.271083801830382,17.65114428549367,Complete,https://www.nasdaq.com/market-activity/earnings?date=2026-09-09,https://www.tradingview.com/symbols/NASDAQ-LAKE/,2026-09-03T23:50:37+00:00
2026-09-09,After hours,KEQU,Kewaunee Scientific Corporation,NASDAQ,Jul/2026,,,N/A,1.1,,Insufficient EPS comparison,104224584.0,36.8,1.3494904984852516,896.0,105561207.42495178,33.273,57.88,10.600186337270445,-36.42017968210091,48.684588983265606,Neutral,0.16158856831357582,0.18114142867007163,Bearish,36.89275,36.631796000000044,37.75986499999998,37.01521229760374,36.91559326088327,38.54672693414212,Mixed,35.56894686131149,38.21655313868851,Middle third,30.8888888888889,42.777777777777835,17.59116731528514,27.050901456343638,24.99464623703226,-21.554497590192852,0.3299999999999983,36.86334184371299,0.8153147426709395,2.215529192040597,0.33264033264033266,0.7523572766199749,0.1843064550817536,-9.803921568627452,-0.3787878787878788,Sell,Strong Sell,Neutral,Neutral / mixed technical bias,33.06375847649697,40.53624152350302,10.152830226910387,Complete,https://www.nasdaq.com/market-activity/earnings?date=2026-09-09,https://www.tradingview.com/symbols/NASDAQ-KEQU/,2026-09-03T23:50:37+00:00
2026-09-09,After hours,SKIL,Skillsoft Corp.,NYSE,Jul/2026,0.54,1.0,9/09/2025,0.47,14.89361702127661,Forecast EPS growth,59185692.0,6.5,-1.5151515151515098,39140.0,58288940.075757585,3.43,18.45,89.50437317784257,-64.76964769647697,38.35531544382186,Neutral,-0.26086480684958957,-0.05153470917035123,Bearish,7.801,7.2686,6.990199999999996,7.313622149646184,7.306258616408958,8.204884475413715,Negative / mixed,5.922086484161674,9.679913515838328,Lower third,5.565662424065916,8.394763930939956,19.77250768862043,15.895258746783478,21.80974453164142,-105.19856165191506,-1.6500000000000004,7.709123954044976,0.6566146560884819,10.1017639398228,0.7359051784109413,-14.586070959264129,-8.192090395480227,45.41387024608502,-0.4454545454545455,Sell,Strong Sell,Neutral,Bearish technical bias,3.491013636057135,9.508986363942865,46.292097906813304,Complete,https://www.nasdaq.com/market-activity/earnings?date=2026-09-09,https://www.tradingview.com/symbols/NYSE-SKIL/,2026-09-03T23:50:37+00:00
2026-09-09,Pre-market,SUNB,"Sunbelt Rentals Holdings, Inc.",NYSE,Jul/2026,0.98,,N/A,,,Insufficient EPS comparison,27499032600.0,65.99,-1.6689018030099905,4615476.0,27052440443.52153,61.03,86.675,8.12715058168112,-23.865012979521204,27.69828382132313,Oversold,-2.3722941523686387,-0.8787560085194009,Bearish,76.426,75.0556,,73.95031597727358,75.30908649955693,,Unavailable,66.0290689143381,86.8229310856619,At/below lower band,3.4767865386096233,5.6639618814903825,23.641094557693027,12.46624950209123,36.402242929792365,-166.18693014378192,-11.11,73.0445220440445,2.8457316200477325,4.312367964915492,0.580676524694261,-13.941053729786137,-17.830905242186535,-9.862040704821744,-0.29370629370629375,Sell,Strong Sell,Buy,Neutral / mixed technical bias,52.94921944360195,79.03078055639804,19.761752623727908,Complete,https://www.nasdaq.com/market-activity/earnings?date=2026-09-09,https://www.tradingview.com/symbols/NYSE-SUNB/,2026-09-03T23:50:37+00:00
2026-09-09,Pre-market,SAIL,"SailPoint, Inc.",NASDAQ,Jul/2026,0.08,5.0,9/09/2025,0.07,14.285714285714276,Forecast EPS growth,10385120300.0,19.39,5.898416166029503,2369252.0,10997677727.196615,10.3,24.0,88.25242718446601,-19.20833333333333,55.61509453878088,Neutral,0.6673176219274772,0.7784878954693621,Bearish,19.07500000000001,16.840100000000003,16.010874999999995,18.714562243810963,17.38702750093875,16.57358318128424,Bullish alignment,17.614116705551215,20.535883294448805,Middle third,41.246412464124646,51.797184638513045,29.416868910859726,26.95798683845176,20.88499971789653,11.517764519331712,0.879999999999999,19.290627883488533,1.1061479619720433,5.704734203053344,0.7041663997964703,14.733727810650901,4.191295002686734,28.83720930232558,0.5121212121212121,Strong Buy,Strong Buy,Neutral,Neutral / mixed technical bias,14.320993234441978,24.459006765558023,26.14237630509552,Complete,https://www.nasdaq.com/market-activity/earnings?date=2026-09-09,https://www.tradingview.com/symbols/NASDAQ-SAIL/,2026-09-03T23:50:37+00:00
2026-09-09,Pre-market,CHWY,"Chewy, Inc.",NYSE,Jul/2026,0.18,8.0,9/10/2025,0.14,28.57142857142855,Forecast EPS growth,9895783400.0,23.96,-0.868845676458423,6772297.0,9809804172.01986,17.4,43.5,37.70114942528737,-44.91954022988506,57.02881015823569,Neutral,0.4558457591454612,0.4843532596992318,Bearish,23.337500000000023,22.13479999999997,25.883175,23.38117170770258,22.68555221285641,25.636111897775333,Mixed,21.806541150131707,24.86845884986834,Upper third,66.23500522961179,64.16038071162536,23.93657103487672,28.276828686148217,13.9860400992203,109.0927066878345,0.08000000000000185,23.36566126055845,0.9820765979930066,4.098817186949109,0.9760618924084811,5.550660792951549,13.393279697113117,-7.02367093519596,0.26666666666666666,Buy,Strong Buy,Unavailable,Neutral / mixed technical bias,19.45955965145233,28.46044034854767,18.783140018980255,Complete,https://www.nasdaq.com/market-activity/earnings?date=2026-09-09,https://www.tradingview.com/symbols/NYSE-CHWY/,2026-09-03T23:50:37+00:00
2026-09-09,Pre-market,CNM,"Core & Main, Inc.",NYSE,Jul/2026,0.91,2.0,9/09/2025,0.87,4.5977011494252915,Forecast EPS broadly flat,8470371800.0,43.98,0.47978067169292604,2115534.0,8511010978.58259,41.55,67.18,5.848375451263532,-34.534087526049426,46.84249933366342,Neutral,-0.5969712043503677,-0.4860895106056115,Bearish,44.72299999999999,45.03519999999996,49.924249999999994,44.219295416321835,45.27202598535428,48.99367885470105,Bearish alignment,42.11570945232317,47.33029054767681,Middle third,34.44722127351971,22.035863087885645,20.294670281752833,17.877083220852715,20.990188831729657,-33.685309422024034,-0.480000000000004,44.61581071012798,1.2899699925048052,2.9330832026030134,1.0842968710478322,-4.245591116917054,-16.148713060057208,-14.017595307917894,-0.26666666666666666,Sell,Strong Sell,Unavailable,Bearish technical bias,38.06861486512511,49.89138513487488,13.441075795531804,Complete,https://www.nasdaq.com/market-activity/earnings?date=2026-09-09,https://www.tradingview.com/symbols/NYSE-CNM/,2026-09-03T23:50:37+00:00
2026-09-09,Pre-market,JMKE,Jersey Mike's Subs Inc.,NYSE,Jun/2026,0.23,1.0,N/A,,,Insufficient EPS comparison,8310460900.0,20.07,-2.8087167070217838,2811928.0,6375012413.93172,19.86,24.99,1.0574018126888296,-19.68787515006002,39.87042964016393,Neutral,-0.7603805881187,,Unavailable,22.154500000000002,,,21.964141881880142,,,Unavailable,20.301939879518212,24.007060120481793,At/below lower band,5.003994209809687,8.88052495097562,,16.98354475996453,23.754297954936803,-203.09290706608388,-2.59,22.123395855366894,1.1998088249222023,5.978120702153475,1.3618965020303773,-18.843509906995553,-4.428571428571427,-4.428571428571427,-0.3333333333333333,Sell,Strong Sell,Unavailable,Neutral / mixed technical bias,14.57178524031799,25.56821475968201,27.39519063120085,Complete,https://www.nasdaq.com/market-activity/earnings?date=2026-09-09,https://www.tradingview.com/symbols/NYSE-JMKE/,2026-09-03T23:50:37+00:00
2026-09-09,Pre-market,KFY,Korn Ferry ,NYSE,Jul/2026,1.35,1.0,9/09/2025,1.31,3.0534351145038197,Forecast EPS broadly flat,4553545200.0,85.59,2.3926306974518483,418962.0,4395571188.50963,58.95,87.51,45.19083969465649,-2.19403496743229,59.913987900953664,Neutral,1.339006981432064,1.640127349031014,Bearish,84.359,79.65220000000004,69.47655,83.96073977978878,80.36362768106284,72.39284525201286,Bullish alignment,82.64315734987186,86.07484265012813,Upper third,39.52033368091761,48.15199126419964,28.711862441069208,30.845304373281323,18.532721205279312,82.42514654781792,1.0,84.45842530541877,1.9608901342425564,2.291027145977984,1.2070709078745616,5.069972992879953,19.422352448723316,33.23474470734747,0.5121212121212121,Strong Buy,Strong Buy,Neutral,Neutral / mixed technical bias,76.60407253034137,94.57592746965864,10.498805315642752,Complete,https://www.nasdaq.com/market-activity/earnings?date=2026-09-09,https://www.tradingview.com/symbols/NYSE-KFY/,2026-09-03T23:50:37+00:00
2026-09-09,Pre-market,SIG,Signet Jewelers Limited,NYSE,Jul/2026,1.69,3.0,9/02/2025,1.61,4.968944099378873,Forecast EPS broadly flat,3214423040.0,82.02,0.3548268689587569,908000.0,3225828735.8372684,71.615,110.2,14.529079103539754,-25.57168784029039,38.88954535165423,Neutral,-2.4647576307492614,-2.060643279462307,Bearish,86.19549999999995,88.13639999999987,88.70895000000012,85.16852845926086,87.1530367916875,87.59265995848025,Bearish alignment,75.86891784519005,96.52208215480985,Lower third,20.96893691735254,19.865084740720317,29.31771204453053,16.62616850269302,29.38765698924605,-62.16052384746009,1.0,85.4560039058174,2.961472910665491,3.6106716784509767,1.3268246834982464,-12.94841859477818,-5.135322692574599,-9.768976897689779,-0.4,Sell,Strong Sell,Unavailable,Bearish technical bias,68.4488262183142,95.5911737816858,16.546176276134855,Complete,https://www.nasdaq.com/market-activity/earnings?date=2026-09-09,https://www.tradingview.com/symbols/NYSE-SIG/,2026-09-03T23:50:37+00:00
2026-09-09,Pre-market,ASO,"Academy Sports and Outdoors, Inc.",NASDAQ,Jul/2026,2.07,5.0,9/02/2025,1.82,13.736263736263723,Forecast EPS growth,2704001020.0,43.68,0.1834862385321062,1385220.0,2708962375.552294,41.29,62.445,5.788326471300564,-30.050444391064136,39.86016440237454,Neutral,-1.3628146181850411,-1.141993189493777,Bearish,45.90700000000001,46.92379999999999,52.34885000000005,45.19006273494545,47.10908052686089,50.541151607411216,Bearish alignment,41.02388890152999,50.79011109847003,Lower third,19.36377944213774,15.36023596138991,21.35815535009924,15.849884695171783,26.94550678987684,-70.15156939969272,-1.9699999999999989,45.43809575676305,1.661287272171623,3.803313352041261,0.674343911597769,-8.73380693689929,-14.687500000000005,-26.76056338028169,-0.4454545454545455,Sell,Strong Sell,Neutral,Bearish technical bias,36.06702532420683,51.29297467579317,17.428971327365307,Complete,https://www.nasdaq.com/market-activity/earnings?date=2026-09-09,https://www.tradingview.com/symbols/NASDAQ-ASO/,2026-09-03T23:50:37+00:00
2026-09-09,Pre-market,ODD,ODDITY Tech Ltd.,NASDAQ,Jun/2026,0.0,1.0,8/04/2025,0.76,-100.0,Forecast EPS decline,820955390.0,14.13,-2.484472049689437,674935.0,651739920.2670808,9.2501,64.23,52.75510535021244,-78.00093414292387,50.1322151531927,Neutral,-0.02613545479627888,-0.19316594427514272,Bullish,13.535,14.961600000000006,21.743475000000007,14.059403440625108,14.289029775082119,22.46056754574879,Negative / mixed,11.839871686272716,15.230128313727285,Upper third,68.8950789229341,70.13308573197155,17.64653738002336,28.08062152124038,17.46333096689796,74.88369486015408,1.620000000000001,13.45849270826856,0.9238553030896465,6.538254091221843,0.8659176377852543,-6.237558062375577,38.665358194308155,3.8207200587803185,0.024242424242424246,Neutral,Sell,Buy,Neutral / mixed technical bias,9.896363142405326,18.363636857594678,29.962044285878804,Complete,https://www.nasdaq.com/market-activity/earnings?date=2026-09-09,https://www.tradingview.com/symbols/NASDAQ-ODD/,2026-09-03T23:50:37+00:00
2026-09-09,Pre-market,CGNT,Cognyte Software Ltd.,NASDAQ,Jul/2026,0.01,1.0,9/09/2025,0.03,-66.66666666666666,Forecast EPS decline,622241220.0,8.48,0.7125890736342102,481012.0,626675253.0166271,6.29,12.31,34.81717011128775,-31.11291632818847,43.14336050706514,Neutral,-0.111803043551296,-0.07267148580164787,Bearish,8.843999999999998,8.825599999999994,8.883550000000008,8.73538326984949,8.871236461258343,8.912669715147223,Negative / mixed,8.187817098668297,9.500182901331698,Lower third,17.745564128542824,27.168335326093516,13.895029277191911,19.48626595043194,26.852587897759097,-86.13954851487819,-0.1399999999999988,8.80551802478275,0.3316923991435757,3.9114669710327314,0.7169958355655047,-8.125677139761647,-6.915477497255752,2.168674698795177,-0.4454545454545455,Sell,Strong Sell,Neutral,Bearish technical bias,6.959994473483059,10.000005526516942,17.924593473077135,Complete,https://www.nasdaq.com/market-activity/earnings?date=2026-09-09,https://www.tradingview.com/symbols/NASDAQ-CGNT/,2026-09-03T23:50:37+00:00
2026-09-09,Pre-market,CAL,"Caleres, Inc.",NYSE,Jul/2026,0.37,3.0,9/04/2025,0.35,5.71428571428572,Forecast EPS broadly flat,410802560.0,12.11,-0.9811937857726981,472196.0,406771745.260834,8.8,16.14,37.613636363636346,-24.969021065675346,41.86486175404176,Neutral,-0.2648226952503574,-0.07715831942641307,Bearish,13.164499999999986,12.746599999999999,12.515274999999981,12.81963779092655,12.902005847427121,13.134391068296097,Negative / mixed,11.631301056613573,14.6976989433864,Lower third,13.978494623655925,10.59377304453706,15.866368493857633,18.852662114966122,26.375712559735536,-118.20560719951358,-0.7800000000000011,13.079212433182457,0.648343340184853,5.353784807471949,0.9216646708807515,-13.189964157706093,-14.71830985915493,10.090909090909086,-0.26363636363636367,Sell,Strong Sell,Buy,Bearish technical bias,9.138917567282407,15.081082432717592,24.53412413474478,Complete,https://www.nasdaq.com/market-activity/earnings?date=2026-09-09,https://www.tradingview.com/symbols/NYSE-CAL/,2026-09-03T23:50:37+00:00
2026-09-09,Pre-market,JILL,"J. Jill, Inc.",NYSE,Jul/2026,0.58,2.0,9/03/2025,0.81,-28.39506172839507,Forecast EPS decline,286618624.0,19.38,1.0954616588419264,69943.0,289758425.17683876,10.405,20.8927,86.25660740028833,-7.240327961441084,55.599622695060425,Neutral,0.47245837895366094,0.6589594936152031,Bearish,19.473000000000006,17.8918,15.3486,19.28713311282991,17.99158027488621,16.22462707644701,Positive / mixed,18.332910529827124,20.613089470172888,Middle third,40.55220235609707,44.736224185092055,18.91523222671026,14.81249065568265,18.122300018268138,-37.38079661325651,-0.9400000000000013,19.579771679352014,0.8848369392583268,4.56572208079632,0.920029043994812,4.756756756756752,46.70704012112034,15.77060931899642,0.24545454545454548,Buy,Buy,Neutral,Neutral / mixed technical bias,15.325167748155675,23.434832251844323,20.922767037380417,Complete,https://www.nasdaq.com/market-activity/earnings?date=2026-09-09,https://www.tradingview.com/symbols/NYSE-JILL/,2026-09-03T23:50:37+00:00
2026-09-09,Pre-market,PPIH,"Perma-Pipe International Holdings, Inc.",NASDAQ,Jul/2026,,,N/A,0.1,,Insufficient EPS comparison,221588192.0,27.58,1.1367803447011322,61259.0,224107178.1833517,21.96,36.72,25.59198542805099,-24.891067538126364,58.15140106056111,Neutral,0.3532086102121177,0.28425032745486145,Bullish,26.80100000000001,26.001399999999975,29.35532500000001,26.76705089139392,26.818387547116,27.592858420008277,Mixed,25.91148552569495,27.69051447430507,Upper third,58.677144728225244,54.616895874263236,16.463349270494728,22.656125350725052,14.164522458438416,144.55705463387324,0.6899999999999977,26.891485119759583,0.9970343264824807,3.6150628226340853,0.6707530053531913,10.319999999999993,-15.52833078101072,-10.045662100456626,0.2,Buy,Buy,Unavailable,Neutral / mixed technical bias,23.011014728424716,32.14898527157528,16.566299026741415,Complete,https://www.nasdaq.com/market-activity/earnings?date=2026-09-09,https://www.tradingview.com/symbols/NASDAQ-PPIH/,2026-09-03T23:50:37+00:00
2026-09-09,Pre-market,NNOX,NANO-X IMAGING LTD,NASDAQ,Jun/2026,,,8/12/2025,-0.23,,Insufficient EPS comparison,60026000.0,0.7127,-6.69023304529982,1414209.0,56010124.444619,0.7102,4.705,0.35201351731906083,-84.85228480340064,27.57040280647456,Oversold,-0.0836188793063527,-0.07531949222778873,Bearish,0.903895,1.0046379999999973,2.1498344999999905,0.8779828690858178,1.0706057098780644,2.1225212514162917,Bearish alignment,0.6948203963294518,1.1129696036705483,Lower third,1.8841396775120909,4.557574062446943,29.051512977284492,9.98490356684045,28.783888615746314,-138.79347073547444,-0.1723,0.9188760932167768,0.07521183867017545,10.553085263108663,1.7928447163204497,-34.61467889908258,-64.89162561576354,-72.48262548262548,-0.6484848484848484,Strong Sell,Strong Sell,Sell,Bearish technical bias,0.36803605613711426,1.0573639438628857,48.36031203351842,Complete,https://www.nasdaq.com/market-activity/earnings?date=2026-09-09,https://www.tradingview.com/symbols/NASDAQ-NNOX/,2026-09-03T23:50:37+00:00
2026-09-09,Pre-market,DXLG,"Destination XL Group, Inc.",NASDAQ,Jul/2026,,1.0,N/A,,,Insufficient EPS comparison,33606040.0,0.628,3.2894736842105297,513548.0,34711501.84210526,0.435,1.58,44.36781609195401,-60.25316455696203,53.447307070435635,Neutral,0.0015169130290071386,0.00015263167104318773,Bullish,0.6139549999999998,0.6167580000000003,0.6952610000000007,0.6142999224658237,0.6214892555629986,0.7663877835413029,Mixed,0.5773517501442675,0.6505582498557321,Upper third,44.40017840555067,43.55455028262887,12.978821907604104,16.5595951890435,15.128131586594426,30.125210300009865,0.008000000000000007,0.6194557582189772,0.043551958704514046,6.935025271419434,9.038282833971616,12.142857142857133,-13.972602739726025,20.53742802303263,0.33636363636363636,Buy,Buy,Buy,Neutral / mixed technical bias,0.42841985257297355,0.8275801474270265,31.780278252711224,Complete,https://www.nasdaq.com/market-activity/earnings?date=2026-09-09,https://www.tradingview.com/symbols/NASDAQ-DXLG/,2026-09-03T23:50:37+00:00
2026-09-09,Pre-market,CRMT,"America's Car-Mart, Inc.",NASDAQ,Jul/2026,,1.0,N/A,-0.69,,Insufficient EPS comparison,19319588.0,2.21,-0.896860986547086,175261.0,19146320.13452915,1.38,38.04,60.14492753623188,-94.19032597266036,33.203885103510856,Neutral,-0.3460901320219314,-0.33884622986287294,Bearish,2.693499999999999,3.0828,13.879724999999928,2.623923140033461,3.696277917315841,13.59278432200635,Bearish alignment,1.853993597403825,3.5330064025961727,Lower third,8.209437621202326,11.249172033485756,32.164537962540315,12.44579324947171,26.264247354734213,-76.3698546872085,-0.6200000000000001,2.6660905249649267,0.29483008973728847,13.340728042411243,0.8209526762782754,-35.94202898550725,-71.88295165394402,-88.08625336927223,-0.5121212121212121,Strong Sell,Strong Sell,Neutral,Bearish technical bias,0.8589187966282525,3.5610812033717476,61.13489608016957,Complete,https://www.nasdaq.com/market-activity/earnings?date=2026-09-09,https://www.tradingview.com/symbols/NASDAQ-CRMT/,2026-09-03T23:50:37+00:00
2026-09-09,Time not supplied,SA,"Seabridge Gold, Inc.",NYSE,Jun/2026,,,8/13/2025,0.09,,Insufficient EPS comparison,3340540670.0,32.57,4.693024750883963,508877.0,3513365399.545666,17.28,40.055,88.48379629629628,-18.68680564224192,54.56316359811722,Neutral,0.8891535099085743,1.2239947819529065,Bearish,32.355999999999995,28.632799999999992,30.101999999999997,31.568032274553207,30.14447430968682,28.244067298689153,Positive / mixed,29.716731919641504,34.995268080358485,Middle third,26.72897196261685,26.105919003115314,15.899046759632943,25.815987234822074,26.698396308418793,-11.15434540573894,-0.7000000000000028,32.06668082652107,1.8350793604044193,5.634262696973962,0.5085705353953708,18.436363636363637,-1.9861570869695957,0.9140201394268063,0.5121212121212121,Strong Buy,Strong Buy,Neutral,Neutral / mixed technical bias,24.1606099246956,40.9793900753044,25.819435294149212,Complete,https://www.nasdaq.com/market-activity/earnings?date=2026-09-09,https://www.tradingview.com/symbols/NYSE-SA/,2026-09-03T23:50:37+00:00
2026-09-09,Time not supplied,ANAB,"AnaptysBio, Inc.",NASDAQ,Jun/2026,-0.22,3.0,8/06/2025,-1.34,83.58208955223881,Forecast EPS growth,1653337600.0,57.46,2.901146131805153,366737.0,1701303291.4645414,11.40244381,72.36,403.9270612288157,-20.591487009397458,51.26858697305795,Neutral,-0.08040787916300474,0.0337009839188053,Bearish,57.38900000000001,58.23430000000005,46.27094771749999,57.002512282209466,57.01486883705663,47.261170164541205,Mixed,54.92476867969149,59.85323132030853,Middle third,26.16211785388796,23.4977165873689,11.585562855670576,12.66418315559361,15.557222141947692,-51.91130076631807,0.7700000000000031,57.18332893263353,2.707011898767996,4.711124084176812,0.8514767579816441,4.20747188973522,13.602214313958092,55.57258786894225,0.3787878787878788,Buy,Strong Buy,Neutral,Neutral / mixed technical bias,45.05491306674952,69.86508693325048,21.589082724069748,Complete,https://www.nasdaq.com/market-activity/earnings?date=2026-09-09,https://www.tradingview.com/symbols/NASDAQ-ANAB/,2026-09-03T23:50:37+00:00
2026-09-09,Time not supplied,YB,Yuanbao Inc.,NASDAQ,Jun/2026,,1.0,N/A,0.9,,Insufficient EPS comparison,631759550.0,13.62,-0.6564551422319593,22888.0,631759557.0,12.01,25.985,13.405495420482927,-47.58514527612084,48.015852100885674,Neutral,-0.08492985534461894,-0.10845400387755073,Bullish,13.705000000000009,13.976300000000005,17.280870000000018,13.703156961782867,14.059196093764143,16.73999934136708,Bearish alignment,13.24069406637552,14.169305933624498,Middle third,67.69005847953217,68.76218323586745,14.41298997110399,16.602023191930662,21.78153875662103,-24.712343096242336,0.21999999999999886,13.83125882368581,0.5812213604715153,4.267410869834914,1.0753819842507848,-4.755244755244765,-8.896321070234114,-30.314658480429788,-0.37575757575757573,Sell,Strong Sell,Buy,Neutral / mixed technical bias,10.956509120114067,16.28349087988593,19.555733332495837,Complete,https://www.nasdaq.com/market-activity/earnings?date=2026-09-09,https://www.tradingview.com/symbols/NASDAQ-YB/,2026-09-03T23:50:37+00:00
2026-09-09,Time not supplied,HTT,High Templar Tech Limited,NYSE,Jun/2026,,1.0,N/A,0.26,,Insufficient EPS comparison,395972928.0,2.6,1.960784313725501,53301.0,399524958.0,1.88,5.05,38.29787234042554,-48.51485148514851,54.62719125329301,Neutral,0.009943966910156643,0.00011212065158076705,Bullish,2.5404999999999958,2.5421999999999993,2.9210000000000007,2.5529895056215275,2.5717949055053846,2.8466695124018058,Mixed,2.446590469066751,2.6344095309332407,Upper third,49.33333333333334,52.0,16.722731897286327,22.13471938163529,16.238988455967316,79.07126573495019,0.1299999999999999,2.553948476200989,0.07870521211157212,3.027123542752774,0.7336692824078217,5.263157894736837,-12.162162162162158,-4.0590405904059,0.35757575757575755,Buy,Strong Buy,Buy,Neutral / mixed technical bias,2.2393274079111656,2.9606725920888346,13.872022772647478,Complete,https://www.nasdaq.com/market-activity/earnings?date=2026-09-09,https://www.tradingview.com/symbols/NYSE-HTT/,2026-09-03T23:50:37+00:00
2026-09-09,Time not supplied,NBP,NovaBridge Biosciences,NASDAQ,Jun/2026,-0.14,1.0,8/20/2025,-0.07,-100.0,Forecast EPS decline,206533232.0,1.8,0.5586592178770954,165454.0,207638598.0,1.46,6.79,23.28767123287672,-73.49042709867453,47.629339946987876,Neutral,0.003021999545290477,0.0206691704191746,Bearish,1.8680000000000014,1.8267999999999973,2.7110999999999996,1.8355319054992603,1.8460384432473818,2.3692036575389177,Negative / mixed,1.7213575777615653,2.0146424222384374,Lower third,21.69312169312168,19.078033153342304,16.732078308285132,15.538954623802368,22.58278382809437,-82.423965096628,-0.10999999999999988,1.8750374253200175,0.10106708967676396,5.614838315375775,0.5302463879540676,12.499999999999996,1.1235955056179785,-49.43820224719101,-0.4,Sell,Strong Sell,Unavailable,Bearish technical bias,1.3368524112873392,2.263147588712661,25.730421595147824,Complete,https://www.nasdaq.com/market-activity/earnings?date=2026-09-09,https://www.tradingview.com/symbols/NASDAQ-NBP/,2026-09-03T23:50:37+00:00
2026-09-09,Time not supplied,RYDE,Ryde Group Ltd.,AMEX,Jun/2026,,,N/A,,,Insufficient EPS comparison,128789720.0,0.7196,0.699692135460398,32585.0,119616444.49314304,0.205,1.55,251.02439024390247,-53.57419354838709,46.76958878934606,Neutral,-0.017113051618202646,-0.001587656475472347,Bearish,0.7860799499999996,0.7159069799999999,0.6627528950000011,0.7448356125553066,0.7571402785258662,0.7442764933709152,Positive / mixed,0.5968207899252719,0.9753391100747274,Lower third,30.097613882863357,25.7290913473126,25.373508881413603,15.882793971230925,25.381173581370508,-62.45374431555188,-0.12529999999999997,0.8417583984500301,0.09400556955011308,13.06358665232255,0.5507935246897825,-10.195931611131911,-15.29134785167746,20.941176470588243,-0.2,Sell,Sell,Unavailable,Neutral / mixed technical bias,0.288812361789171,1.150387638210829,59.86487468188285,Complete,https://www.nasdaq.com/market-activity/earnings?date=2026-09-09,https://www.tradingview.com/symbols/AMEX-RYDE/,2026-09-03T23:50:37+00:00
2026-09-09,Time not supplied,ANIX,"Anixa Biosciences, Inc.",NASDAQ,Jul/2026,-0.08,1.0,9/10/2025,-0.07,-14.285714285714276,Forecast EPS decline,106492184.0,3.05,-2.5559105431309925,409148.0,103770347.8115016,2.32,5.4566,31.465517241379317,-44.10438734743247,36.46453729328414,Neutral,-0.021560634084251795,0.04220160334085282,Bearish,3.410249999999992,3.332699999999999,3.170200000000005,3.390611179698893,3.2995640573595595,3.1640493178392095,Negative / mixed,3.0041653413385117,3.8163346586614724,Lower third,11.329207617471816,22.045577980782202,19.222609452882285,14.3161185501396,23.867415027267796,-136.17295369531044,-0.54,3.4384916204430023,0.2344947068256705,7.688351043464607,1.3759709865943484,-10.818713450292401,16.412213740458004,4.095563139931729,-0.4212121212121212,Sell,Strong Sell,Neutral,Bearish technical bias,1.975410255904887,4.124589744095113,35.23245062606928,Complete,https://www.nasdaq.com/market-activity/earnings?date=2026-09-09,https://www.tradingview.com/symbols/NASDAQ-ANIX/,2026-09-03T23:50:37+00:00
2026-09-09,Time not supplied,VNCE,Vince Holding Corp.,NASDAQ,Jul/2026,0.27,2.0,9/10/2025,0.38,-28.947368421052627,Forecast EPS decline,80167112.0,6.28,0.6410256410256416,93220.0,80681002.73717949,1.46,8.2,330.1369863013699,-23.414634146341452,47.93473869549707,Neutral,0.08211967395023212,0.0875011947548557,Bearish,6.394,6.497500000000001,4.241334999999998,6.480202295446736,6.226729743014802,4.649168211400972,Mixed,5.390478201532221,7.397521798467779,Middle third,24.78632478632481,36.372269705603074,16.354385389558082,26.85718315772789,25.073832098751996,-24.635704154734565,0.47000000000000064,6.842834059926808,0.49337822931645536,7.856341231153747,0.7150280925808741,-4.559270516717323,42.40362811791383,130.88235294117646,-0.08787878787878788,Neutral,Sell,Neutral,Neutral / mixed technical bias,4.019056917914063,8.540943082085938,36.0022783771646,Complete,https://www.nasdaq.com/market-activity/earnings?date=2026-09-09,https://www.tradingview.com/symbols/NASDAQ-VNCE/,2026-09-03T23:50:37+00:00
2026-09-09,Time not supplied,AACG,ATA Creativity Global,NASDAQ,Jun/2026,,1.0,N/A,-0.04,,Insufficient EPS comparison,60173028.0,0.8999,2.3893503242689746,14893.0,37819064.0,0.7391,2.5794,21.756189960763095,-65.11204156005273,44.55850725572584,Neutral,-0.011611567485537821,-0.003680469320522086,Bearish,0.9468349500000002,0.9499459800000004,1.0069782500000002,0.9374453229763002,0.9608935128070833,1.03742142713067,Bearish alignment,0.8294667915659926,1.0642031084340078,Lower third,17.212031758410685,24.278090910173333,27.69306468560022,14.303084671785808,12.474523998960372,-88.07043251042025,-0.11009999999999998,1.1048690661866019,0.07232718858409823,8.037247314601426,1.2690770581067379,3.4130085037922386,-14.295238095238096,-12.631067961165048,-0.3090909090909091,Sell,Strong Sell,Buy,Bearish technical bias,0.568455183510024,1.231344816489976,36.83129419824159,Complete,https://www.nasdaq.com/market-activity/earnings?date=2026-09-09,https://www.tradingview.com/symbols/NASDAQ-AACG/,2026-09-03T23:50:37+00:00
2026-09-09,Time not supplied,CULP,"Culp, Inc.",NASDAQ,Jul/2026,0.44,1.0,9/10/2025,-0.02,2300.0,Forecast turnaround to profit,41594144.0,3.37,3.058103975535171,12541.0,42866137.20183486,2.7,4.7999,24.814814814814802,-29.790203962582552,47.95063152991589,Neutral,-0.02515427779567858,-0.016614748825864847,Bearish,3.3850000000000016,3.4233999999999947,3.356699999999999,3.3920901132930736,3.383780238359018,3.471706639669641,Mixed,3.2499814827517466,3.5200185172482565,Middle third,30.1075268817204,35.4838709677419,12.308348088213535,16.709847286676972,17.109986022679053,-49.28621474865035,0.08000000000000007,3.375207023825838,0.13768301231625646,4.085549326891883,0.7371161894014201,-6.9035056217022515,5.312499999999997,,-0.13333333333333333,Sell,Sell,Unavailable,Neutral / mixed technical bias,2.7390571741512177,4.0009428258487825,18.722339045957934,Complete,https://www.nasdaq.com/market-activity/earnings?date=2026-09-09,https://www.tradingview.com/symbols/NASDAQ-CULP/,2026-09-03T23:50:37+00:00
2026-09-09,Time not supplied,SJ,Scienjoy Holding Corporation,NASDAQ,Jun/2026,,,N/A,0.08,,Insufficient EPS comparison,40509480.0,0.87,-8.805031446540877,652019.0,36942610.28301887,0.45,1.63,93.33333333333333,-46.62576687116564,40.30237029162508,Neutral,0.009269333449374528,0.015253473719023825,Bearish,0.9419490000000004,0.9196316,1.0218319000000002,0.951640533054181,0.954592397732189,0.987968695988209,Negative / mixed,0.8289299147267737,1.054968085273227,Lower third,66.47619047619045,85.90476190476191,18.78050167266703,10.06835024127169,23.536951964504205,-39.85906867374849,-0.06659999999999999,0.8871234367410888,0.0965456590093451,11.097202184982196,87.97395938743844,-16.14457831325302,-29.26254167005448,-23.68421052631578,-0.5121212121212121,Strong Sell,Strong Sell,Neutral,Bearish technical bias,0.42757220957028086,1.312427790429719,50.85376901491024,Complete,https://www.nasdaq.com/market-activity/earnings?date=2026-09-09,https://www.tradingview.com/symbols/NASDAQ-SJ/,2026-09-03T23:50:37+00:00
2026-09-09,Time not supplied,ATCH,"AtlasClear Holdings, Inc.",AMEX,Jun/2026,-0.01,1.0,N/A,,,Insufficient EPS comparison,28368738.0,0.1915,1.4838367779544233,776902.0,28789686.812400635,0.1699,1.92,12.713360800470873,-90.02604166666667,50.81651510139401,Neutral,0.00041631405195741156,0.0008170194042220791,Bearish,0.19231500000000004,0.1879039999999998,0.23530300000000368,0.19077959223778906,0.194220472253092,1.5454768592837862,Mixed,0.18389258348216725,0.20073741651783283,Middle third,20.333333333333325,15.719022687609055,10.033336956906572,15.59639751814303,14.534256634351909,-36.528738004338166,0.00010000000000001674,0.19272829662232982,0.009893903571180975,5.1665292799900655,0.7119910569241296,3.850325379609542,-16.484954208460532,-9.669811320754713,-0.1575757575757576,Sell,Sell,Sell,Neutral / mixed technical bias,0.14616043796646927,0.23683956203353074,23.676011505760165,Complete,https://www.nasdaq.com/market-activity/earnings?date=2026-09-09,https://www.tradingview.com/symbols/AMEX-ATCH/,2026-09-03T23:50:37+00:00
2026-09-09,Time not supplied,PTN,"Palatin Technologies, Inc.",NASDAQ,Jun/2026,,1.0,N/A,,,Insufficient EPS comparison,22845892.0,13.08,1.8691588785046744,534543.0,23272918.018691592,5.61,31.0,133.15508021390374,-57.80645161290323,72.6722003618467,Overbought,0.7532808987694573,0.3913539022483732,Bullish,10.066000000000006,9.51549800000001,16.063390499999993,10.444758604794425,10.535949063471197,14.678422106706254,Mixed,7.221261699206639,12.910738300793373,At/above upper band,85.8544342638644,83.22063509017823,31.946742248981124,30.769096495527297,9.907556970380336,228.7188424202525,2.880000000000001,11.48895275323446,1.2735664393651347,9.736746478326717,5.4327009073760895,55.23195784526649,-8.467459762071373,-41.16059379217274,0.35757575757575755,Buy,Strong Buy,Buy,Neutral / mixed technical bias,7.243785389053883,18.916214610946117,44.619377759526884,Complete,https://www.nasdaq.com/market-activity/earnings?date=2026-09-09,https://www.tradingview.com/symbols/NASDAQ-PTN/,2026-09-03T23:50:37+00:00
2026-09-09,Time not supplied,GAUZ,Gauzy Ltd.,NASDAQ,Jun/2026,,,N/A,-0.72,,Insufficient EPS comparison,8799666.0,0.3902,1.933124346917455,92745.0,8969774.485893417,0.2303,7.08,69.43117672600954,-94.48870056497175,49.15850108881711,Neutral,0.0002461830671551257,0.0014918778635440535,Bearish,0.4052250000000006,0.39191600000000015,0.7783912499999975,0.3948934458496694,0.42596650601884056,1.5099319003224945,Negative / mixed,0.3267516191629449,0.48369838083705635,Middle third,42.77830337432985,42.46820140859875,40.87241275916833,29.688659961597484,15.303570056405835,-14.999010980853791,0.060199999999999976,0.4020814704132593,0.07318446122736508,18.75562819768454,0.019284333625271953,39.35714285714284,-38.801756587202,-23.937621832358676,-0.3333333333333333,Sell,Strong Sell,Unavailable,Bearish technical bias,0.05482666673103875,0.7255733332689612,85.94908592233759,Complete,https://www.nasdaq.com/market-activity/earnings?date=2026-09-09,https://www.tradingview.com/symbols/NASDAQ-GAUZ/,2026-09-03T23:50:37+00:00
2026-09-09,Time not supplied,ALZN,"Alzamend Neuro, Inc.",NASDAQ,Jul/2026,-0.56,1.0,9/10/2025,-1.28,56.25,Forecast EPS growth,8203729.0,1.7,,128250.0,8203730.0,0.84,2.68,102.38095238095238,-36.56716417910448,66.464544882507,Neutral,0.08572255545197405,0.082632622719792,Bullish,1.5670899999999999,1.381236000000001,1.6031595000000045,1.5709132577942275,1.4427550623670815,2.6619506298533366,Positive / mixed,1.3839409470404258,1.750239052959574,Upper third,86.75268817204302,78.15053763440862,37.4952105382088,21.013837852176703,17.34509725444523,121.11658897049801,0.07000000000000006,1.6064518838485962,0.1009371721076727,5.937480712216041,0.822741406441953,23.188405797101456,47.82608695652175,-10.831366378179917,0.4,Buy,Strong Buy,Unavailable,Bullish technical bias,1.2374477683818046,2.1625522316181955,27.208954801070316,Complete,https://www.nasdaq.com/market-activity/earnings?date=2026-09-09,https://www.tradingview.com/symbols/NASDAQ-ALZN/,2026-09-03T23:50:37+00:00
2026-09-09,Time not supplied,CLGN,CollPlant Biotechnologies Ltd.,NASDAQ,Jun/2026,,,N/A,-0.28,,Insufficient EPS comparison,6491187.0,0.3412,-0.6117098747451182,2091421.0,6451477.84,0.2637,3.18,29.389457717102772,-89.27044025157232,52.5200898454775,Neutral,0.0063614185142699675,0.0006952075278796902,Bullish,0.3251724999999979,0.3310884399999941,0.7887804550000052,0.33050873030895256,0.34112410935878384,0.8283263983469256,Mixed,0.2745426523308083,0.3758023476691875,Middle third,12.733974819282892,19.986252036571724,27.136713764846217,49.2181648353188,9.837389932062289,16.179107294960176,0.023399999999999976,0.38441746927422327,0.08208172129986278,24.05677646537596,0.10343013953972428,5.211224175146477,-16.57701711491442,-47.27244629887189,0.24848484848484848,Buy,Buy,Buy,Neutral / mixed technical bias,0.0,0.7173457010288903,110.24199912921755,Complete,https://www.nasdaq.com/market-activity/earnings?date=2026-09-09,https://www.tradingview.com/symbols/NASDAQ-CLGN/,2026-09-03T23:50:37+00:00
2026-09-09,Time not supplied,GURE,"Gulf Resources, Inc.",NASDAQ,Jun/2026,,,N/A,-0.6,,Insufficient EPS comparison,6438035.0,3.14,-11.549295774647879,539.0,5694487.295774649,2.04,11.83,53.92156862745099,-73.4573119188504,44.64024501709237,Neutral,0.020983788548853965,-0.00048113469654365287,Bullish,3.334565,3.447482,4.2662325,3.3887173064923513,3.513029989278144,4.415692654085216,Bearish alignment,2.8832240677769816,3.7859059322230184,Lower third,54.60493827160493,66.86419753086419,18.384047114921216,19.296104793954985,14.730322844361341,-57.711100305037476,-0.16999999999999993,3.285248781970076,0.3435632618903215,10.941505155742723,0.0626962894032802,6.440677966101692,-28.228571428571424,-29.91071428571429,-0.4666666666666667,Sell,Strong Sell,Unavailable,Neutral / mixed technical bias,1.565595346381665,4.7144046536183355,50.14027559294061,Complete,https://www.nasdaq.com/market-activity/earnings?date=2026-09-09,https://www.tradingview.com/symbols/NASDAQ-GURE/,2026-09-03T23:50:37+00:00
2026-09-09,Time not supplied,LKSP,Lake Superior Acquisition Corp.,NASDAQ,Jun/2026,,1.0,N/A,,,Insufficient EPS comparison,,10.22,0.19607843137256228,5227.0,199562526.329907,9.89,10.22,3.336703741152669,0.0,71.63370182082033,Overbought,0.015535278824287957,0.012589415869020761,Bullish,10.180985000000002,10.158289999999997,,10.184842799480538,10.157483986870874,,Unavailable,10.145245314775867,10.216724685224136,At/above upper band,88.88888888888823,89.81481481481444,34.43364774396205,55.41563091263672,23.526553533143797,158.65765851492074,0.05000000000000071,10.183891782059954,0.010085658329850993,0.09868550224903123,0.0766965460876251,0.4916420845624455,0.8884501480750232,1.8943170488534526,0.5979020979020979,Strong Buy,Strong Buy,Buy,Bullish technical bias,10.173781707269997,10.266218292730004,0.45223378405092035,Complete,https://www.nasdaq.com/market-activity/earnings?date=2026-09-09,https://www.tradingview.com/symbols/NASDAQ-LKSP/,2026-09-03T23:50:37+00:00
2026-09-10,After hours,ADBE,Adobe Inc.,NASDAQ,Aug/2026,4.86,12.0,9/11/2025,4.29,13.286713286713292,Forecast EPS growth,111216525000.0,285.75,2.130169055362943,3546364.0,113585628469.36183,190.12,370.86,50.29981064590785,-22.949360944830932,61.52782473440532,Neutral,10.727074125416209,10.844601675019208,Bearish,274.05250000000007,247.38580000000002,268.2274749999999,273.72183202409536,257.7503429938154,272.98956629949413,Positive / mixed,252.77016753854426,295.33483246145585,Upper third,75.40574368584592,82.32987900325287,26.427555718480296,31.804300725248297,17.687565107958527,105.55491609533638,13.529999999999973,274.5085347834912,10.393468069385642,3.637259166889114,0.8638123966716287,14.911328266377133,10.209040419623584,1.951619808762676,0.4454545454545455,Buy,Strong Buy,Neutral,Neutral / mixed technical bias,238.12114583893376,333.3788541610662,16.668015454441377,Complete,https://www.nasdaq.com/market-activity/earnings?date=2026-09-10,https://www.tradingview.com/symbols/NASDAQ-ADBE/,2026-09-03T23:50:37+00:00
2026-09-10,After hours,CPRT,"Copart, Inc.",NASDAQ,Jul/2026,0.39,4.0,9/04/2025,0.41,-4.878048780487796,Forecast EPS broadly flat,29774096400.0,33.58,4.415422885572145,8397148.0,31088750809.02239,26.81,49.16,25.251771726967554,-31.69243287225386,63.380293706933244,Neutral,0.8884839105435915,0.9293515335712511,Bearish,32.00175,30.0087999999999,34.48622499999998,32.071792356259124,31.148282844488374,34.86682499847266,Mixed,28.667957452467192,35.33554254753281,Upper third,61.82966165135851,64.354676554534,29.9485354284197,36.625018576223866,17.675796222841562,78.18377242311023,-0.75,32.03986800678506,1.0815880068924464,3.220929145004307,1.0235256459473252,15.61370287484936,8.113329040566644,-10.90474927036349,0.4242424242424242,Buy,Strong Buy,Buy,Neutral / mixed technical bias,28.623541087658943,38.536458912341054,14.760151615071631,Complete,https://www.nasdaq.com/market-activity/earnings?date=2026-09-10,https://www.tradingview.com/symbols/NASDAQ-CPRT/,2026-09-03T23:50:37+00:00
2026-09-10,After hours,DSGX,The Descartes Systems Group Inc.,NASDAQ,Jul/2026,0.57,2.0,9/03/2025,0.43,32.558139534883715,Forecast EPS growth,6693048800.0,80.75,2.879347687603523,570753.0,6919534155.021652,62.555,109.0,29.08640396451123,-25.917431192660544,59.041887051853855,Neutral,1.455651077202262,1.4153016125446984,Bullish,78.54725000000009,74.92729999999987,75.46575000000004,78.37585481297936,76.05207183298359,77.96954595695435,Positive / mixed,74.98277882604695,82.11172117395323,Upper third,68.23363327428362,73.37737481537874,16.684748521898015,24.402355420773937,17.744950468790563,89.493061455676,2.9200000000000017,79.0453187255155,2.7402669923626384,3.39351949518593,0.8152618501597305,7.223476297968394,3.6851566512583522,13.396994804100558,0.5575757575757576,Strong Buy,Strong Buy,Buy,Bullish technical bias,68.19251908310923,93.30748091689077,15.551059958997854,Complete,https://www.nasdaq.com/market-activity/earnings?date=2026-09-10,https://www.tradingview.com/symbols/NASDAQ-DSGX/,2026-09-03T23:50:37+00:00
2026-09-10,After hours,REF,Reformation Inc.,NYSE,Jun/2026,0.2,2.0,N/A,,,Insufficient EPS comparison,899514180.0,13.64,-3.4677990092002844,257838.0,805799449.8399999,12.83,17.26,6.313328137178487,-20.973348783314027,42.441987037041564,Neutral,-0.6796034993126501,,Unavailable,14.7775,,,14.829876329833082,,,Unavailable,13.283714540169834,16.271285459830167,Lower third,34.634634634634644,42.00867534200868,,16.066735212393187,23.418973586545516,-109.46272541364588,-0.8699999999999992,14.679490632355144,0.9438550401176576,6.919758358633854,0.5849286244973656,-20.973348783314027,-9.066666666666663,-9.066666666666663,-0.4285714285714286,Sell,Strong Sell,Buy,Neutral / mixed technical bias,9.314712833595253,17.96528716640475,31.71031646924301,Complete,https://www.nasdaq.com/market-activity/earnings?date=2026-09-10,https://www.tradingview.com/symbols/NYSE-REF/,2026-09-03T23:50:37+00:00
2026-09-10,After hours,IBEX,IBEX Limited,NASDAQ,Jun/2026,,2.0,N/A,0.76,,Insufficient EPS comparison,521372192.0,39.41,1.2069851052901872,117504.0,527665054.43502825,25.94,42.99,51.92752505782574,-8.327518027448255,69.76393143709011,Neutral,1.0458919014969794,0.8489478379571301,Bullish,36.88399999999999,35.03370000000003,32.94852499999999,37.102229800165226,35.33495097906468,32.74133963020251,Bullish alignment,34.4207549857948,39.347245014205185,At/above upper band,93.1091745388647,91.69665626555407,19.046337804846637,26.781883673803307,12.747388041184971,187.71754593056627,3.279999999999994,36.804004567159886,1.1430226639468393,2.900336625087134,1.2819200872766945,10.515984296130119,32.15962441314553,33.36717428087985,0.5121212121212121,Strong Buy,Strong Buy,Neutral,Bullish technical bias,34.17201212141353,44.64798787858646,13.291012125314547,Complete,https://www.nasdaq.com/market-activity/earnings?date=2026-09-10,https://www.tradingview.com/symbols/NASDAQ-IBEX/,2026-09-03T23:50:37+00:00
2026-09-10,After hours,ZUMZ,Zumiez Inc.,NASDAQ,Jul/2026,-0.14,2.0,9/04/2025,-0.06,-133.33333333333337,Forecast EPS decline,306399424.0,17.7,-2.5330396475770973,165404.0,298638208.03414094,15.09,31.7,17.296222664015893,-44.16403785488959,41.976054267561416,Neutral,-0.32694953140958916,-0.28687208039613654,Bearish,18.39925000000002,18.601499999999994,22.818450000000006,18.330319328050862,18.958885990649833,20.758942776916758,Bearish alignment,17.127525678459413,19.670974321540626,Lower third,35.565174110934855,34.726216304462184,21.36795788701887,18.440108539835485,27.76564716208668,-67.35159817351223,0.23000000000000043,18.41566389943033,0.699479029098901,3.9518589214627178,0.7800114405199071,-13.742690058479532,17.2962226640159,-26.250000000000004,-0.4666666666666667,Sell,Strong Sell,Unavailable,Bearish technical bias,14.494584402120067,20.90541559787993,18.10969264338945,Complete,https://www.nasdaq.com/market-activity/earnings?date=2026-09-10,https://www.tradingview.com/symbols/NASDAQ-ZUMZ/,2026-09-03T23:50:37+00:00
2026-09-10,After hours,AENT,Alliance Entertainment Holding Corporation,NASDAQ,Jun/2026,0.02,1.0,9/10/2025,0.11,-81.81818181818181,Forecast EPS decline,254898144.0,5.14,2.7999999999999936,5288.0,262035296.14399996,4.36,8.8,17.889908256880727,-41.5909090909091,39.595835187223585,Neutral,-0.16497403674673272,-0.11576606272181146,Bearish,5.4732750000000046,5.6870099999999875,6.513127499999999,5.408704063255462,5.644210612469518,6.041970353014776,Bearish alignment,4.9804330907636425,5.966116909236367,Lower third,30.80858158528704,26.681125392924816,19.535965789908985,10.91333830775485,21.971032662687524,-145.2505669084522,-0.4500000000000002,5.231925462017696,0.3249608424374449,6.322195378160407,0.1978642040904907,0.42985541227040547,-9.824561403508781,-21.044546850998465,-0.35454545454545455,Sell,Strong Sell,Neutral,Bearish technical bias,3.6508423416337905,6.629157658366209,28.971938878720028,Complete,https://www.nasdaq.com/market-activity/earnings?date=2026-09-10,https://www.tradingview.com/symbols/NASDAQ-AENT/,2026-09-03T23:50:37+00:00
2026-09-10,Pre-market,M,Macy's Inc,NYSE,Jul/2026,0.37,4.0,9/03/2025,0.41,-9.756097560975606,Forecast EPS broadly flat,5897310700.0,22.47,0.2230151650312094,4489061.0,5910463068.238179,16.41,26.585,36.92870201096892,-15.47865337596389,42.19603849476532,Neutral,-0.5132204719384816,-0.4224604471985967,Bearish,23.149999999999977,23.74600000000001,21.537324999999978,22.98221651152724,23.219934333348125,21.203955496177453,Mixed,21.27942789500031,25.020572104999644,Lower third,27.05167569373475,17.766593412237004,18.02036539106777,18.880759284724693,24.638392724401506,-69.09357317236632,-0.10999999999999943,23.05494749400281,0.7424442432309103,3.3041577357850924,0.7775187180887592,-13.610149942329883,-3.396388650043004,18.79460745440127,-0.24545454545454548,Sell,Sell,Neutral,Neutral / mixed technical bias,19.067693056110148,25.87230694388985,15.141552932309086,Complete,https://www.nasdaq.com/market-activity/earnings?date=2026-09-10,https://www.tradingview.com/symbols/NYSE-M/,2026-09-03T23:50:37+00:00
2026-09-10,Pre-market,TEN,Tsakos Energy Navigation Ltd,NYSE,Jun/2026,,2.0,N/A,0.67,,Insufficient EPS comparison,1303018880.0,43.28,0.06936416184971361,349459.0,1274571350.9142196,20.5,45.85,111.1219512195122,-5.605234460196296,62.63493783552528,Neutral,0.9201144240261314,0.8307105547903644,Bullish,41.52900000000001,39.76000000000001,34.567699999999974,41.71895433916835,40.48251324664283,35.29690485145691,Bullish alignment,38.38691215908959,44.67108784091043,Upper third,79.21143071680241,76.75852665419323,15.685319663563165,28.240040286012736,17.50817245039072,95.11703462387905,0.9600000000000009,41.63068435542525,1.2716330216803062,2.9381539317936833,1.500731558268498,8.935313365215215,17.736670293797616,25.704327621260532,0.49090909090909096,Buy,Strong Buy,Buy,Bullish technical bias,37.45264542194458,49.10735457805542,13.46431279587667,Complete,https://www.nasdaq.com/market-activity/earnings?date=2026-09-10,https://www.tradingview.com/symbols/NYSE-TEN/,2026-09-03T23:50:37+00:00
2026-09-10,Pre-market,MCFT,"MasterCraft Boat Holdings, Inc.",NASDAQ,Jun/2026,0.56,2.0,8/27/2025,0.36,55.55555555555558,Forecast EPS growth,381763424.0,23.33,-0.5117270788912622,174925.0,570076432.4558636,17.19,28.44,35.71844095404302,-17.9676511954993,38.205735137419,Neutral,-0.3022124026035442,-0.09119613276415775,Bearish,24.445499999999942,24.52270000000003,22.33677499999999,24.195404394438313,24.231844741928633,22.784210679647817,Mixed,22.9998793720302,25.891120627969684,Lower third,17.855336368234678,14.339035052236882,14.294091936777514,15.72315608818337,21.79651067586471,-131.94984351016294,-1.990000000000002,24.443180647279164,0.9253224964061079,3.9662344466614146,1.0204087585109411,-3.355426677713348,4.571940833706856,16.59170414792602,-0.2212121212121212,Sell,Strong Sell,Neutral,Neutral / mixed technical bias,19.089639617973507,27.57036038202649,18.17556957576722,Complete,https://www.nasdaq.com/market-activity/earnings?date=2026-09-10,https://www.tradingview.com/symbols/NASDAQ-MCFT/,2026-09-03T23:50:37+00:00
2026-09-10,Pre-market,SHOE,"Shoe Station Group, Inc.",NASDAQ,Jul/2026,0.32,1.0,9/04/2025,0.7,-54.285714285714285,Forecast EPS decline,366271136.0,13.65,1.1860637509266132,977280.0,370615349.22164565,12.7799,26.57,6.808347483157151,-48.62627022958223,39.30161393193847,Neutral,-0.525820269049035,-0.33572395823703116,Bearish,14.828999999999997,15.016399999999997,17.254250000000024,14.475118831967254,15.123137343435392,17.28104029144232,Bearish alignment,12.917499019095004,16.74050098090499,Lower third,17.384714847434644,12.71505965919497,26.26237048783263,12.129229915220197,30.031795598703575,-110.50009873866362,-1.6399999999999988,14.367675103134737,0.6445900754441704,4.7222716149756065,1.0361362702402173,-11.016949152542368,-20.5933682373473,-30.53435114503816,-0.35454545454545455,Sell,Strong Sell,Neutral,Bearish technical bias,10.696117187059794,16.603882812940206,21.64016712776708,Complete,https://www.nasdaq.com/market-activity/earnings?date=2026-09-10,https://www.tradingview.com/symbols/NASDAQ-SHOE/,2026-09-03T23:50:37+00:00
2026-09-10,Pre-market,DBI,Designer Brands Inc.,NYSE,Jul/2026,0.25,1.0,9/09/2025,0.34,-26.470588235294123,Forecast EPS decline,266579664.0,5.15,-1.904761904761898,576633.0,261503331.40952384,3.11,9.17,65.59485530546625,-43.83860414394765,35.062954542939394,Neutral,-0.22864720527018,-0.15327652161054126,Bearish,5.805499999999999,5.838399999999991,6.507950000000005,5.6725430971767326,5.964653085072625,6.059752959554872,Bearish alignment,4.994439583014933,6.616560416985066,Lower third,7.674194300165467,9.082747399843646,22.44219781737178,12.477242781347822,29.145326361346395,-132.20007224823246,-0.5899999999999999,5.733832628196192,0.2973761686441402,5.774294536779421,1.120451123845706,-21.37404580152671,-42.58639910813824,-20.647149460708782,-0.5121212121212121,Strong Sell,Strong Sell,Neutral,Bearish technical bias,3.7872511973122744,6.512748802687726,26.461141799761663,Complete,https://www.nasdaq.com/market-activity/earnings?date=2026-09-10,https://www.tradingview.com/symbols/NYSE-DBI/,2026-09-03T23:50:37+00:00
2026-09-10,Pre-market,LOVE,The Lovesac Company,NASDAQ,Jul/2026,-0.39,2.0,9/11/2025,-0.45,13.333333333333334,Forecast EPS growth,237435136.0,15.95,-1.664611590628851,160743.0,233482760.25585696,10.33,20.88,54.40464666021296,-23.611111111111114,44.45919251788916,Neutral,-0.32959535087627856,-0.2532745300571307,Bearish,16.588250000000002,16.942200000000014,14.974174999999992,16.361775786792343,16.520588522271524,16.071886788808953,Mixed,15.109036442057828,18.067463557942176,Lower third,26.007615032227985,17.320774980236376,9.477953202704924,23.04911428826222,24.311105278603147,-55.27015218891332,-0.3200000000000003,16.482761754022672,0.7151482710728244,4.483688219892317,0.8976986639204919,-5.172413793103454,-2.4464831804281473,33.36120401337791,-0.26666666666666666,Sell,Strong Sell,Unavailable,Neutral / mixed technical bias,12.672778914691984,19.227221085308017,20.546840660238345,Complete,https://www.nasdaq.com/market-activity/earnings?date=2026-09-10,https://www.tradingview.com/symbols/NASDAQ-LOVE/,2026-09-03T23:50:37+00:00
2026-09-10,Pre-market,FLWS,"1-800-FLOWERS.COM, Inc.",NASDAQ,Jun/2026,-0.72,3.0,9/04/2025,-0.69,-4.347826086956526,Forecast EPS broadly flat,232357008.0,3.58,-1.2413793103448256,149712.0,229472569.26344827,2.885,7.1,24.09012131715773,-49.57746478873239,37.296747073725946,Neutral,-0.10762740164890028,-0.060945778445777005,Bearish,3.8837499999999983,3.8867000000000007,3.8575999999999966,3.8116115321648683,3.897983176596318,4.103788599787091,Negative / mixed,3.4986152833097988,4.268884716690198,Lower third,20.299145299145287,14.419119974675525,23.35490780579225,14.219461211694014,30.218009000022434,-114.38413092359966,-0.4399999999999995,3.882864044893612,0.1858076598557324,5.190158096528838,0.6406263171475116,-14.148681055155873,-19.73094170403587,3.1700288184438,-0.4,Sell,Strong Sell,Unavailable,Bearish technical bias,2.728522334008499,4.431477665991501,23.784292346131313,Complete,https://www.nasdaq.com/market-activity/earnings?date=2026-09-10,https://www.tradingview.com/symbols/NASDAQ-FLWS/,2026-09-03T23:50:37+00:00
2026-09-10,Time not supplied,FIZZ,National Beverage Corp.,NASDAQ,Jul/2026,,2.0,N/A,0.6,,Insufficient EPS comparison,3004114940.0,32.46,1.153007167341843,340239.0,3038648737.6771574,30.0101,41.56,8.163584926408118,-21.896053897978828,53.144120989401216,Neutral,0.07520932184819173,0.048517786709996936,Bullish,31.954500000000003,31.884200000000018,33.90060000000001,32.11963352447269,32.41391154376185,34.53613140605518,Mixed,30.496975043095677,33.412024956904325,Upper third,54.15975811957477,50.11673634073541,9.837918573096474,18.557657621700436,19.519071553903935,37.3408108833481,0.25,31.96624837951297,0.9462062951254796,2.9149916670532336,1.034088488011936,4.2054574638844375,-7.336568655438196,-7.888762769580025,0.26969696969696966,Buy,Buy,Buy,Neutral / mixed technical bias,28.123938029543766,36.796061970456236,13.358169964436954,Complete,https://www.nasdaq.com/market-activity/earnings?date=2026-09-10,https://www.tradingview.com/symbols/NASDAQ-FIZZ/,2026-09-03T23:50:37+00:00
2026-09-10,Time not supplied,RH,RH,NYSE,Jul/2026,0.42,5.0,9/11/2025,2.93,-85.6655290102389,Forecast EPS decline,2791294980.0,146.61,-0.7245395449620755,596938.0,2771070861.6547265,106.3037,257.0,37.91617789409023,-42.953307392996095,38.74618856170309,Neutral,-7.774876089958269,-6.14680787563887,Bearish,162.30499999999992,168.9855999999999,162.60090000000002,157.42900192611737,162.01897633753774,168.51450487435525,Negative / mixed,128.05081281069306,196.55918718930678,Lower third,14.267490355386718,15.31292783401147,20.17495790662354,21.01239246334297,26.57714971261033,-58.66999368375386,-9.799999999999983,159.7266440845276,8.408262825362602,5.735122314550577,0.8114872857865678,-18.1635500976835,-3.323442136498511,-1.8148941869809667,-0.4666666666666667,Sell,Strong Sell,Unavailable,Bearish technical bias,108.07849913969264,185.1415008603074,26.28163212625836,Complete,https://www.nasdaq.com/market-activity/earnings?date=2026-09-10,https://www.tradingview.com/symbols/NYSE-RH/,2026-09-03T23:50:37+00:00
2026-09-10,Time not supplied,FEIM,"Frequency Electronics, Inc.",NASDAQ,Jul/2026,,2.0,N/A,0.07,,Insufficient EPS comparison,660256700.0,59.89,1.3881835110885394,119918.0,669422285.7929575,26.05,80.6,129.90403071017275,-25.69478908188585,41.41034454656241,Neutral,-2.5422198916796717,-1.509354751311069,Bearish,67.395,65.6697,55.76152500000001,64.16928826782186,65.41901452241105,55.817599165120654,Mixed,51.66917983060979,83.1208201693902,Lower third,10.1015054448867,10.150456538333435,18.060988118359553,19.3962424576487,26.252500049713223,-70.17190795906991,-5.650000000000006,67.03822020231047,4.312025989593309,7.199909817320603,0.4993560148793252,-4.770233741453331,-18.47263817043288,16.065891472868213,-0.2212121212121212,Sell,Strong Sell,Neutral,Neutral / mixed technical bias,40.1298145040718,79.6501854959282,32.99413173472733,Complete,https://www.nasdaq.com/market-activity/earnings?date=2026-09-10,https://www.tradingview.com/symbols/NASDAQ-FEIM/,2026-09-03T23:50:37+00:00
2026-09-10,Time not supplied,UROY,Uranium Royalty Corp.,NASDAQ,Jul/2026,0.05,1.0,9/11/2025,0.01,400.0,Forecast EPS growth,628409980.0,4.44,3.496503496503505,2431710.0,1691938893.762238,2.56,5.52,73.43750000000003,-19.565217391304333,66.29807594277274,Neutral,0.2317328577176747,0.26340251751043925,Bearish,4.217750000000002,3.451,3.7081,4.109442201909108,3.746065173157141,3.550598819168771,Positive / mixed,3.9843731588183875,4.451126841181617,Upper third,65.4270903763804,56.654270903763766,37.04229083501146,27.074045619246913,12.765568878901048,125.92546706404183,0.29000000000000004,4.214193885552129,0.21252932533449892,4.786696516542769,1.1428521207980842,29.824561403508785,26.85714285714287,19.194630872483227,0.4666666666666667,Buy,Strong Buy,Unavailable,Neutral / mixed technical bias,3.4660682792567634,5.413931720743237,21.935399115838674,Complete,https://www.nasdaq.com/market-activity/earnings?date=2026-09-10,https://www.tradingview.com/symbols/NASDAQ-UROY/,2026-09-03T23:50:37+00:00
2026-09-10,Time not supplied,EVI,"EVI Industries, Inc.",AMEX,Jun/2026,,2.0,N/A,0.14,,Insufficient EPS comparison,168070624.0,13.03,-0.22970903522206076,80910.0,167684547.59800917,12.75,34.82,2.19607843137255,-62.578977599081,32.811470124110556,Neutral,-0.4701406963033996,-0.25988840326632645,Bearish,14.730999999999995,14.989599999999998,19.427750000000007,14.402764436255842,15.161877101546319,18.48993471332574,Bearish alignment,12.77451437521243,16.68748562478756,Lower third,5.321958627310576,4.261708268954695,18.333775216668688,12.431925413943603,25.063044420007817,-132.6304941007842,-2.16,14.964012619973179,0.9140539078995173,7.014995455867363,2.5649967188584797,-7.78485491861289,-25.542857142857144,-33.65580448065174,-0.3090909090909091,Sell,Strong Sell,Buy,Bearish technical bias,8.841278777780268,17.21872122221973,32.14674767628344,Complete,https://www.nasdaq.com/market-activity/earnings?date=2026-09-10,https://www.tradingview.com/symbols/AMEX-EVI/,2026-09-03T23:50:37+00:00
2026-09-10,Time not supplied,ENGN,enGene Therapeutics Inc.,NASDAQ,Jul/2026,-0.47,4.0,9/11/2025,-0.57,17.543859649122805,Forecast EPS growth,126610088.0,1.83,-3.174603174603166,634651.0,122590731.74603176,1.4,12.25,30.714285714285737,-85.06122448979592,49.85371967203378,Neutral,0.009949742604252743,-0.0011707988218290551,Bullish,1.803000000000003,1.818299999999993,5.669499999999995,1.8276566807499774,2.0237752365219217,4.343693790059687,Mixed,1.6554398427761816,1.9505601572238245,Middle third,66.79929266136163,66.13616268788685,19.00533345585514,25.05366371430387,17.038390683900772,52.24572004027865,0.06000000000000005,1.811573140083325,0.08235251441257076,4.50013739959403,0.9332092879358941,2.8089887640449462,7.0175438596491295,-78.54630715123095,-0.08787878787878788,Neutral,Sell,Neutral,Neutral / mixed technical bias,1.4526133690344527,2.2073866309655474,20.62222027134138,Complete,https://www.nasdaq.com/market-activity/earnings?date=2026-09-10,https://www.tradingview.com/symbols/NASDAQ-ENGN/,2026-09-03T23:50:37+00:00
2026-09-10,Time not supplied,OCC,Optical Cable Corporation,NASDAQ,Jul/2026,0.2,1.0,9/11/2025,0.04,400.0,Forecast EPS growth,115811448.0,13.11,-0.07621951219512033,123737.0,115723177.0792683,4.02,27.9799,226.11940298507466,-53.14493618633376,40.26392198873111,Neutral,-0.7202737384210369,-0.5838537594792046,Bearish,14.718749999999996,15.429600000000002,10.686699999999995,14.213336028227761,14.871206056137,11.853243136504224,Mixed,11.569296277526812,17.868203722473183,Lower third,4.070268658275275,5.189141442009845,9.844534761351909,24.250300324362605,22.964806844954364,-67.56375493666258,-1.0099999999999998,15.10212825870106,1.1066686243557675,8.441408271211042,0.7987881675262208,-17.934272300469484,-5.513513513513518,108.75796178343947,-0.31212121212121213,Sell,Strong Sell,Neutral,Neutral / mixed technical bias,8.038607259657045,18.181392740342954,38.68339237485091,Complete,https://www.nasdaq.com/market-activity/earnings?date=2026-09-10,https://www.tradingview.com/symbols/NASDAQ-OCC/,2026-09-03T23:50:37+00:00
2026-09-10,Time not supplied,CMCM,Cheetah Mobile Inc.,NYSE,Jun/2026,,2.0,N/A,-0.08,,Insufficient EPS comparison,101009712.0,3.35,3.3950617283950573,1724.0,99437819.0,2.65,9.44,26.41509433962266,-64.51271186440677,57.96816605157221,Neutral,0.03905450061085913,0.001107681648571732,Bullish,3.140599999999994,3.0736760000000047,5.2293789999999944,3.146142086892284,3.305424793050621,4.633636326023301,Mixed,2.8772611308594334,3.4039388691405543,Upper third,62.14689265536723,64.65993640208698,19.016309155063734,29.9667976061016,19.946568946930896,152.6117638358781,0.3200000000000003,3.176708164499801,0.17485172110250988,5.2194543612689515,0.2716372287960673,15.51724137931035,-18.092909535452318,-55.51128818061089,0.22424242424242424,Buy,Buy,Buy,Neutral / mixed technical bias,2.548728752654441,4.151271247345559,23.918544696882353,Complete,https://www.nasdaq.com/market-activity/earnings?date=2026-09-10,https://www.tradingview.com/symbols/NYSE-CMCM/,2026-09-03T23:50:37+00:00
2026-09-10,Time not supplied,HSCS,HeartSciences Inc.,NASDAQ,Jul/2026,-0.78,2.0,9/11/2025,-1.58,50.63291139240506,Forecast EPS growth,11737468.0,3.36,11.62790697674419,178291.0,13102289.860465117,1.63,3.8,106.13496932515338,-11.578947368421055,70.24910384891105,Overbought,0.24217546469382212,0.1657811191415289,Bullish,2.599750000000019,2.5593,2.5194739999999998,2.7696757575283617,2.5339781322491506,2.67493682696097,Bullish alignment,1.6618029066095716,3.537697093390466,Upper third,86.73311781609198,86.75247445721588,38.105838502299335,31.438640351266155,7.783741029835746,103.70042254226396,0.8500000000000001,2.694258048454057,0.276964852926547,8.243001575194851,1.0619057375584584,52.03619909502262,68.0,28.36676217765042,0.5575757575757576,Strong Buy,Strong Buy,Buy,Bullish technical bias,2.090787596621787,4.629212403378213,37.774178671970624,Complete,https://www.nasdaq.com/market-activity/earnings?date=2026-09-10,https://www.tradingview.com/symbols/NASDAQ-HSCS/,2026-09-03T23:50:37+00:00
2026-09-10,Time not supplied,CMND,Clearmind Medicine Inc.,NASDAQ,Jul/2026,,2.0,N/A,-99.99,,Insufficient EPS comparison,2748269.0,1.7,-8.108108108108116,60080.0,2525436.378378378,1.43,524.0,18.881118881118873,-99.67557251908397,43.91575687702321,Neutral,-0.0334410116383661,-0.055707885181711846,Bullish,1.7715000000004841,1.858800000000207,14.132150000000763,1.7911733625972914,2.3662966558389176,82.97754737265105,Bearish alignment,1.5545875752884661,1.9884124247125021,Middle third,26.19047619047618,33.34004024144868,15.492144674377478,29.64463786387555,22.408942223934936,-25.534263859001097,-0.030000000000000027,1.8656431686284731,0.16139635589775875,9.493903288103455,0.42540265621758394,7.594936708860752,-54.17789757412398,-84.68468468468468,-0.4212121212121212,Sell,Strong Sell,Neutral,Neutral / mixed technical bias,0.9603889822084881,2.4396110177915116,43.50653045832423,Complete,https://www.nasdaq.com/market-activity/earnings?date=2026-09-10,https://www.tradingview.com/symbols/NASDAQ-CMND/,2026-09-03T23:50:37+00:00
2026-09-11,Pre-market,KR,Kroger Company (The),NYSE,Jul/2026,1.05,8.0,9/11/2025,1.04,0.9615384615384623,Forecast EPS broadly flat,35668324000.0,58.51,0.4981106149089645,5262745.0,35845996548.998116,54.15,76.58,8.051708217913212,-23.59623922695221,54.72154590620856,Neutral,0.07957730897646087,-0.11849014104959363,Bullish,57.26200000000004,57.68299999999997,64.0903,57.68358491393929,58.53055050039769,62.85585711058668,Mixed,55.37269748320277,59.151302516797315,Upper third,76.46586345381519,69.93306559571614,10.370580766111729,26.51530778488617,20.58155151280086,103.69282251169982,2.1899999999999977,57.18995774311707,1.3909757791255084,2.3773299933780696,0.882899639946382,1.9337979094076645,-6.682615629984058,-18.339148639218433,0.26969696969696966,Buy,Buy,Buy,Neutral / mixed technical bias,52.135748202307184,64.88425179769281,10.89429464654387,Complete,https://www.nasdaq.com/market-activity/earnings?date=2026-09-11,https://www.tradingview.com/symbols/NYSE-KR/,2026-09-03T23:50:37+00:00
2026-09-11,Pre-market,HOFT,Hooker Furnishings Corporation,NASDAQ,Jul/2026,-0.02,2.0,9/11/2025,-0.31,93.54838709677419,Forecast EPS growth,137278288.0,12.66,-0.9389671361502286,25515.0,135989293.95305166,8.615,18.09,46.952988972722,-30.01658374792703,30.416563565375668,Neutral,-0.4821281137648068,-0.3066987588490413,Bearish,14.095249999999997,14.673900000000012,13.256474999999998,13.776100050791749,14.164131486186252,13.385251897412322,Negative / mixed,12.474591260474433,15.71590873952556,Lower third,7.759429154206895,8.711672977868647,22.922630404586336,11.046075152719478,24.732591939023504,-140.7921420750158,-1.6600000000000001,13.965089389008346,0.6180446672704811,4.88186940971944,0.5974472389578217,-14.97649429147079,-1.3250194855806698,-5.522388059701495,-0.49090909090909096,Sell,Strong Sell,Sell,Bearish technical bias,9.827763529369225,15.492236470630775,22.37153610292872,Complete,https://www.nasdaq.com/market-activity/earnings?date=2026-09-11,https://www.tradingview.com/symbols/NASDAQ-HOFT/,2026-09-03T23:50:37+00:00
2026-09-11,Pre-market,RENT,"Rent the Runway, Inc.",NASDAQ,Jul/2026,,8.0,N/A,-6.55,,Insufficient EPS comparison,127628432.0,3.91,2.8947368421052717,54476.0,131322938.2131579,2.875,10.13,36.00000000000001,-61.401776900296156,62.20518426587765,Neutral,0.06762634289116809,0.05549741249518058,Bullish,3.6629999999999967,3.465799999999999,5.025675000000003,3.651753841968186,3.6275304270017004,4.567009810586343,Mixed,3.4718874677052605,3.854112532294733,At/above upper band,76.87613392709879,55.34114024960139,11.193946271144695,22.39142561006211,13.862370001514615,226.66713196690839,0.25,3.6868179108207335,0.1984280080631237,5.07488511670393,1.3951284723911768,5.107526881720428,13.333333333333332,-22.87968441814596,0.35757575757575755,Buy,Strong Buy,Buy,Neutral / mixed technical bias,3.000688633051428,4.819311366948572,23.25604519050056,Complete,https://www.nasdaq.com/market-activity/earnings?date=2026-09-11,https://www.tradingview.com/symbols/NASDAQ-RENT/,2026-09-03T23:50:37+00:00
2026-09-11,Pre-market,MNY,MoneyHero Limited,NASDAQ,Jun/2026,-0.02,1.0,9/19/2025,,,Insufficient EPS comparison,37768236.0,0.8567,0.7882352941176517,3997.0,37546669.514823526,0.78,2.4,9.83333333333334,-64.30416666666666,36.933072322824486,Neutral,-0.028240679880463082,-0.026982016308394804,Bearish,0.8975375000000005,0.9184961400000005,1.2164525349999997,0.8911893010474004,0.9592078080276203,1.1645542954812962,Bearish alignment,0.8294876295006199,0.9655873704993811,Lower third,10.32049337781824,14.065999393387946,19.900453359887717,18.699048707636322,15.628088918727702,-80.47443496952877,-0.043300000000000005,0.9020356275857124,0.0359862877468781,4.200570531910599,0.3622800895503449,-7.8817204301075305,-32.54330708661417,-42.50335570469799,-0.35454545454545455,Sell,Strong Sell,Neutral,Bearish technical bias,0.6917901124194693,1.0216098875805308,19.249432424481235,Complete,https://www.nasdaq.com/market-activity/earnings?date=2026-09-11,https://www.tradingview.com/symbols/NASDAQ-MNY/,2026-09-03T23:50:37+00:00
2026-09-11,Time not supplied,JVA,"Coffee Holding Co., Inc.",NASDAQ,Jul/2026,,2.0,N/A,-0.21,,Insufficient EPS comparison,19694668.0,3.47,0.5797101449275368,20885.0,19808838.98260869,2.93,5.631,18.430034129692842,-38.376842479133366,48.70435085332592,Neutral,-0.015147337156978136,-0.013644704007954409,Bearish,3.485000000000003,3.458400000000002,3.7611700000000003,3.468239912049491,3.546237078579212,3.785620716482873,Mixed,3.409767028505125,3.560232971494881,Middle third,31.42857142857154,23.809523809523885,13.179747386369996,11.135610015050252,14.853652491123581,-62.4469912793907,-0.05999999999999961,3.4935170883996065,0.08237600346863942,2.373948226761943,0.7272391723715275,1.7595307917888579,-23.56828193832599,11.21794871794872,-0.11212121212121212,Sell,Sell,Neutral,Neutral / mixed technical bias,3.0925057286570152,3.847494271342985,10.878797445042794,Complete,https://www.nasdaq.com/market-activity/earnings?date=2026-09-11,https://www.tradingview.com/symbols/NASDAQ-JVA/,2026-09-03T23:50:37+00:00
2026-09-11,Time not supplied,IHT,InnSuites Hospitality Trust,AMEX,Jul/2026,,8.0,N/A,-0.04,,Insufficient EPS comparison,12411741.0,1.34,1.5151515151515165,3134.0,16131681.363636365,0.95,4.24,41.052631578947384,-68.39622641509435,37.676143271237436,Neutral,-0.08950086668304191,-0.07233377802543485,Bearish,1.490500000000002,1.6265460000000003,1.3398314150000028,1.460522017140501,1.5276651706934345,1.4934056259656519,Mixed,1.2197805880621542,1.7612194119378497,Lower third,27.436856643022665,22.36553677546657,33.50126266290368,8.065490936108574,16.751887879970035,-83.98948779170681,-0.21999999999999997,1.3492368070532559,0.12831097290405521,9.575445739108597,0.022452526589838047,-17.283950617283953,-10.666666666666663,30.91051191871825,-0.3787878787878788,Sell,Strong Sell,Neutral,Neutral / mixed technical bias,0.7520052541737393,1.9279947458262607,43.880204912407514,Complete,https://www.nasdaq.com/market-activity/earnings?date=2026-09-11,https://www.tradingview.com/symbols/AMEX-IHT/,2026-09-03T23:50:37+00:00
2026-09-11,Time not supplied,TPET,Trio Petroleum Corp.,AMEX,Jul/2026,,2.0,N/A,-1.53,,Insufficient EPS comparison,8755161.0,1.78,,121663.0,8755162.0,1.6801,22.5,5.946074638414389,-92.08888888888889,33.945016076018746,Neutral,-0.18894402580465752,-0.19680330107220717,Bullish,2.0127700000000024,2.418466000000004,5.297038750000002,2.013652170775819,2.4520121660006478,5.478835309578791,Bearish alignment,1.5959456192352794,2.4295943807647253,Lower third,21.7646760877273,23.81208934152031,25.594811325135407,11.634092526119042,25.11999958609413,-73.81826141474116,-0.06499999999999995,1.9847155081936496,0.17453300684114986,9.805225103435387,0.5992423706348579,-25.338702235644483,-47.00488269620102,-90.58201058201058,-0.5121212121212121,Strong Sell,Strong Sell,Neutral,Neutral / mixed technical bias,0.9801892848821854,2.579810715117815,44.93318624257386,Complete,https://www.nasdaq.com/market-activity/earnings?date=2026-09-11,https://www.tradingview.com/symbols/AMEX-TPET/,2026-09-03T23:50:37+00:00
2026-09-14,After hours,KMTS,"Kestra Medical Technologies, Ltd.",NASDAQ,Jul/2026,-0.61,5.0,9/11/2025,-0.46,-32.6086956521739,Forecast EPS decline,1507858300.0,25.14,-2.2930431403031473,200377.0,1473282479.204819,16.68,29.9999,50.719424460431654,-16.19972066573555,44.5084885245546,Neutral,0.11570164753275591,0.47637807157687656,Bearish,26.895500000000006,25.4559,23.582600000000006,26.039751423129474,25.10874451844574,23.247770278277894,Mixed,24.82524904902848,28.965750950971533,Lower third,9.13121928746929,9.92569837149962,12.80071263442343,16.77256019910049,18.41223894864156,-121.24297392168259,-2.120000000000001,26.95059104000466,1.3017224340764815,5.177893532523792,0.781099738473071,4.532224532224531,22.933985330073355,8.784076157507577,-0.02121212121212121,Neutral,Sell,Neutral,Neutral / mixed technical bias,19.17475841202236,31.10524158797764,23.728089053212567,Complete,https://www.nasdaq.com/market-activity/earnings?date=2026-09-14,https://www.tradingview.com/symbols/NASDAQ-KMTS/,2026-09-03T23:50:37+00:00
2026-09-14,After hours,PLAY,"Dave & Buster's Entertainment, Inc.",NASDAQ,Jul/2026,0.19,3.0,9/15/2025,0.4,-52.5,Forecast EPS decline,324926400.0,8.67,-7.173447537473233,1814688.0,301618002.08029974,8.3,24.99,4.457831325301198,-65.3061224489796,38.87283041991869,Neutral,-0.4144708456072852,-0.29770525060812236,Bearish,9.792500000000006,10.26319999999999,13.521574999999977,9.658978074531953,10.268452063893095,13.646154258255159,Bearish alignment,8.624632284888635,10.960367715111376,Lower third,21.2972660546493,15.155382136195875,13.407341319722319,18.840367231740764,26.43663822673195,-135.28814805583616,-1.1799999999999997,9.673466135260279,0.6158578544319138,7.103320120321959,1.1579999134700907,-21.038251366120225,-23.274336283185843,-40.61643835616439,-0.4454545454545455,Sell,Strong Sell,Neutral,Bearish technical bias,5.84778476473266,11.49221523526734,32.5515021368782,Complete,https://www.nasdaq.com/market-activity/earnings?date=2026-09-14,https://www.tradingview.com/symbols/NASDAQ-PLAY/,2026-09-03T23:50:37+00:00
2026-09-14,After hours,HITI,High Tide Inc.,NASDAQ,Jul/2026,0.01,3.0,9/15/2025,0.01,0.0,Forecast EPS broadly flat,218874080.0,2.52,,218222.0,221432851.56069365,2.02,4.0554,24.752475247524753,-37.86063027075011,63.0371254850948,Neutral,0.07211802871863782,0.07032425105019645,Bullish,2.4345000000000008,2.2925999999999984,2.4288499999999984,2.436874524918616,2.3589087339116834,2.4363576592374083,Positive / mixed,2.254336185653436,2.6146638143465655,Upper third,61.45833333333334,60.671134421134376,42.7588983230848,28.309032454022503,10.263894205677904,70.98333003670108,0.06999999999999984,2.442312691713988,0.07810980449831682,3.099595416599874,0.428809476087734,11.504424778761072,5.43933054393305,2.8571428571428505,0.603030303030303,Strong Buy,Strong Buy,Buy,Bullish technical bias,2.162055908368261,2.877944091631739,14.204130620307104,Complete,https://www.nasdaq.com/market-activity/earnings?date=2026-09-14,https://www.tradingview.com/symbols/NASDAQ-HITI/,2026-09-03T23:50:37+00:00
2026-09-14,Pre-market,CODA,"Coda Octopus Group, Inc.",NASDAQ,Jul/2026,,3.0,N/A,0.11,,Insufficient EPS comparison,112581928.0,10.02,0.4008016032064043,82997.0,113033151.14428855,7.61,17.28,31.66885676741129,-42.01388888888889,46.29377386809795,Neutral,-0.045173483168914785,-0.02050110505651626,Bearish,10.197749999999989,10.031300000000003,11.004974999999995,10.133999308865528,10.284079344345022,10.501575064701072,Negative / mixed,9.804272236967767,10.59122776303221,Lower third,20.087938354910914,18.674184910117077,9.258138762658632,19.20638090089407,18.832267313885385,-72.61701071324157,-0.09999999999999964,10.18167971817196,0.3720474448452746,3.713048351749247,1.2232712930592322,-3.6538461538461613,-20.03192338387869,-28.428571428571434,-0.4,Sell,Strong Sell,Unavailable,Bearish technical bias,8.31506442188162,11.724935578118378,17.015325130921944,Complete,https://www.nasdaq.com/market-activity/earnings?date=2026-09-14,https://www.tradingview.com/symbols/NASDAQ-CODA/,2026-09-03T23:50:37+00:00
2026-09-14,Pre-market,RFIL,"RF Industries, Ltd.",NASDAQ,Jul/2026,0.18,2.0,9/11/2025,0.09,100.0,Forecast EPS growth,109163728.0,10.18,1.1928429423459166,72108.0,110430213.39562625,5.5401,22.3,83.75119582679014,-54.349775784753376,32.95282847362837,Neutral,-0.9793422293012135,-0.9372348358413544,Bearish,11.629499999999997,13.80859999999999,12.068825000000002,11.383331515589774,13.00269368458668,12.362201303214976,Negative / mixed,9.156214937577781,14.102785062422212,Lower third,5.953443901238706,4.5657351015951475,36.142725087553735,12.7518576743067,31.67975230781598,-93.26049421372315,-1.0700000000000003,11.833241946217868,0.7307656657508047,7.178444653740715,0.44094257069738857,-21.389961389961385,-43.28690807799443,-11.47826086956522,-0.35454545454545455,Sell,Strong Sell,Neutral,Bearish technical bias,6.831211021422138,13.528788978577861,32.89576599781789,Complete,https://www.nasdaq.com/market-activity/earnings?date=2026-09-14,https://www.tradingview.com/symbols/NASDAQ-RFIL/,2026-09-03T23:50:37+00:00
2026-09-14,Pre-market,HAIN,"The Hain Celestial Group, Inc.",NASDAQ,Jun/2026,-0.03,1.0,9/15/2025,-0.02,-49.999999999999986,Forecast EPS decline,61940964.0,0.7451,8.567681771819899,286121.0,67247870.85327116,0.483,2.17,54.26501035196687,-65.66359447004608,57.51846672551688,Neutral,0.04477591861107255,0.043350206875737554,Bullish,0.6726449999999989,0.600232,0.8245860000000012,0.685368627450583,0.6479783957766622,0.9914179307561123,Mixed,0.4704359549500652,0.8748540450499327,Upper third,53.017313834257855,54.31164901664144,21.537271827926048,21.677978626663922,20.05418139785541,37.21898365624518,0.12329999999999997,0.6722677156420935,0.07187073844003243,9.645784249098433,0.39604751169334085,47.107601184600206,-1.9605263157894768,7.985507246376817,0.35757575757575755,Buy,Strong Buy,Buy,Neutral / mixed technical bias,0.415746900846179,1.074453099153821,44.20253645870635,Complete,https://www.nasdaq.com/market-activity/earnings?date=2026-09-14,https://www.tradingview.com/symbols/NASDAQ-HAIN/,2026-09-03T23:50:37+00:00
2026-09-14,Time not supplied,VZLA,Vizsla Silver Corp.,AMEX,Jul/2026,0.0,1.0,9/08/2025,-0.01,100.0,Forecast turnaround to profit,1457899010.0,4.17,0.4819277108433632,3910240.0,1479206207.5706806,2.88,7.19,44.79166666666667,-42.0027816411683,62.567523506537675,Neutral,0.16959920048023402,0.16178173766241077,Bullish,3.9035,3.5002000000000004,4.066799999999998,3.8821358079286905,3.670404306637753,3.7081504901291016,Positive / mixed,3.5767416795244507,4.230258320475549,Upper third,73.16602316602315,68.08236808236809,30.769260473627142,32.51436922543258,12.19135616051393,144.69447780156295,0.2999999999999998,3.907121179408139,0.20120078126058488,4.824958783227455,0.6240716406869034,24.4776119402985,12.702702702702695,6.377551020408164,0.5575757575757576,Strong Buy,Strong Buy,Buy,Bullish technical bias,3.2479821899891173,5.092017810010883,22.11073884918184,Complete,https://www.nasdaq.com/market-activity/earnings?date=2026-09-14,https://www.tradingview.com/symbols/AMEX-VZLA/,2026-09-03T23:50:37+00:00
2026-09-14,Time not supplied,BNR,Burning Rock Biotech Limited,NASDAQ,Jun/2026,,5.0,N/A,-0.15,,Insufficient EPS comparison,96499040.0,10.78,17.81420765027321,134029.0,96242065.0,6.79,41.72,58.762886597938135,-74.16107382550335,58.23689773642683,Neutral,0.09574185246216693,0.05306317797600415,Bullish,9.73591015,9.566564059999989,17.556086515000008,9.7165732356764,10.107260176276824,13.418065263880983,Mixed,8.522163483652356,10.949656816347645,Upper third,42.82843831691438,33.43132114274085,14.7285603997199,27.961885646676134,17.97720481135233,90.83620133183923,1.5299999999999994,10.30630377717169,0.8676326384237862,8.04854024511861,18.04739783208785,21.39639639639638,18.46153846153846,-51.155414589941095,0.33636363636363636,Buy,Buy,Buy,Neutral / mixed technical bias,6.804007759008748,14.755992240991251,36.88304490715446,Complete,https://www.nasdaq.com/market-activity/earnings?date=2026-09-14,https://www.tradingview.com/symbols/NASDAQ-BNR/,2026-09-03T23:50:37+00:00
2026-09-15,After hours,TCOM,Trip.com Group Limited,NASDAQ,Jun/2026,0.84,2.0,8/27/2025,0.9,-6.666666666666672,Forecast EPS broadly flat,27474038800.0,41.4,-5.111162044464827,6877985.0,28469702887.52228,38.04,78.99,8.832807570977907,-47.58830231674895,30.596945374032174,Neutral,-0.4575449970847387,-0.014001776332321636,Bearish,45.20549999999997,44.03199999999996,54.38717499999997,44.7309889538828,45.27289281855965,51.98661985761716,Negative / mixed,42.711158603957614,47.69984139604233,At/below lower band,4.7612917766062095,10.783550855004792,14.026251087338753,19.456609073515423,39.26326047200589,-298.1736867983049,-5.030000000000001,44.74943867627327,1.116368939938186,2.6965433331840245,3.499561866924163,-11.006018916595021,-13.750000000000002,-21.7687074829932,-0.5121212121212121,Strong Sell,Strong Sell,Neutral,Bearish technical bias,36.28415482923565,46.515845170764344,12.357113939044316,Complete,https://www.nasdaq.com/market-activity/earnings?date=2026-09-15,https://www.tradingview.com/symbols/NASDAQ-TCOM/,2026-09-03T23:50:37+00:00
2026-09-15,Pre-market,FPS,"Forgent Power Solutions, Inc.",NYSE,Jun/2026,0.22,1.0,N/A,,,Insufficient EPS comparison,8956298200.0,30.6,4.010876954452752,6854925.0,9315524199.585314,25.95,66.0,17.919075144508678,-53.63636363636364,35.54024887003206,Neutral,-2.638878491081673,-2.497080494417324,Bearish,34.19850000000002,38.98799999999999,,33.34812628878773,37.77213170113311,,Unavailable,27.331578491784583,41.06542150821545,Lower third,9.605349929080576,6.495801188235435,30.646085263724,17.410500387681648,29.414553998753867,-93.14283971696206,-2.759999999999998,34.013483229974966,2.1827015822547446,7.133011706714852,1.431198079355008,-19.218585005279834,-51.35135135135135,-7.413010590015117,-0.29370629370629375,Sell,Strong Sell,Buy,Neutral / mixed technical bias,20.597604779817754,40.602395220182245,32.68756607902695,Complete,https://www.nasdaq.com/market-activity/earnings?date=2026-09-15,https://www.tradingview.com/symbols/NYSE-FPS/,2026-09-03T23:50:37+00:00
2026-09-15,Pre-market,VRA,"Vera Bradley, Inc.",NASDAQ,Jul/2026,-0.08,1.0,9/11/2025,-0.02,-300.0,Forecast EPS decline,90433640.0,3.28,3.1446540880503036,117497.0,93277467.22012578,1.39,4.39,135.97122302158274,-25.284738041002274,46.922568347074765,Neutral,-0.07124086354659775,-0.09188532216571885,Bullish,3.2615000000000007,3.5514000000000006,3.192125,3.3011183508734585,3.4304905101381604,3.2797221880891385,Mixed,3.0347600608627614,3.48823993913724,Middle third,44.82431149097814,52.74188917599768,19.149623237413675,16.75271061961417,19.660248215126185,-7.442888725131914,0.23999999999999977,3.2691141397250143,0.15129258889065364,4.612578929593099,1.628002355467803,-7.605633802816902,0.923076923076917,26.640926640926644,0.045454545454545456,Neutral,Unavailable,Neutral,Neutral / mixed technical bias,2.5866902593227445,3.973309740677255,21.13749209381876,Complete,https://www.nasdaq.com/market-activity/earnings?date=2026-09-15,https://www.tradingview.com/symbols/NASDAQ-VRA/,2026-09-03T23:50:37+00:00
2026-09-15,Time not supplied,ESP,Espey Mfg. & Electronics Corp.,AMEX,Jun/2026,,2.0,N/A,1.05,,Insufficient EPS comparison,185747168.0,62.56,0.9032258064516167,15468.0,187424885.3651613,36.0001,74.77,73.77729506306927,-16.3300789086532,51.00031508308071,Neutral,0.32031726628486723,0.5814505427294383,Bearish,63.28299999999997,61.59359999999998,56.89779999999996,62.531003944849544,61.88299139500117,56.820413245681415,Positive / mixed,61.15018870970476,65.41581129029518,Middle third,16.191066825903714,16.429737624166957,17.699060836591133,12.607263338362321,15.837695758331574,-77.19349098551277,0.25,63.24846503604988,1.9604777426190778,3.133755982447375,0.5992747334490454,3.404958677685954,11.198009242801287,16.369047619047628,0.13333333333333333,Buy,Buy,Unavailable,Neutral / mixed technical bias,53.57596234617193,71.54403765382808,14.3606739990858,Complete,https://www.nasdaq.com/market-activity/earnings?date=2026-09-15,https://www.tradingview.com/symbols/AMEX-ESP/,2026-09-03T23:50:37+00:00
2026-09-15,Time not supplied,EPM,"Evolution Petroleum Corporation, Inc.",AMEX,Jun/2026,0.01,3.0,9/16/2025,0.03,-66.66666666666666,Forecast EPS decline,131935920.0,3.7,0.8174386920980995,302224.0,148757931.38964579,3.19,5.7,15.987460815047028,-35.08771929824561,52.38948160673736,Neutral,-0.02024884956111661,-0.04318835225718398,Bullish,3.6405000000000007,3.6875999999999967,4.068049999999982,3.638731338449271,3.7464182336325207,4.124788987380072,Mixed,3.373856042633701,3.9071439573663005,Middle third,67.70025839793281,67.18346253229974,12.702730682898627,26.136425624560175,26.227673603780627,37.08620889000379,0.15000000000000036,3.532009544675134,0.13244713800321434,3.579652378465252,0.4684709374223992,3.641456582633063,-17.960088691796,-18.141592920353972,0.11212121212121212,Buy,Buy,Neutral,Neutral / mixed technical bias,3.093050964520008,4.306949035479992,16.404027985945728,Complete,https://www.nasdaq.com/market-activity/earnings?date=2026-09-15,https://www.tradingview.com/symbols/AMEX-EPM/,2026-09-03T23:50:37+00:00
2026-09-16,After hours,ALMU,"Aeluma, Inc.",NASDAQ,Jun/2026,,2.0,N/A,-0.01,,Insufficient EPS comparison,235223552.0,12.83,-0.1556420233463002,313853.0,247178587.53540856,10.24,31.79,25.29296875,-59.64139666561812,35.38615242053402,Neutral,-1.2142004978151562,-0.9995664589555464,Bearish,15.33899999999999,16.437899999999996,17.730350000000016,14.61188574406616,16.46950700316593,17.417149224340974,Bearish alignment,11.130494802189176,19.547505197810803,Lower third,4.5533385548740055,3.6684162217727354,25.630021671610454,14.543144457637636,31.13713023101433,-92.42957846710549,-2.09,15.226782368404603,1.086341917925099,8.467201230904903,0.6426671630217129,-29.85237834882449,-51.346226772847935,-15.033112582781454,-0.35454545454545455,Sell,Strong Sell,Neutral,Bearish technical bias,7.851755930504729,17.80824406949527,38.80159056504498,Complete,https://www.nasdaq.com/market-activity/earnings?date=2026-09-16,https://www.tradingview.com/symbols/NASDAQ-ALMU/,2026-09-03T23:50:37+00:00
2026-09-16,Pre-market,LUXE,LuxExperience B.V.,NYSE,Jun/2026,-0.17,2.0,9/25/2025,5.3,-103.2075471698113,Forecast swing to loss,1036444350.0,7.6,,76777.0,1043188208.0,6.54,11.38,16.207951070336392,-33.21616871704746,44.04986034978548,Neutral,-0.09604394720776543,-0.07114141774182622,Bearish,7.751999999999995,7.882599999999999,8.324350000000004,7.75687926065226,7.841384078502831,8.115747972265352,Bearish alignment,7.408744992752805,8.095255007247186,Lower third,15.079365079365045,17.01728241029548,19.475099789724435,13.292433867771159,19.797512256252315,-90.15479624513598,-0.2600000000000007,7.792573376444818,0.36827348082282685,4.845703695037196,0.9982499388908824,-10.377358490566047,0.7957559681697561,-18.27956989247313,-0.4454545454545455,Sell,Strong Sell,Neutral,Bearish technical bias,5.912358897684528,9.287641102315472,22.205803977835156,Complete,https://www.nasdaq.com/market-activity/earnings?date=2026-09-16,https://www.tradingview.com/symbols/NYSE-LUXE/,2026-09-03T23:50:37+00:00
2026-09-16,Time not supplied,MANU,Manchester United Ltd.,NYSE,Jun/2026,,2.0,N/A,-0.04,,Insufficient EPS comparison,3662388990.0,20.92,-1.5065913370997963,396281.0,3607211742.926554,14.585,24.45,43.43503599588618,-14.437627811860931,32.853266458970026,Neutral,-0.3155287534728153,0.008272061067013795,Bearish,22.754999999999995,22.6208,18.95754999999998,22.464877690420607,22.31765059640663,19.836536007356393,Mixed,20.64480095725542,24.86519904274457,Lower third,3.6064326684619297,5.3957791475014965,22.57328589135809,16.367867554642533,32.414107685435496,-127.52417393835918,-3.099999999999998,22.72566197467819,0.6627949376159757,3.168235839464511,1.1622629755593383,-8.805579773321705,-6.773618538324418,18.863636363636363,-0.35757575757575755,Sell,Strong Sell,Sell,Neutral / mixed technical bias,17.88269202814126,23.957307971858743,14.518680553818081,Complete,https://www.nasdaq.com/market-activity/earnings?date=2026-09-16,https://www.tradingview.com/symbols/NYSE-MANU/,2026-09-03T23:50:37+00:00
2026-09-16,Time not supplied,CBRL,"Cracker Barrel Old Country Store, Inc.",NASDAQ,Jul/2026,0.2,3.0,9/17/2025,0.74,-72.97297297297298,Forecast EPS decline,1224860030.0,54.05,-1.3686131386861315,718504.0,1208096472.178832,24.85,60.26,117.50503018108648,-10.305343511450381,44.53762749291586,Neutral,0.11172713348968699,0.7861961534317499,Bearish,56.74600000000002,54.73239999999999,36.85872499999997,55.91819192345413,53.009776884854084,43.408180315469515,Mixed,53.51062892391229,59.981371076087754,Lower third,18.562557911858722,18.608617697108652,21.89433577170896,17.256373937494967,20.581937602529486,-145.42232564590034,-1.0800000000000054,56.66908820352763,2.397860125941545,4.436373961038936,0.9570036694925977,-5.473941937740473,63.787878787878775,79.4488711819389,-0.06666666666666667,Neutral,Sell,Unavailable,Neutral / mixed technical bias,43.06162446695652,65.03837553304346,20.330019487591994,Complete,https://www.nasdaq.com/market-activity/earnings?date=2026-09-16,https://www.tradingview.com/symbols/NASDAQ-CBRL/,2026-09-03T23:50:37+00:00
2026-09-16,Time not supplied,RZLT,"Rezolute, Inc.",NASDAQ,Jun/2026,-0.13,2.0,9/17/2025,-0.26,50.0,Forecast EPS growth,439093024.0,4.54,-0.4385964912280609,771932.0,437167163.4649123,1.07,11.4565,324.2990654205607,-60.371841312791865,43.275675864211365,Neutral,-0.034062260623898055,0.00454448839606989,Bearish,4.732500000000002,4.823400000000001,4.153300000000002,4.735221890608024,4.6551356398914265,4.518103095633885,Mixed,4.374792018540344,5.09020798145966,Lower third,8.575380359612737,11.670727308151584,17.258151226762457,21.84742900300651,19.430916793911894,-94.66567668242455,-0.1200000000000001,4.828474136279307,0.2778264820053927,6.119526035361074,0.469759832994188,-8.46774193548387,0.4424778761062049,49.3421052631579,-0.08787878787878788,Neutral,Sell,Neutral,Neutral / mixed technical bias,3.2668391161470014,5.813160883852999,28.043191274295125,Complete,https://www.nasdaq.com/market-activity/earnings?date=2026-09-16,https://www.tradingview.com/symbols/NASDAQ-RZLT/,2026-09-03T23:50:37+00:00
2026-09-16,Time not supplied,SANG,Sangoma Technologies Corporation,NASDAQ,Jun/2026,-0.06,1.0,9/17/2025,0.02,-400.0,Forecast swing to loss,125738040.0,3.75,-3.1007751937984525,10703.0,124795460.71428573,3.4,6.46,10.294117647058831,-41.95046439628483,37.4933535335403,Neutral,-0.04377942025728254,-0.01563781663248641,Bearish,3.98743,3.9647720000000026,4.3866659999999955,3.9464566647176205,3.962808606448878,4.3465077387975946,Negative / mixed,3.764437981308772,4.210422018691228,At/below lower band,20.400190645162297,31.067678601265712,30.12105310179689,16.09121626684071,41.72750568569809,-152.28894457942363,-0.33999999999999986,3.999708954914312,0.11651806233613039,3.1071483289634774,2.7202948278053087,-6.015037593984967,6.534090909090909,-19.527896995708158,-0.603030303030303,Strong Sell,Strong Sell,Sell,Bearish technical bias,3.2160471595150995,4.2839528404849005,14.23874241293068,Complete,https://www.nasdaq.com/market-activity/earnings?date=2026-09-16,https://www.tradingview.com/symbols/NASDAQ-SANG/,2026-09-03T23:50:37+00:00
2026-09-16,Time not supplied,HERE,Here Group Limited,NASDAQ,Jun/2026,,2.0,N/A,0.27,,Insufficient EPS comparison,101155384.0,1.89,1.612903225806441,30663.0,101155385.0,1.5,13.63,26.0,-86.13352898019076,51.879708653089104,Neutral,-0.012481094816286342,-0.020112536400341934,Bullish,1.8609999999999924,1.8926000000000014,3.423575000000004,1.8674856165411857,1.9795299767001118,3.316387294957491,Negative / mixed,1.810840255183329,1.911159744816656,Upper third,71.4367323621823,63.285649183314185,23.331547421167503,12.551678695310464,16.051886964110224,85.1629050671823,0.04999999999999982,1.8651031727473368,0.07061721694994952,3.7363606851825146,1.8721266034544866,2.162162162162152,-16.74008810572688,-55.10688836104514,0.203030303030303,Buy,Buy,Buy,Neutral / mixed technical bias,1.5663912579597377,2.213608742040262,17.12215566350594,Complete,https://www.nasdaq.com/market-activity/earnings?date=2026-09-16,https://www.tradingview.com/symbols/NASDAQ-HERE/,2026-09-03T23:50:37+00:00
2026-09-16,Time not supplied,DSWL,"Deswell Industries, Inc.",NASDAQ,Jun/2026,,2.0,N/A,,,Insufficient EPS comparison,49244240.0,3.08,-0.6451612903225812,5157.0,48926536.219354846,2.84,4.3972,8.450704225352123,-29.955426180296552,44.573157508218216,Neutral,-0.08172964474877054,-0.08598419913352746,Bullish,3.1219999999999986,3.348232,3.393949000000001,3.127847406097429,3.2520870750765485,3.3197324643022497,Bearish alignment,2.9409088627237763,3.303091137276221,Middle third,45.953436807095386,38.90426786949285,30.845121740074195,10.591720771274748,25.228718925941223,-49.38068836389008,-0.040000000000000036,3.0916345706216464,0.13221137922623918,4.292577247605169,0.45329489219193614,-6.097560975609748,-11.697247706422015,-6.66666666666666,-0.31212121212121213,Sell,Strong Sell,Neutral,Neutral / mixed technical bias,2.474131346961247,3.685868653038753,19.67106016359588,Complete,https://www.nasdaq.com/market-activity/earnings?date=2026-09-16,https://www.tradingview.com/symbols/NASDAQ-DSWL/,2026-09-03T23:50:37+00:00
2026-09-16,Time not supplied,YI,"111, Inc.",NASDAQ,Jun/2026,,2.0,N/A,-0.4,,Insufficient EPS comparison,30613436.0,3.33,-4.310344827586205,5626.0,30572200.0,2.48,11.17,34.2741935483871,-70.1880035810206,40.8868987274845,Neutral,-0.140435168874955,-0.12943088153215676,Bearish,3.623295000000001,3.807158100000004,5.112499525000007,3.5835727446071655,3.9381630063165605,5.102229123744366,Bearish alignment,3.2090408100393253,4.037549189960677,Lower third,43.908969210174014,38.367199312911644,22.177236988235414,20.231143482944002,30.519915033068614,-98.68034385213329,-0.17999999999999972,3.58650632493519,0.28134333051542554,8.448748664126892,0.40407377614341466,-9.264305177111712,-32.31707317073171,-53.75,-0.49090909090909096,Sell,Strong Sell,Sell,Bearish technical bias,2.0407228916420834,4.619277108357917,38.717030281018516,Complete,https://www.nasdaq.com/market-activity/earnings?date=2026-09-16,https://www.tradingview.com/symbols/NASDAQ-YI/,2026-09-03T23:50:37+00:00
2026-09-16,Time not supplied,PLUR,Pluri Inc.,NASDAQ,Jun/2026,,2.0,N/A,-2.62,,Insufficient EPS comparison,17529524.0,1.37,-3.521126760563368,14036.0,16912288.204225354,1.25,5.1735,9.600000000000009,-73.51889436551657,34.30730635570602,Neutral,-0.09559429954089649,-0.07872210839614871,Bearish,1.6123199999999962,1.742654,2.8319985000000036,1.576954700707315,1.7952141380697382,2.7527102770706766,Bearish alignment,1.348289959284858,1.8763500407151343,Lower third,13.554180733834905,13.448200620656971,19.22221260859544,13.059074149675155,30.50225851055276,-172.0862570765594,-0.3999999999999999,1.558658751294435,0.13691895574518503,9.994084360962411,0.35967517508411473,-15.692307692307686,-43.15352697095435,-58.61027190332326,-0.5121212121212121,Strong Sell,Strong Sell,Neutral,Bearish technical bias,0.742558521223381,1.9974414787766193,45.79864808588461,Complete,https://www.nasdaq.com/market-activity/earnings?date=2026-09-16,https://www.tradingview.com/symbols/NASDAQ-PLUR/,2026-09-03T23:50:37+00:00
2026-09-17,Pre-market,IPHA,Innate Pharma S.A.,NASDAQ,Jun/2026,,2.0,N/A,,,Insufficient EPS comparison,203524400.0,2.11,-2.7649769585253483,10891.0,232985010.17946,1.17,2.71,80.34188034188034,-22.14022140221402,50.94380739952376,Neutral,0.06398357295094215,0.08630233684892533,Bearish,2.1870000000000003,1.9460958999999987,1.7460439749999999,2.125337052292847,1.9940067563289374,1.834634866794969,Positive / mixed,1.879536180990355,2.4944638190096455,Middle third,29.621125143513197,25.37951269294554,22.354433585478667,29.028172494186304,22.01956297358926,-45.733620148785086,0.020000000000000018,2.2329296040062387,0.13901783855844088,6.588523154428478,0.40918534882759816,19.88636363636363,17.87709497206703,31.055900621117996,-0.024242424242424246,Neutral,Buy,Sell,Neutral / mixed technical bias,1.472940231856794,2.747059768143206,30.19240607313772,Complete,https://www.nasdaq.com/market-activity/earnings?date=2026-09-17,https://www.tradingview.com/symbols/NASDAQ-IPHA/,2026-09-03T23:50:37+00:00
2026-09-17,Time not supplied,LEN,Lennar Corporation,NYSE,Aug/2026,1.31,6.0,9/18/2025,2.0,-34.5,Forecast EPS decline,20134015000.0,84.45,1.0409188801148654,2137120.0,20299685846.123478,79.825,144.235,5.793924209207635,-41.44971747495407,46.84535669397254,Neutral,-0.47519276753750717,-0.13390988749649996,Bearish,86.07200000000006,85.9218,98.51479999999981,85.4998240427313,86.36815646321465,96.94631417715476,Negative / mixed,82.98983452748436,89.15416547251576,Lower third,12.412629549288996,9.840225393135109,8.101559534854964,23.355567729863164,21.42070371928587,-83.74915022055693,-0.9699999999999989,86.00990982341038,2.464260852160837,2.9180116662650524,0.8853944631359765,-1.4183155314305764,-6.695392774279087,-18.200309957380853,-0.3090909090909091,Sell,Strong Sell,Buy,Bearish technical bias,73.15733811285659,95.74266188714341,13.37200933942382,Complete,https://www.nasdaq.com/market-activity/earnings?date=2026-09-17,https://www.tradingview.com/symbols/NYSE-LEN/,2026-09-03T23:50:37+00:00
2026-09-17,Time not supplied,LEN.B,Lennar Corporation,NYSE,Aug/2026,,2.0,N/A,2.0,,Insufficient EPS comparison,20134015000.0,82.84,0.8399269628727909,66409.0,20259305445.560562,78.02,137.39,6.177903101768778,-39.704490865419594,46.86161492488147,Neutral,-0.43310271939874667,-0.0847298353040909,Bearish,84.50750000000008,84.25999999999998,94.07385000000005,83.93447195547807,84.64655021950531,93.39384900683014,Negative / mixed,81.39228652417765,87.62271347582251,Lower third,14.369773923815535,11.68171878122186,8.70545587043718,21.499939095378345,23.503622391656354,-99.60360556039407,-1.0,84.55521074069857,2.319944375329137,2.800512283110981,1.0424423751907224,-1.286939942802667,-6.2047101449275255,-15.348456979358263,-0.3090909090909091,Sell,Strong Sell,Buy,Bearish technical bias,72.20867929196719,93.47132070803282,12.833559522009672,Complete,https://www.nasdaq.com/market-activity/earnings?date=2026-09-17,https://www.tradingview.com/symbols/NYSE-LEN.B/,2026-09-03T23:50:37+00:00
2026-09-17,Time not supplied,SCHL,Scholastic Corporation,NASDAQ,Aug/2026,-3.4,2.0,9/18/2025,-2.52,-34.92063492063492,Forecast EPS decline,728057280.0,38.32,-0.18233915082052693,230169.0,726729723.580099,22.685,48.07,68.92219528322681,-20.28292074058664,34.17269360488447,Neutral,-1.1790377737270603,-1.03718359102967,Bearish,40.3775,42.92259999999998,37.553874999999906,40.13200839207372,41.436166910479834,37.865986980252174,Mixed,37.66243922719805,43.092560772801946,Lower third,6.633302274035727,5.495397435773083,21.54091072327486,13.063310811470267,22.13072262691529,-131.4466386772391,-1.6599999999999966,40.5072955568196,1.2834102246065566,3.34919160909853,0.8393512567349506,-8.696688110555156,-11.705069124423959,8.709219858156029,-0.17575757575757575,Sell,Strong Sell,Buy,Neutral / mixed technical bias,32.43867549806018,44.20132450193982,15.347924065604962,Complete,https://www.nasdaq.com/market-activity/earnings?date=2026-09-17,https://www.tradingview.com/symbols/NASDAQ-SCHL/,2026-09-03T23:50:37+00:00
2026-09-17,Time not supplied,ABAT,American Battery Technology Company,NASDAQ,Jun/2026,,2.0,N/A,-0.1,,Insufficient EPS comparison,380596192.0,2.72,-2.508960573476697,3558009.0,371047199.1971327,2.0,11.49,36.00000000000001,-76.3272410791993,56.33968154548723,Neutral,0.058729525544519934,0.02425277232939631,Bullish,2.5577500000000026,2.4997000000000007,3.327825000000002,2.5623114025603275,2.609871344047142,3.0216621691414103,Mixed,2.30894334815982,2.8065566518401854,Upper third,83.0900310485297,82.64902989956396,15.374742800553815,22.779903506658332,13.217312095474654,140.2501584281068,0.3900000000000001,2.569434096970237,0.16796450006622973,6.175165443611387,0.9710319363353992,24.77064220183486,-24.23398328690807,-17.073170731707304,0.13333333333333333,Buy,Buy,Unavailable,Neutral / mixed technical bias,1.9502899643810871,3.4897100356189132,28.298163074224735,Complete,https://www.nasdaq.com/market-activity/earnings?date=2026-09-17,https://www.tradingview.com/symbols/NASDAQ-ABAT/,2026-09-03T23:50:37+00:00
2026-09-17,Time not supplied,RSSS,"Research Solutions, Inc",NASDAQ,Jun/2026,0.03,1.0,9/18/2025,0.07,-57.14285714285715,Forecast EPS decline,72392048.0,2.2,,48066.0,73584573.0,2.0,4.12,10.000000000000009,-46.601941747572816,47.41774136214376,Neutral,-0.007615101172198546,-0.004932902495838326,Bearish,2.2187499999999964,2.2380999999999975,2.4834250000000035,2.216860084067679,2.2394362417603304,2.4645537022848933,Bearish alignment,2.1219060533637455,2.3155939466362474,Middle third,17.46031746031758,26.19047619047628,14.326093883960736,19.80498273888808,14.884236779867338,-21.01090723699779,,2.2247672932932963,0.07610259983426773,3.4592090833758053,2.396159444854334,-1.7857142857142871,-2.2222222222222143,-8.713692946058089,-0.4,Sell,Strong Sell,Unavailable,Bearish technical bias,1.8512540756765345,2.548745924323466,15.852087469248435,Complete,https://www.nasdaq.com/market-activity/earnings?date=2026-09-17,https://www.tradingview.com/symbols/NASDAQ-RSSS/,2026-09-03T23:50:37+00:00
2026-09-17,Time not supplied,IH,iHuman Inc.,NYSE,Jun/2026,,,N/A,0.08,,Insufficient EPS comparison,63891080.0,1.21,-3.200000000000003,3620.0,63891078.0,1.2,3.1643,0.8333333333333304,-61.76089498467275,42.11695583277318,Neutral,-0.03532373716683823,-0.03516865358010969,Bearish,1.2762849999999994,1.3450740000000008,1.7566558749999992,1.2732183561371204,1.3466279806832269,1.7037088949069727,Bearish alignment,1.1619305112380711,1.3906394887619278,Lower third,6.6666666666666705,7.1604938271604945,24.35660260807814,42.57311038169243,23.79513301076862,-79.5261796273306,-0.030000000000000027,1.3323124310067547,0.06972321209101706,5.762248933141906,0.1831603766424983,-10.37037037037038,-24.375000000000007,-37.628865979381445,-0.5575757575757576,Strong Sell,Strong Sell,Sell,Bearish technical bias,0.8904881028974541,1.5295118971025459,26.405941909301315,Complete,https://www.nasdaq.com/market-activity/earnings?date=2026-09-17,https://www.tradingview.com/symbols/NYSE-IH/,2026-09-03T23:50:37+00:00
2026-09-18,Time not supplied,TRT,Trio-Tech International,AMEX,Jun/2026,,,N/A,0.02,,Insufficient EPS comparison,106182288.0,10.35,-1.428571428571432,101355.0,106588952.57142857,2.56,21.38,304.296875,-51.59027128157157,47.17269986741368,Neutral,-0.16213440722292738,-0.09098631426103776,Bearish,10.804500000000003,10.6002,8.50867150000001,10.541555382259522,10.722739705557695,8.840412656798748,Mixed,9.634944956404382,11.974055043595623,Lower third,25.068517261321077,18.556448478383356,9.931510373380007,22.010765281917934,19.389252385505273,-51.755099804957055,-0.7900000000000009,10.962407558399535,0.7612045994923106,7.354633811519909,0.7189383928210431,-1.1461318051576026,-15.163934426229506,93.82022471910112,-0.13333333333333333,Sell,Sell,Unavailable,Neutral / mixed technical bias,6.861722303477943,13.838277696522056,33.703166149971565,Complete,https://www.nasdaq.com/market-activity/earnings?date=2026-09-18,https://www.tradingview.com/symbols/AMEX-TRT/,2026-09-03T23:50:37+00:00
2026-09-21,After hours,ABVX,Abivax SA,NASDAQ,Jun/2026,-1.08,2.0,9/08/2025,-0.86,-25.581395348837223,Forecast EPS decline,9563380700.0,114.035,2.660244868563196,1111818.0,9772084267.42422,69.81,148.83,63.35052284772955,-23.379023046428816,42.07702518002286,Neutral,-3.277975162983523,-2.757682385515858,Bearish,118.66550000000007,124.705,119.40237499999994,117.55768928618106,120.00848864267819,110.32349386007161,Negative / mixed,107.87292806371242,129.4580719362877,Lower third,18.966292563866517,13.385912564477772,19.34140482134497,15.04274055686649,25.323504180646598,-76.82452164977313,-4.159999999999997,118.12204489068132,4.482112258822045,3.9304706965598672,1.1393830952227233,-8.779297656187511,8.418900931736061,2.96613995485327,-0.3333333333333333,Sell,Strong Sell,Unavailable,Bearish technical bias,93.49538130065848,134.57461869934153,18.011679483791397,Complete,https://www.nasdaq.com/market-activity/earnings?date=2026-09-21,https://www.tradingview.com/symbols/NASDAQ-ABVX/,2026-09-03T23:50:37+00:00
2026-09-21,Time not supplied,KEP,Korea Electric Power Corporation,NYSE,Jun/2026,0.33,1.0,9/15/2025,0.63,-47.61904761904761,Forecast EPS decline,14893567000.0,12.0,3.448275862068969,1597287.0,14684927650.451462,11.155,23.41,7.575078440161365,-48.73985476292183,53.3826881364138,Neutral,-0.06493709242309542,-0.10584301331802212,Bullish,11.73949999999996,11.904600000000022,15.433299999999988,11.760395581243154,12.08443472315311,13.725546714503475,Mixed,10.986918442955547,12.492081557044374,Upper third,46.20334620334625,39.93849656192713,10.608741241821114,38.83105571961595,31.107239978933055,49.50616318533151,0.7699999999999996,11.737302236046533,0.32396639843582214,2.6997199869651847,1.9313496523409326,-3.225806451612906,-3.6918138041733615,-26.51561543172075,0.22424242424242424,Buy,Buy,Buy,Neutral / mixed technical bias,10.515399456545621,13.484600543454379,12.37167119545315,Complete,https://www.nasdaq.com/market-activity/earnings?date=2026-09-21,https://www.tradingview.com/symbols/NYSE-KEP/,2026-09-03T23:50:37+00:00
2026-09-21,Time not supplied,RLGT,"Radiant Logistics, Inc.",AMEX,Jun/2026,,2.0,N/A,0.11,,Insufficient EPS comparison,383083040.0,8.41,2.8117359413202987,210723.0,393854317.35207826,5.78,9.675,45.501730103806224,-13.074935400516797,44.898503581136865,Neutral,-0.09167802151616478,-0.07802988314833359,Bearish,8.533,8.843,7.766500000000002,8.536437620112983,8.63863555544914,7.9528689176593454,Mixed,8.2015727832539,8.8644272167461,Lower third,16.732908280306514,21.366541522668914,16.536817038755707,23.891472621633703,24.356978271195707,-109.00774681431116,-0.2400000000000002,8.507770248701588,0.26268173651818655,3.123445142903526,1.4829528300758146,-0.11876484560569818,-1.8669778296382746,17.45810055865922,-0.2212121212121212,Sell,Strong Sell,Neutral,Neutral / mixed technical bias,7.206241058722965,9.613758941277036,14.313423796397567,Complete,https://www.nasdaq.com/market-activity/earnings?date=2026-09-21,https://www.tradingview.com/symbols/AMEX-RLGT/,2026-09-03T23:50:37+00:00
2026-09-21,Time not supplied,VALU,"Value Line, Inc.",NASDAQ,Jul/2026,,2.0,N/A,0.69,,Insufficient EPS comparison,357420288.0,38.1,0.02625360987135209,1278.0,357464628.7372014,32.0,41.18,19.062500000000004,-7.479358912093248,52.87929948718516,Neutral,0.19503527527578512,0.07013176170140886,Bullish,37.47975000000013,37.92219999999986,36.50777100000003,37.450054231911295,37.122690533459746,36.914050300026965,Positive / mixed,35.39576229611092,39.563737703889345,Middle third,58.10805181821976,51.896212281419764,29.73232498878597,39.827198658570026,14.264738242685036,87.53931163753393,0.20000000000000284,38.04688616909446,1.5174120758562,3.98270886051496,0.36818299674454785,16.26487641135184,18.54387056627256,5.132450331125826,0.4454545454545455,Buy,Strong Buy,Neutral,Bullish technical bias,31.146344301948893,45.05365569805111,18.251064824281123,Complete,https://www.nasdaq.com/market-activity/earnings?date=2026-09-21,https://www.tradingview.com/symbols/NASDAQ-VALU/,2026-09-03T23:50:37+00:00
2026-09-21,Time not supplied,MSB,Mesabi Trust,NYSE,Jul/2026,,2.0,N/A,0.36,,Insufficient EPS comparison,323014656.0,23.5,-4.549147034930955,24213.0,308320231.9455727,21.6,42.38,8.79629629629628,-44.54931571495989,48.626805641549716,Neutral,0.15868568252315995,0.018567961903443765,Bullish,23.522499999999983,23.76679999999998,29.660299999999975,23.65178117145592,24.047487633949867,27.44537713032586,Bearish alignment,22.46607442287553,24.578925577124437,Middle third,64.01605591888996,77.13587221009628,17.969180699787938,19.548748063646162,15.996599398590536,77.66531653359377,0.3500000000000014,23.3842677699528,1.0105946327137092,4.300402692398762,0.6992742426911647,5.7130004498425535,-9.055727554179567,-22.621007573263093,-0.3333333333333333,Sell,Strong Sell,Unavailable,Neutral / mixed technical bias,18.868873598673332,28.131126401326668,19.706920856709225,Complete,https://www.nasdaq.com/market-activity/earnings?date=2026-09-21,https://www.tradingview.com/symbols/NYSE-MSB/,2026-09-03T23:50:37+00:00
2026-09-21,Time not supplied,USAU,U.S. Gold Corp.,NASDAQ,Jul/2026,-0.23,1.0,9/15/2025,-0.15,-53.33333333333334,Forecast EPS decline,266401744.0,16.47,2.171215880893287,144409.0,272185888.7121588,12.225,23.75,34.7239263803681,-30.652631578947375,59.36836995125637,Neutral,0.3720531592536567,0.35939831451743354,Bullish,15.696499999999995,14.996500000000001,16.536699999999996,15.650159244574628,15.324370078381387,15.440963766179289,Mixed,14.477085796375867,16.915914203624123,Upper third,51.49342891278372,45.55953803265631,22.43237556504048,31.955821112522965,16.662286104637097,84.4912947174997,-0.10999999999999943,15.71506854102873,0.7476605849423873,4.539529963220324,0.7035826397418539,15.33613445378151,5.780346820809239,-6.949152542372884,0.4454545454545455,Buy,Strong Buy,Neutral,Neutral / mixed technical bias,13.043788775366549,19.896211224633447,20.802739675977232,Complete,https://www.nasdaq.com/market-activity/earnings?date=2026-09-21,https://www.tradingview.com/symbols/NASDAQ-USAU/,2026-09-03T23:50:37+00:00
2026-09-21,Time not supplied,ISPR,Ispire Technology Inc.,NASDAQ,Jun/2026,-0.02,1.0,9/15/2025,-0.26,92.3076923076923,Forecast EPS growth,88969064.0,1.52,-1.9354838709677438,22523.0,87247077.21290322,1.01,3.87,50.495049504950494,-60.72351421188631,49.36273014868565,Neutral,-0.030767356105509736,-0.03403274093050275,Bullish,1.5384999999999986,1.5302000000000016,2.0610250000000003,1.5150873842874324,1.570009927789619,2.0141007037366507,Negative / mixed,1.332755012211681,1.7442449877883164,Middle third,40.614957931650586,33.84624273859841,16.511511397479957,23.85765189538133,13.128247960225838,-18.391195549185255,0.010000000000000009,1.5317575596527808,0.15108895899424324,9.940063091726529,1.5825048304935887,-3.184713375796181,-8.982035928143707,-19.14893617021276,-0.2,Sell,Sell,Unavailable,Neutral / mixed technical bias,0.8276234087368014,2.2123765912631987,45.55109153047359,Complete,https://www.nasdaq.com/market-activity/earnings?date=2026-09-21,https://www.tradingview.com/symbols/NASDAQ-ISPR/,2026-09-03T23:50:37+00:00
2026-09-21,Time not supplied,CSBR,"Champions Oncology, Inc.",NASDAQ,Jul/2026,,2.0,N/A,-0.03,,Insufficient EPS comparison,71680640.0,5.28,2.524271844660192,11813.0,73358046.01165049,4.83,8.74,9.316770186335411,-39.58810068649885,52.670023276642745,Neutral,-0.11607048068781722,-0.17180152463732465,Bullish,5.043004999999998,5.5288239999999975,6.093047999999999,5.134630321214984,5.4122506256735665,6.00612325887237,Negative / mixed,4.846814577450701,5.239195422549296,At/above upper band,52.30573710965871,39.792581579868745,16.769480604355444,27.633567616026042,15.62861545473863,238.54863455985068,0.10000000000000053,5.058503578027885,0.24836896548877826,4.703957679711709,2.1940121095055907,-5.798394290811777,-6.878306878306874,-10.35653650254668,0.06666666666666667,Neutral,Buy,Unavailable,Neutral / mixed technical bias,4.1418304153698,6.418169584630201,21.556242133147748,Complete,https://www.nasdaq.com/market-activity/earnings?date=2026-09-21,https://www.tradingview.com/symbols/NASDAQ-CSBR/,2026-09-03T23:50:37+00:00
2026-09-21,Time not supplied,HYFT,MindWalk Holdings Corp.,NASDAQ,Jul/2026,-0.05,1.0,9/15/2025,-0.07,28.571428571428577,Forecast EPS growth,62360340.0,1.33,-0.37453183520598454,88711.0,62493106.5093633,0.99,2.99,34.34343434343434,-55.51839464882944,45.959050537575685,Neutral,-0.013892229689206337,-0.00989000077262655,Bearish,1.369749999999999,1.4115000000000009,1.5201999999999996,1.3683025469034,1.3972612279441017,1.4441717700109613,Bearish alignment,1.2822014420449634,1.4572985579550344,Lower third,28.666666666666675,31.999999999999996,11.672433231848853,16.86883030157003,22.312528316922588,-50.36021376480923,-0.040000000000000036,1.3700060154219065,0.08987732836892201,6.757693862324962,1.1710265606581225,-2.9197080291970825,-27.3224043715847,14.655172413793117,-0.4,Sell,Strong Sell,Unavailable,Bearish technical bias,0.918130339489013,1.7418696605109871,30.967643647442628,Complete,https://www.nasdaq.com/market-activity/earnings?date=2026-09-21,https://www.tradingview.com/symbols/NASDAQ-HYFT/,2026-09-03T23:50:37+00:00
2026-09-21,Time not supplied,OPTT,"Ocean Power Technologies, Inc.",AMEX,Jul/2026,0.03,1.0,9/15/2025,-0.04,175.00000000000003,Forecast turnaround to profit,45086168.0,0.1943,16.417016177351712,12533092.0,52487971.49430797,0.1307,0.72,48.66105585309868,-73.01388888888889,53.349717625887955,Neutral,-0.006643560458521575,-0.00755385995810502,Bullish,0.1869800000000001,0.1993580000000004,0.3406995000000005,0.1835820748897667,0.20878088440534845,0.3208107306804542,Negative / mixed,0.16335462381252408,0.2106053761874761,Middle third,25.77777777777776,17.248677248677197,23.386895586118964,22.67279579153483,21.222512764731434,-4.818808302360018,0.0058,0.18904705733407542,0.016058470621958164,8.264781586185364,3.571799831343204,5.655247417074492,-38.99529042386185,-52.73656044757967,0.1575757575757576,Buy,Buy,Buy,Neutral / mixed technical bias,0.12071084282965212,0.2678891571703479,37.87398722097163,Complete,https://www.nasdaq.com/market-activity/earnings?date=2026-09-21,https://www.tradingview.com/symbols/AMEX-OPTT/,2026-09-03T23:50:37+00:00
2026-09-21,Time not supplied,PMCB,"PharmaCyte  Biotech, Inc.",NASDAQ,Jul/2026,,2.0,N/A,-0.09,,Insufficient EPS comparison,5160626.0,0.4913,2.205117536925317,137096.0,5274423.868941127,0.4702,1.51,4.487452148022131,-67.4635761589404,32.036040864786585,Neutral,-0.030979690055344733,-0.030585101803538257,Bearish,0.5300900000000002,0.6064800000000005,0.7347347499999988,0.5320269805608414,0.5920277821508717,0.7512154085103553,Bearish alignment,0.47921061714211577,0.5809693828578846,Lower third,13.845000839191187,13.788925587163346,46.13649437358341,9.772975961007802,22.045984562854596,-119.07453529279209,-0.022999999999999965,0.5296654469954432,0.03603132633058681,7.33387468564763,1.8545131862304802,-14.675234456408468,-32.698630136986296,-24.589409056024554,-0.35454545454545455,Sell,Strong Sell,Neutral,Bearish technical bias,0.3261837197004305,0.6564162802995696,33.60803588430073,Complete,https://www.nasdaq.com/market-activity/earnings?date=2026-09-21,https://www.tradingview.com/symbols/NASDAQ-PMCB/,2026-09-03T23:50:37+00:00
2026-09-21,Time not supplied,YYAI,AiRWA Inc.,NASDAQ,Jul/2026,,2.0,N/A,,,Insufficient EPS comparison,3792007.0,0.8328,0.616165277274374,136890.0,3815372.0304458137,0.7603,118000.0,9.535709588320396,-99.99929423728814,26.53568456896086,Oversold,-18.800811140124562,-24.880063995627882,Bullish,1.1551300000001785,70.81225200003303,532.6316656045956,11.188769997308617,89.61030618202174,31417.384799753225,Bearish alignment,0.6200793478136623,1.6901806521866947,Lower third,7.887695031081474,6.0001609660769475,30.482231947728756,23.005206347303172,42.74872146450336,-99.66429379113113,-0.35719999999999996,1.4058151025119372,4.784808050077699,574.5446746010687,0.18840133710035098,-63.6013986013986,-99.49770808202653,-99.8959,-0.26363636363636367,Sell,Strong Sell,Buy,Neutral / mixed technical bias,0.0,22.75954507531511,2632.894461493169,Complete,https://www.nasdaq.com/market-activity/earnings?date=2026-09-21,https://www.tradingview.com/symbols/NASDAQ-YYAI/,2026-09-03T23:50:37+00:00
2026-09-22,After hours,WOR,"Worthington Enterprises, Inc.",NYSE,Aug/2026,0.76,2.0,9/23/2025,0.74,2.7027027027027053,Forecast EPS broadly flat,2913100800.0,61.27,2.9056096741686326,345530.0,2997744133.517803,45.01,66.47,36.125305487669415,-7.8230780803369875,67.35514377920185,Neutral,0.6215729379759409,0.3636156692639438,Bullish,57.68150000000001,56.303999999999995,55.00440000000001,57.7736337225345,56.99330939518253,55.69563415426752,Bullish alignment,55.46311973503295,59.89988026496707,At/above upper band,67.12211390249853,52.06563852117202,18.764571154919814,28.38637726875936,18.485584068290763,313.7341442809854,4.880000000000003,57.91334418978071,1.6115159020945862,2.6301875340208682,1.3785198575400484,7.604495960660355,6.31615478049627,20.3969345647475,0.5575757575757576,Strong Buy,Strong Buy,Buy,Bullish technical bias,53.88510639502652,68.6548936049735,12.053033466579869,Complete,https://www.nasdaq.com/market-activity/earnings?date=2026-09-22,https://www.tradingview.com/symbols/NYSE-WOR/,2026-09-03T23:50:37+00:00
2026-09-22,Pre-market,AZO,"AutoZone, Inc.",NYSE,Aug/2026,54.97,11.0,9/23/2025,48.71,12.851570519400529,Forecast EPS growth,47907082000.0,2968.04,1.142265174543025,282917.0,48454308548.99919,2902.2,4388.11,2.2686238026324856,-32.36176850625896,45.73633742648126,Neutral,-25.060700889096097,-20.465073453107927,Bearish,3011.4100000000076,3037.8493999999996,3385.8006499999988,2997.392326209081,3049.90373461082,3320.4414237690958,Bearish alignment,2908.772325241527,3114.047674758488,Lower third,20.49682174472559,23.696308717562022,10.257351149007311,19.315804218372193,21.909265164621566,-69.6291161786873,6.050000000000182,3004.558313777502,74.32207645848942,2.5040793405240303,0.9568671299532825,-0.032334119232065896,-4.256774193548388,-21.19480657409129,-0.4,Sell,Strong Sell,Unavailable,Bearish technical bias,2627.4534588226766,3308.6265411773234,11.475133124126469,Complete,https://www.nasdaq.com/market-activity/earnings?date=2026-09-22,https://www.tradingview.com/symbols/NYSE-AZO/,2026-09-03T23:50:37+00:00
2026-09-22,Pre-market,MLKN,"MillerKnoll, Inc.",NASDAQ,Aug/2026,0.35,3.0,9/23/2025,0.45,-22.22222222222223,Forecast EPS decline,1536527620.0,22.39,0.15656452695146564,702193.0,1525279259.2681725,13.7733,24.71,62.56089680759149,-9.38891137191421,46.181765313760884,Neutral,0.06586008153108835,0.31980800366344714,Bearish,23.259750000000004,22.268,18.676325000000016,22.875191491493133,21.82545467214793,19.451700811171726,Positive / mixed,22.024580072419337,24.49491992758067,Lower third,16.911720454374457,15.68406173725019,19.265510591625464,18.142370610014435,23.869631315063863,-137.72296680725964,-0.370000000000001,23.193996046291407,0.7858025099187494,3.509613711115451,1.3099322846681736,-7.746188710341982,51.28378378378378,14.468302658486717,0.09090909090909091,Neutral,Unavailable,Buy,Neutral / mixed technical bias,18.789000517011043,25.990999482988958,16.083070491241433,Complete,https://www.nasdaq.com/market-activity/earnings?date=2026-09-22,https://www.tradingview.com/symbols/NASDAQ-MLKN/,2026-09-03T23:50:37+00:00
2026-09-22,Time not supplied,AIR,AAR Corp.,NYSE,Aug/2026,,,9/23/2025,1.08,,Insufficient EPS comparison,4986862600.0,125.66,1.4450633728909277,250589.0,5058925777.793655,73.05,154.0,72.01916495550992,-18.402597402597408,38.39508065738719,Neutral,-3.3982430755461337,-1.3276612972115425,Bearish,137.90400000000008,138.09279999999998,113.83815000000008,134.61209007284356,134.5529317239486,116.25980756591184,Mixed,121.43776375731434,154.37023624268582,Lower third,4.953104477025542,4.157768517202197,17.453787601201892,16.07992283603185,29.296553771346538,-130.52685626097815,-6.72999999999999,140.58952530714313,5.418171515408415,4.311771061123997,0.8866919947588754,-13.931506849315072,9.986870897155358,15.794323626981202,-0.08484848484848484,Neutral,Strong Sell,Buy,Neutral / mixed technical bias,100.83081890238735,150.48918109761266,19.75901726692078,Complete,https://www.nasdaq.com/market-activity/earnings?date=2026-09-22,https://www.tradingview.com/symbols/NYSE-AIR/,2026-09-03T23:50:37+00:00
2026-09-22,Time not supplied,AYTU,"Aytu BioPharma, Inc. ",NASDAQ,Jun/2026,-0.22,1.0,9/23/2025,-0.26,15.384615384615389,Forecast EPS growth,24471714.0,2.285,0.2192982456140499,20139.0,24525379.03728071,1.6501,3.065,38.47645597236533,-25.448613376835226,50.17774551438804,Neutral,0.005765026304773713,0.017140527239034996,Bearish,2.323275000000001,2.240110000000002,2.3819980000000025,2.289127306844727,2.273806860930751,2.3013689078182087,Mixed,2.2260219923346005,2.4205280076654017,Lower third,27.68967168381039,26.117819693928382,18.399545077175745,11.29827803981666,19.36320481651092,-67.09307388555747,0.0050000000000003375,2.3345919737694976,0.07527435377950074,3.294282441116006,0.9171391488489651,1.1061946902655027,7.2769953051643315,-7.862903225806446,-0.08787878787878788,Neutral,Sell,Neutral,Neutral / mixed technical bias,1.9400495759165528,2.6299504240834475,15.096298646978004,Complete,https://www.nasdaq.com/market-activity/earnings?date=2026-09-22,https://www.tradingview.com/symbols/NASDAQ-AYTU/,2026-09-03T23:50:37+00:00
2026-09-22,Time not supplied,NAII,"Natural Alternatives International, Inc.",NASDAQ,Jun/2026,,1.0,N/A,-0.17,,Insufficient EPS comparison,13303485.0,2.12,,24217.0,13303485.000000002,2.0,4.96,6.000000000000005,-57.258064516129025,45.494654654499946,Neutral,-0.040529736473232436,-0.04414156801856744,Bullish,2.149494999999999,2.2459219999999993,2.855198999999991,2.16376750862602,2.2596339915283257,2.7150431981753194,Bearish alignment,1.972604689637856,2.3263853103621424,Middle third,24.591464382040304,25.120313078428268,19.95745313122812,23.86871206536591,12.886020935391379,-33.55454830188344,0.050000000000000266,2.1854221731143038,0.15749590392104834,7.429052071747563,0.8176695219991155,-7.423580786026197,-15.199999999999994,-22.34432234432234,-0.4,Sell,Strong Sell,Unavailable,Neutral / mixed technical bias,1.3982630986363038,2.8417369013636966,34.04419346055171,Complete,https://www.nasdaq.com/market-activity/earnings?date=2026-09-22,https://www.tradingview.com/symbols/NASDAQ-NAII/,2026-09-03T23:50:37+00:00
2026-09-23,Pre-market,GIS,"General Mills, Inc.",NYSE,Aug/2026,0.71,6.0,9/17/2025,0.86,-17.44186046511628,Forecast EPS decline,21695264800.0,39.26,-3.2528339083292273,12926581.0,20989555769.230656,31.75,51.33,23.6535433070866,-23.514513929475946,51.23236370988606,Neutral,0.945543202208917,0.9976323631286658,Bearish,39.44500000000001,37.743199999999945,39.949349999999924,39.49619413651068,38.053598111029366,40.26395993664905,Mixed,36.78515413980368,42.104845860196335,Middle third,58.18584070796458,72.90422159978723,23.513379208426446,23.803462876659296,25.955122128886156,-4.232264147271177,-0.3500000000000014,39.47761214067193,1.1731923693189705,2.9882638036652334,1.5755133522106923,10.157126823793483,20.83718067097567,-9.95412844036698,-0.1575757575757576,Sell,Sell,Sell,Neutral / mixed technical bias,33.883757162851225,44.63624283714877,13.693945076792588,Complete,https://www.nasdaq.com/market-activity/earnings?date=2026-09-23,https://www.tradingview.com/symbols/NYSE-GIS/,2026-09-03T23:50:37+00:00
2026-09-23,Time not supplied,CTAS,Cintas Corporation,NASDAQ,Aug/2026,1.35,8.0,9/24/2025,,,Insufficient EPS comparison,79269585000.0,201.05,1.4942702811853237,1210802.0,80454087678.86719,161.16,219.165,24.7517994539588,-8.265462094768772,49.81208442830664,Neutral,0.8062162117983291,1.7813731928730494,Bearish,202.5110000000002,196.6491999999997,186.76037499999967,202.00082703260614,196.97580807379168,190.3565751578702,Positive / mixed,197.479447953193,207.5425520468074,Middle third,30.97184377838337,38.61136340700378,19.968863861301724,23.10014961380889,24.30528153958553,-81.5756862230377,-2.469999999999999,202.43342731379605,3.8730537827635465,1.9264132219664492,0.6884780645496589,-1.0872773787267438,10.795767662294722,-1.8981165219088447,0.11212121212121212,Buy,Buy,Neutral,Neutral / mixed technical bias,183.30143786985101,218.798562130149,8.82793440942502,Complete,https://www.nasdaq.com/market-activity/earnings?date=2026-09-23,https://www.tradingview.com/symbols/NASDAQ-CTAS/,2026-09-03T23:50:37+00:00
2026-09-23,Time not supplied,UEC,Uranium Energy Corp.,AMEX,Jul/2026,-0.04,1.0,9/24/2025,,,Insufficient EPS comparison,5750416900.0,11.51,-0.9466437177280502,7857208.0,5695980986.228055,8.905,20.34,29.253228523301523,-43.411996066863324,49.07307935121023,Neutral,0.3580293341816603,0.4666405541014445,Bearish,11.870999999999999,10.792200000000001,13.264100000000001,11.769342968402288,11.490777959883474,12.160514037338553,Mixed,10.30048543464264,13.441514565357357,Middle third,31.06295149638801,38.76848985208119,20.050593586658824,22.69673380638332,22.99319446698363,-29.471730552993577,0.35999999999999943,12.039896375481902,0.6892390211781512,5.988175683563433,0.789998038982581,12.074001947419672,-16.473149492017413,-13.197586726998493,-0.2,Sell,Sell,Unavailable,Neutral / mixed technical bias,8.35151001353385,14.668489986466149,27.441268344623364,Complete,https://www.nasdaq.com/market-activity/earnings?date=2026-09-23,https://www.tradingview.com/symbols/AMEX-UEC/,2026-09-03T23:50:37+00:00
2026-09-23,Time not supplied,THO,"Thor Industries, Inc.",NYSE,Jul/2026,0.95,6.0,9/24/2025,,,Insufficient EPS comparison,3941263620.0,75.78,0.09245806366399074,638567.0,3944907392.8022723,69.71,122.83,8.707502510400245,-38.30497435479931,44.583872060331814,Neutral,-0.4500156740975285,0.050862483548978266,Bearish,78.14500000000018,76.95060000000011,88.66875000000003,77.27527853401826,77.39858287191431,84.64197167335254,Negative / mixed,74.6689533950326,81.62104660496776,Lower third,17.057673509286438,14.225218475504287,14.299086891834776,17.502800530323217,19.829803976489316,-108.55103027222523,-2.9599999999999937,78.2059159697053,2.4554940486388657,3.2402930174701314,1.3272115498728734,-3.3541640096926355,0.5039787798408427,-14.758155230596179,-0.26363636363636367,Sell,Strong Sell,Buy,Bearish technical bias,64.52751265359882,87.03248734640118,14.848888026393741,Complete,https://www.nasdaq.com/market-activity/earnings?date=2026-09-23,https://www.tradingview.com/symbols/NYSE-THO/,2026-09-03T23:50:37+00:00
2026-09-23,Time not supplied,KBH,KB Home,NYSE,Aug/2026,0.88,6.0,9/24/2025,,,Insufficient EPS comparison,3193010690.0,52.31,0.44162826420891704,695404.0,3207111917.642089,44.025,68.71,18.81885292447474,-23.86843254257022,39.60207357496933,Neutral,-0.9770164632050111,-0.5621549600273398,Bearish,55.24950000000001,56.72479999999999,56.50182500000003,54.77598798156901,55.31944133520796,56.319339351023224,Negative / mixed,51.754106030791576,58.74489396920845,Lower third,2.241145237299861,4.049217270342197,12.89807151288074,19.49334238112095,25.07134762587344,-140.28351132443677,-2.1499999999999986,55.30518805780172,1.7215874017198123,3.2911248360156993,0.8733365383118002,-7.48142907675981,1.199458309150715,-9.43559556786703,-0.35454545454545455,Sell,Strong Sell,Neutral,Bearish technical bias,44.42069541613662,60.19930458386339,15.081828682591066,Complete,https://www.nasdaq.com/market-activity/earnings?date=2026-09-23,https://www.tradingview.com/symbols/NYSE-KBH/,2026-09-03T23:50:37+00:00
2026-09-23,Time not supplied,FUL,H. B. Fuller Company,NYSE,Aug/2026,1.46,3.0,9/24/2025,,,Insufficient EPS comparison,2899679230.0,53.67,-0.4451864218141252,566408.0,2886770326.457986,48.71,68.63,10.182714021761452,-21.79804750109281,34.96523297339593,Neutral,-1.2069671281347922,-0.49150190380778613,Bearish,58.617499999999986,57.802799999999905,60.1169499999999,57.12898504198036,58.217239514475594,59.72054432604588,Negative / mixed,52.75030688914983,64.48469311085013,Lower third,5.93647033010719,3.6903981852378975,20.3571135388151,16.04188020973223,32.3064524681957,-137.68906284267675,-5.489999999999995,58.942303461991074,1.8894749235005261,3.52054205981093,1.0401861730651416,-6.5145445044417265,-11.009782788923893,-10.995024875621883,-0.26363636363636367,Sell,Strong Sell,Buy,Bearish technical bias,45.011338139337944,62.32866186066206,16.133150476359337,Complete,https://www.nasdaq.com/market-activity/earnings?date=2026-09-23,https://www.tradingview.com/symbols/NYSE-FUL/,2026-09-03T23:50:37+00:00
2026-09-23,Time not supplied,WS,"Worthington Steel, Inc.",NYSE,Aug/2026,1.16,1.0,9/24/2025,,,Insufficient EPS comparison,1835097220.0,35.99,-0.08328706274292375,267578.0,1833568773.4669628,27.22,49.17,32.21895664952241,-26.804962375432172,52.02408634718873,Neutral,-0.44445521636664154,-0.48053940086941643,Bullish,35.89600000000003,35.398,37.21339999999997,35.42475104938081,36.124343967729004,36.173291644542594,Mixed,32.36885724700737,39.42314275299269,Middle third,39.794859514687076,27.92179500175884,21.12543774589746,19.66208898576484,15.227498193393986,-1.6092806809900457,2.039999999999999,35.583933478284386,1.7101874006143716,4.751840512960188,0.9252354513262279,-2.2276555283890254,-14.836725035494547,-5.289473684210521,0.1575757575757576,Buy,Buy,Buy,Neutral / mixed technical bias,28.152936784124876,43.82706321587513,21.77566884099785,Complete,https://www.nasdaq.com/market-activity/earnings?date=2026-09-23,https://www.tradingview.com/symbols/NYSE-WS/,2026-09-03T23:50:37+00:00
2026-09-23,Time not supplied,SFIX,"Stitch Fix, Inc.",NASDAQ,Jul/2026,-0.06,4.0,9/24/2025,,,Insufficient EPS comparison,412285888.0,3.07,-0.647249190938512,1120172.0,409617348.0744336,2.95,5.94,4.067796610169472,-48.316498316498325,35.48248780460368,Neutral,-0.2054510569182315,-0.18529550190243776,Bearish,3.377249999999999,3.7121999999999997,3.9632250000000027,3.3401820827796764,3.567474102747128,3.8568123953627897,Bearish alignment,2.7590471611193994,3.995452838880599,Lower third,8.8696506524527,9.478029629213285,27.770482648698092,15.831842007296578,29.950089617710347,-82.84394330905971,-0.27,3.365357815334403,0.16825268390120476,5.480543449550644,0.7202364893450943,-25.845410628019323,-16.12021857923498,-2.539682539682542,-0.49090909090909096,Sell,Strong Sell,Sell,Bearish technical bias,2.298969340143251,3.8410306598567487,25.11500520706022,Complete,https://www.nasdaq.com/market-activity/earnings?date=2026-09-23,https://www.tradingview.com/symbols/NASDAQ-SFIX/,2026-09-03T23:50:37+00:00
2026-09-24,After hours,COST,Costco Wholesale Corporation,NASDAQ,Aug/2026,6.51,11.0,9/25/2025,5.87,10.902896081771715,Forecast EPS growth,411761213000.0,925.41,-0.33064794072032244,2172556.0,410399726923.78265,844.06,1096.5,9.63794043077506,-15.603283173734617,41.165326670308936,Neutral,-4.122830755806376,-1.0191464321317654,Bearish,948.7952500000005,944.1034999999999,960.24665,945.0963537915725,951.4356412444062,961.077036078369,Negative / mixed,925.1153620199873,972.4751379800136,Lower third,18.911360042464644,25.55897743100749,11.993678778111349,22.48247257352598,31.11482868367444,-171.58922850404215,-8.100000000000023,947.3192182258078,17.500546305494307,1.8911127290059875,1.1214245094803996,-2.0730158730158763,-5.32890025575448,-4.301425535545321,-0.4212121212121212,Sell,Strong Sell,Neutral,Bearish technical bias,845.2124218519925,1005.6075781480074,8.666167228364447,Complete,https://www.nasdaq.com/market-activity/earnings?date=2026-09-24,https://www.tradingview.com/symbols/NASDAQ-COST/,2026-09-03T23:50:37+00:00
2026-09-24,Pre-market,DRI,"Darden Restaurants, Inc.",NYSE,Aug/2026,2.05,9.0,9/18/2025,1.97,4.060913705583748,Forecast EPS broadly flat,25100574700.0,218.04,-0.9044221242557875,853881.0,24756644270.45639,169.0,229.7625,29.017751479289934,-5.102007507752571,52.95812545271813,Neutral,2.03365683312623,2.970572705645563,Bearish,219.6149999999994,209.54039999999975,201.04890000000026,216.68252966427715,211.9020445807918,203.3011328856938,Positive / mixed,211.02589643786283,228.204103562136,Middle third,40.7672871425766,31.987551002431747,26.02416488340505,30.012803440159942,18.04205821916758,-10.142324454042217,0.09000000000000341,219.8278219147809,5.822122428067028,2.670208415000472,0.9424320054779044,6.600176004693458,11.821119031745209,7.024002356059492,0.35757575757575755,Buy,Strong Buy,Buy,Neutral / mixed technical bias,191.35968326808273,244.72031673191725,12.236432183047718,Complete,https://www.nasdaq.com/market-activity/earnings?date=2026-09-24,https://www.tradingview.com/symbols/NYSE-DRI/,2026-09-03T23:50:37+00:00
2026-09-24,Pre-market,BB,BlackBerry Limited,NYSE,Aug/2026,0.03,2.0,9/25/2025,0.03,0.0,Forecast EPS broadly flat,4445530600.0,7.7,1.182654402102495,8278933.0,4512973555.588237,3.1201,13.59,146.78696195634754,-43.34069168506255,39.28484617306031,Neutral,-0.3235304015242697,-0.29841684920168376,Bearish,8.3305,9.288199999999998,5.971849999999997,8.237043838745956,8.521719910313305,6.7479927456835815,Mixed,7.354129680909975,9.306870319090027,Lower third,8.108284409654283,17.12844768141991,15.790175626011498,19.85246388277549,26.089584619241453,-107.34746131700882,-0.4400000000000004,8.38442317832653,0.43866059561120624,5.6968908520935875,0.9049212758572909,-11.595866819747425,-23.495747555838168,120.0,-0.28787878787878785,Sell,Strong Sell,Neutral,Neutral / mixed technical bias,5.689804616217234,9.710195383782766,26.106433555620335,Complete,https://www.nasdaq.com/market-activity/earnings?date=2026-09-24,https://www.tradingview.com/symbols/NYSE-BB/,2026-09-03T23:50:37+00:00
2026-09-24,Time not supplied,JBL,Jabil Inc.,NYSE,Aug/2026,3.86,4.0,9/25/2025,3.12,23.71794871794871,Forecast EPS growth,31372206100.0,305.92,2.1811015731988475,1134472.0,32056467066.232544,189.6,428.9322,61.35021097046416,-28.678704932854192,42.1343442713801,Neutral,-8.993486807616705,-6.260370838355933,Bearish,327.1540000000001,328.3990000000001,292.2737000000001,317.32949773142633,326.83490356408055,297.32714392487946,Mixed,276.9785408989655,377.32945910103473,Lower third,10.446770217835125,7.355738145418601,23.28454781707638,17.12574785249681,30.843963130199217,-77.01966192023616,-10.729999999999961,329.0698987570305,13.452175782833146,4.3972854938654375,1.3152694670482377,-7.102729950502562,-17.166684717859845,24.865306122448988,-0.2212121212121212,Sell,Strong Sell,Neutral,Neutral / mixed technical bias,244.2743862133153,367.56561378668476,20.15089362796964,Complete,https://www.nasdaq.com/market-activity/earnings?date=2026-09-24,https://www.tradingview.com/symbols/NYSE-JBL/,2026-09-03T23:50:37+00:00
2026-09-24,Time not supplied,SNX,TD SYNNEX Corporation,NYSE,Aug/2026,4.38,5.0,9/25/2025,3.47,26.224783861671458,Forecast EPS growth,20234360800.0,262.53,3.742195526752537,564381.0,20991569873.95744,142.22,296.47,84.5942905357896,-11.448038587378162,57.69388532607684,Neutral,0.4411624217148358,-0.031116874165152797,Bullish,254.45999999999998,253.1717999999997,204.15256000000005,254.49825644880238,252.718615044266,215.5640222978118,Bullish alignment,245.3082154745613,263.6117845254387,Upper third,57.047918852745624,47.48746648012118,9.410344060333271,23.799322795750413,18.047097454575916,63.44610920548058,11.759999999999962,255.26097035588984,7.7815864202550715,2.9640751229402627,1.3084823064933186,1.543281503829176,-3.2290169191640117,71.252446183953,0.5575757575757576,Strong Buy,Strong Buy,Buy,Bullish technical bias,226.87029120234067,298.1897087976593,13.583098616409291,Complete,https://www.nasdaq.com/market-activity/earnings?date=2026-09-24,https://www.tradingview.com/symbols/NYSE-SNX/,2026-09-03T23:50:37+00:00
2026-09-24,Time not supplied,KMX,CarMax Inc,NYSE,Aug/2026,0.68,7.0,9/25/2025,0.64,6.250000000000005,Forecast EPS broadly flat,8717598700.0,62.64,1.9697216343805972,1587854.0,8889310536.168,30.26,65.28,107.00594844679445,-4.044117647058821,61.193126160907084,Neutral,1.4225810027636925,1.5734957252415926,Bearish,60.69449999999997,57.609199999999966,46.123899999999956,60.78630153164106,57.381053535498715,51.11463614477171,Bullish alignment,56.709490715190846,64.6795092848091,Upper third,55.29265255292652,52.60827452608274,25.595461460947742,28.80326883506164,19.115014191121407,63.71914291516432,1.5900000000000034,60.68519959178796,1.8402724744138403,2.9378551634959136,0.9748365295010631,7.131862493586458,33.276595744680854,52.445850571915294,0.4212121212121212,Buy,Strong Buy,Neutral,Neutral / mixed technical bias,54.20681208665489,71.07318791334511,13.462943667536889,Complete,https://www.nasdaq.com/market-activity/earnings?date=2026-09-24,https://www.tradingview.com/symbols/NYSE-KMX/,2026-09-03T23:50:37+00:00
2026-09-24,Time not supplied,CNXC,Concentrix Corporation,NASDAQ,Aug/2026,2.4,1.0,9/25/2025,2.46,-2.4390243902439046,Forecast EPS broadly flat,1975164030.0,32.85,1.4828544949027,1085207.0,2004452814.244671,19.12,57.875,71.80962343096233,-43.23974082073434,76.73302759488719,Overbought,1.8642590295657193,1.0984723712994737,Bullish,26.998499999999996,25.245899999999995,30.641824999999976,27.994002521044028,26.44443105092283,31.076700157069716,Positive / mixed,21.274441038039452,32.72255896196054,At/above upper band,88.25591586327782,90.194794605538,24.07531618761459,34.11619696766638,9.288550394581366,175.6956903084688,7.650000000000002,27.4003735198935,1.8524885685940216,5.639234607592151,0.8504831703851946,34.63114754098362,15.061295971978986,-3.439153439153444,0.4454545454545455,Buy,Strong Buy,Neutral,Neutral / mixed technical bias,24.360830910377505,41.3391690896225,25.842219450905617,Complete,https://www.nasdaq.com/market-activity/earnings?date=2026-09-24,https://www.tradingview.com/symbols/NASDAQ-CNXC/,2026-09-03T23:50:37+00:00
2026-09-24,Time not supplied,TBN,Tamboran Resources Corporation,NYSE,Jun/2026,-0.25,2.0,9/25/2025,-0.59,57.6271186440678,Forecast EPS growth,1343714690.0,39.05,1.297016861219196,229157.0,1361142822.149157,19.55,52.21,99.74424552429666,-25.20589925301667,63.37541714084856,Neutral,1.2346561562116776,1.167548809412337,Bullish,37.30249999999997,34.346999999999994,32.064299999999974,37.16371778064367,35.6181547574135,32.225920110128634,Bullish alignment,34.69630833398423,39.908691666015706,Upper third,53.642413124857875,57.576040150813334,35.84459122905054,32.91002426264435,9.390372580503046,125.57282518377085,1.0799999999999983,37.75165502170408,1.5976200967170513,4.091216636919466,1.786916258062906,21.27329192546582,10.341904492794566,27.11588541666666,0.5363636363636364,Strong Buy,Strong Buy,Buy,Bullish technical bias,31.72878497501144,46.37121502498856,18.748309923146113,Complete,https://www.nasdaq.com/market-activity/earnings?date=2026-09-24,https://www.tradingview.com/symbols/NYSE-TBN/,2026-09-03T23:50:37+00:00
2026-09-24,Time not supplied,LPTH,"LightPath Technologies, Inc.",NASDAQ,Jun/2026,-0.02,1.0,9/25/2025,-0.07,71.42857142857143,Forecast EPS growth,599010940.0,9.64,1.0482180293501198,2485993.0,639718126.1467506,5.17,18.94,86.46034816247582,-49.10242872228089,37.65098827315744,Neutral,-0.6490991246770541,-0.13563838793112842,Bearish,12.718499999999995,12.372100000000005,11.875775000000003,11.91401010110012,12.455592292990662,11.417293811095375,Negative / mixed,9.268779576545363,16.168220423454628,Lower third,6.464985556493882,3.9813823763205662,19.535726891200017,17.708703133680647,34.117484452111604,-160.2663245095608,-3.379999999999999,12.338182129889251,1.1687599107509488,12.12406546422146,0.6451492103790009,-20.72368421052631,-42.102102102102094,-11.478420569329659,-0.2181818181818182,Sell,Strong Sell,Buy,Bearish technical bias,4.284069239753946,14.995930760246054,55.55944772039475,Complete,https://www.nasdaq.com/market-activity/earnings?date=2026-09-24,https://www.tradingview.com/symbols/NASDAQ-LPTH/,2026-09-03T23:50:37+00:00
2026-09-24,Time not supplied,LGCY,Legacy Education Inc.,AMEX,Jun/2026,0.12,1.0,9/25/2025,0.09,33.33333333333333,Forecast EPS growth,136388976.0,10.75,-0.27829313543598666,20665.0,136009400.8812616,7.943,14.7,35.339292458768725,-26.870748299319725,44.53927364985116,Neutral,-0.17065140250178423,-0.22168366383058127,Bullish,10.737500000000008,11.387000000000002,11.408199999999997,10.898828115387715,11.196939494566342,11.200019216513338,Negative / mixed,10.16682058036123,11.308179419638785,Middle third,45.882352941176485,50.98039215686274,22.217802440698723,19.942811905990506,19.54068017448723,8.159513773022454,0.23000000000000043,10.824837976465181,0.43491784168657943,4.045747364526321,0.5862743985474353,-10.788381742738594,-3.6738351254480297,-22.494592645998555,-0.28787878787878785,Sell,Strong Sell,Neutral,Neutral / mixed technical bias,8.75695606938443,12.74304393061557,18.53994354060996,Complete,https://www.nasdaq.com/market-activity/earnings?date=2026-09-24,https://www.tradingview.com/symbols/AMEX-LGCY/,2026-09-03T23:50:37+00:00
2026-09-24,Time not supplied,PZG,Paramount Gold Nevada Corp.,AMEX,Jun/2026,,2.0,N/A,-0.04,,Insufficient EPS comparison,120955976.0,1.43,1.4184397163120581,410621.0,122671668.67375886,0.95,2.71,50.526315789473685,-47.232472324723254,51.7666324696534,Neutral,0.03238908447863187,0.05756536186425363,Bearish,1.4889999999999997,1.2927999999999995,1.5033999999999998,1.4307300713218778,1.3710922297301187,1.3566223012148984,Mixed,1.3636365284462977,1.6143634715537016,Lower third,20.689655172413758,12.189774552104451,31.636093695746997,28.31637132154839,18.879681553311286,-64.20884645802857,-0.1200000000000001,1.5040928155261692,0.08777240421790967,6.137930364888788,0.6077943492522114,20.269133725820005,7.5187969924811915,-39.662447257383974,0.11212121212121212,Buy,Buy,Neutral,Neutral / mixed technical bias,1.0277763137431677,1.8322236862568322,28.127530507470794,Complete,https://www.nasdaq.com/market-activity/earnings?date=2026-09-24,https://www.tradingview.com/symbols/AMEX-PZG/,2026-09-03T23:50:37+00:00
2026-09-24,Time not supplied,RAVE,"Rave Restaurant Group, Inc.",NASDAQ,Jun/2026,,2.0,N/A,0.06,,Insufficient EPS comparison,43913740.0,3.05,-1.294498381877024,21805.0,43345275.37216829,2.25,3.75,35.55555555555554,-18.666666666666675,41.846604028093864,Neutral,-0.017294157762624884,-0.01900436532989797,Bullish,3.0910000000000037,3.182600000000001,2.9860999999999955,3.1066146912133608,3.114188920410284,2.991376371258255,Mixed,3.02060113637367,3.1613988636263377,Lower third,45.09803921568621,59.47712418300652,9.512045527065961,16.397867510800076,19.010798272123225,-82.22884427437677,-0.050000000000000266,3.0812213406735744,0.10798290060970171,3.5404229708098924,1.2655032123642653,-4.984423676012465,8.156028368794328,8.348134991119,-0.31212121212121213,Sell,Strong Sell,Neutral,Neutral / mixed technical bias,2.555160184195149,3.544839815804851,16.224256255896762,Complete,https://www.nasdaq.com/market-activity/earnings?date=2026-09-24,https://www.tradingview.com/symbols/NASDAQ-RAVE/,2026-09-03T23:50:37+00:00
2026-09-24,Time not supplied,ASTC,Astrotech Corporation,NASDAQ,Jun/2026,,2.0,N/A,-1.75,,Insufficient EPS comparison,14932318.0,7.18,1.3408609738884933,31400.0,15132538.611150317,1.915,68.85,274.9347258485639,-89.57153231663035,42.03479238694762,Neutral,-0.49501454218021834,-0.5220591285152131,Bullish,7.864749999999999,8.250100000000002,6.650628999999993,7.585271198142608,8.69186543946641,7.779117095828374,Mixed,6.165286923025495,9.564213076974504,Lower third,13.686046620702593,11.467735576664714,25.661968828887815,25.517038638514663,15.314191474251656,-66.87521236393917,-0.3799999999999999,8.659957070052808,0.8953949546712744,12.470681819934185,0.7419028627054409,1.988636363636359,-82.48780487804878,193.06122448979588,-0.17575757575757575,Sell,Strong Sell,Buy,Neutral / mixed technical bias,3.0767848433373315,11.283215156662667,57.14784340755805,Complete,https://www.nasdaq.com/market-activity/earnings?date=2026-09-24,https://www.tradingview.com/symbols/NASDAQ-ASTC/,2026-09-03T23:50:37+00:00
2026-09-24,Time not supplied,BTOC,Armlogi Holding Corp.,NASDAQ,Jun/2026,,2.0,N/A,-0.13,,Insufficient EPS comparison,13451151.0,0.30515,3.0912162162162136,14959.0,13866955.160979727,0.225,1.45,35.6222222222222,-78.95517241379311,59.167185611956974,Neutral,0.006446100954236367,0.004726874874188188,Bullish,0.29000250000000005,0.28064700000000004,0.3675733150000001,0.28928148834213124,0.2866263646931292,0.5116444600756579,Mixed,0.2722333560982859,0.3077716439017142,Upper third,75.67796610169488,74.64023379176325,19.419148350355027,12.376828523318983,8.642082852278934,168.81554195971347,0.02464999999999995,0.2877025858318698,0.026263511363822316,8.606754502317653,0.5195576518314242,20.13779527559054,-9.073301549463658,15.982516153553773,0.35757575757575755,Buy,Strong Buy,Buy,Neutral / mixed technical bias,0.18479547115995132,0.42550452884004863,39.44110399477262,Complete,https://www.nasdaq.com/market-activity/earnings?date=2026-09-24,https://www.tradingview.com/symbols/NASDAQ-BTOC/,2026-09-03T23:50:37+00:00
2026-09-25,After hours,IVA,Inventiva S.A.,NASDAQ,Jun/2026,-0.2,1.0,N/A,,,Insufficient EPS comparison,1148321790.0,4.84,-0.4115226337448655,1041889.0,1118245065.61278,3.35,7.9825,44.47761194029849,-39.367366113373,57.46760300739773,Neutral,0.08091493952500528,0.081373934494218,Bearish,4.72725,4.475400000000005,5.068199999999998,4.712073793314535,4.614129989298771,4.766785351246166,Mixed,4.5638035255811005,4.890696474418899,Upper third,64.10239435065651,57.766376107984804,13.820928945179725,25.943982442041456,16.03650010157052,143.23089479263956,0.1899999999999995,4.7391998625793885,0.23037980463083185,4.75991331881884,1.3718600216624237,13.882352941176467,15.23809523809523,-20.78559738134207,0.35454545454545455,Buy,Strong Buy,Neutral,Neutral / mixed technical bias,3.7842671066900753,5.8957328933099244,21.812663084915805,Complete,https://www.nasdaq.com/market-activity/earnings?date=2026-09-25,https://www.tradingview.com/symbols/NASDAQ-IVA/,2026-09-03T23:50:37+00:00
2026-09-25,Time not supplied,LITS,"Lite Strategy, Inc.",NASDAQ,Jun/2026,,1.0,N/A,,,Insufficient EPS comparison,33157954.0,1.04,,2486695.0,35386207.0,0.6888,4.445,50.987224157955865,-76.6029246344207,61.03466698473144,Neutral,0.020618879665421974,0.011478878016594246,Bullish,0.9565250000000001,0.9622340000000006,1.171122999999998,0.9808411619462952,0.9718464488474542,1.3580645743695798,Mixed,0.8383364916753768,1.0747135083246233,Upper third,71.62872138446147,64.50240173982233,17.859011119231877,22.701924490983092,15.461472598430307,108.8869187089691,0.09660000000000002,1.001932229150209,0.06291495658582716,6.049515056329534,13.164388159385396,4.944500504540872,26.67478684531061,-6.306306306306311,0.3787878787878788,Buy,Strong Buy,Neutral,Neutral / mixed technical bias,0.7516874491005867,1.3283125508994134,27.722360663405134,Complete,https://www.nasdaq.com/market-activity/earnings?date=2026-09-25,https://www.tradingview.com/symbols/NASDAQ-LITS/,2026-09-03T23:50:37+00:00
2026-09-25,Time not supplied,DTSS,Datasea Intelligent Technology Ltd.,NASDAQ,Jun/2026,,1.0,N/A,,,Insufficient EPS comparison,9520421.0,0.67,1.5151515151515165,1602.0,9679592.53030303,0.58,2.5,15.517241379310365,-73.2,40.428798534613904,Neutral,-0.032010300593315666,-0.026799604506148343,Bearish,0.71876505,0.76428802,0.9142595549999997,0.7136616300122877,0.7607343751575224,1.0354021961866802,Bearish alignment,0.6430299730924682,0.7945001269075318,Lower third,22.370917818363115,17.227702886456644,26.35952788502432,25.002224692088582,15.967019756505332,-113.06696397722213,-0.0675,0.7244243922377506,0.06610312159857097,9.866137552025519,0.07485806406392374,-13.992297817715016,-25.563826241528716,-24.72755870126952,-0.4454545454545455,Sell,Strong Sell,Neutral,Bearish technical bias,0.36707744160167827,0.9729225583983219,45.21232214900325,Complete,https://www.nasdaq.com/market-activity/earnings?date=2026-09-25,https://www.tradingview.com/symbols/NASDAQ-DTSS/,2026-09-03T23:50:37+00:00
2026-09-25,Time not supplied,MITQ,"Moving iMage Technologies, Inc.",AMEX,Jun/2026,,1.0,N/A,-0.02,,Insufficient EPS comparison,5855291.0,0.589,,9598.0,5855292.0,0.4201,1.66,40.20471316353249,-64.51807228915662,56.366499500142794,Neutral,0.011013155323065793,0.006066637227870021,Bullish,0.5624920000000004,0.5630308000000003,0.6201493150000001,0.570645215322001,0.5685702192142392,0.6209508353850921,Mixed,0.5097795283827516,0.6152044716172492,Upper third,52.9819512598692,69.23169753519093,27.60876175762209,24.385926713729592,16.241583934318108,48.30706879174157,0.04899999999999993,0.5660755828328653,0.03283463156270105,5.574640333225984,0.3389890370705244,12.190476190476181,-4.6925566343042115,10.881024096385534,0.26666666666666666,Buy,Strong Buy,Unavailable,Neutral / mixed technical bias,0.43853281544793626,0.7394671845520637,25.546211299161918,Complete,https://www.nasdaq.com/market-activity/earnings?date=2026-09-25,https://www.tradingview.com/symbols/AMEX-MITQ/,2026-09-03T23:50:37+00:00
2026-09-28,Time not supplied,EBF,"Ennis, Inc.",NYSE,Aug/2026,,2.0,N/A,0.51,,Insufficient EPS comparison,533540544.0,21.3,0.995732574679947,133292.0,538853179.9857752,16.3,22.94,30.67484662576687,-7.149084568439412,41.964382157293294,Neutral,-0.13981296569294344,-0.031156963461684447,Bearish,21.790999999999976,21.63460000000004,20.33669999999996,21.5970025058758,21.527814651761542,20.596818227473296,Mixed,20.911707102263534,22.670292897736417,Lower third,9.428336197021766,7.956799928074813,17.04488726144159,20.47555282613446,21.384259885951067,-104.15867975286517,-0.8499999999999979,21.824238247873087,0.4035320627640712,1.8945167265918834,0.8214965199861206,-2.7841168416248263,3.3478893740902538,1.2357414448669277,0.003030303030303022,Neutral,Sell,Buy,Neutral / mixed technical bias,19.450783777041973,23.149216222958028,8.681766304967265,Complete,https://www.nasdaq.com/market-activity/earnings?date=2026-09-28,https://www.tradingview.com/symbols/NYSE-EBF/,2026-09-03T23:50:37+00:00
2026-09-28,Time not supplied,BNTC,Benitec Biopharma Inc.,NASDAQ,Jun/2026,-0.25,2.0,9/22/2025,-0.42,40.476190476190474,Forecast EPS growth,442483808.0,12.44,-3.416149068322991,62607.0,427367941.1149068,9.85,16.76,26.29441624365483,-25.775656324582354,47.437206502791504,Neutral,-0.011331430592187886,0.06382021401895803,Bearish,12.886000000000015,12.686400000000015,12.105825000000012,12.68536297769689,12.542538835954586,12.317419802864755,Mixed,11.972273563916236,13.799726436083795,Lower third,36.64652878834647,31.991788057405163,12.252344206429267,21.079839892146676,19.06776610762804,-47.33829607231419,-0.5700000000000003,12.729927923963606,0.8118653890804808,6.526249108363993,0.39979948402257937,1.2205044751830787,13.503649635036483,19.157088122605366,-0.22424242424242424,Sell,Sell,Sell,Neutral / mixed technical bias,8.719565400423921,16.160434599576078,29.907030543216063,Complete,https://www.nasdaq.com/market-activity/earnings?date=2026-09-28,https://www.tradingview.com/symbols/NASDAQ-BNTC/,2026-09-03T23:50:37+00:00
2026-09-28,Time not supplied,AIAI,AIAI Holdings Corporation,NASDAQ,Jun/2026,,2.0,N/A,,,Insufficient EPS comparison,261452224.0,4.2,13.513513513513512,384317.0,328703587.4594594,3.3501,19.57,25.369391958449008,-78.53857945835463,42.34866146533561,Neutral,-0.8586617897304922,-0.9341798586540816,Bullish,4.738749999999996,7.2387,,4.749119925453396,7.256482274104738,,Unavailable,2.9639545892554127,6.513545410744579,Middle third,8.954389650969384,5.605281853159366,21.410901094690388,21.84083190463141,23.69975438534155,-67.27084475303003,-0.33000000000000007,5.877642359861729,0.9586958775697825,22.82609232309006,0.2132004459314744,-19.23076923076923,-66.37309847878302,-65.0,-0.13636363636363638,Sell,Strong Sell,Buy,Neutral / mixed technical bias,0.0,8.593296427405644,104.60229589061059,Complete,https://www.nasdaq.com/market-activity/earnings?date=2026-09-28,https://www.tradingview.com/symbols/NASDAQ-AIAI/,2026-09-03T23:50:37+00:00
2026-09-28,Time not supplied,PBM,Psyence Biomedical Ltd.,NASDAQ,Jun/2026,,2.0,N/A,,,Insufficient EPS comparison,16668613.0,4.43,1.3729977116704717,21419.0,16897472.675057206,1.92,34.625,130.72916666666666,-87.2057761732852,65.29630960798931,Neutral,0.2828900555379259,0.26589997597045584,Bullish,4.000999999999974,3.4298000000000197,4.760836749995591,4.038413299843942,3.769013587237793,78.40918849306377,Mixed,3.1969129400364045,4.805087059963543,Upper third,63.03868403046769,62.239733046324204,50.713097835604174,32.72724731428713,7.966651059198797,76.82585344752383,0.49999999999999956,4.249848024857793,0.31224953259415716,7.048522180455015,0.5531152273895202,40.63492063492063,18.766756032171575,74.40944881889763,0.46969696969696967,Buy,Strong Buy,Buy,Neutral / mixed technical bias,2.999092881172694,5.860907118827305,32.30038642951029,Complete,https://www.nasdaq.com/market-activity/earnings?date=2026-09-28,https://www.tradingview.com/symbols/NASDAQ-PBM/,2026-09-03T23:50:37+00:00
2026-09-28,Time not supplied,NCPL,Netcapital Inc.,NASDAQ,Jul/2026,,2.0,N/A,-1.27,,Insufficient EPS comparison,8083336.0,0.6286,-38.970873786407765,8508589.0,4933189.329708738,0.2065,2.75,204.406779661017,-77.14181818181818,55.03442297215424,Neutral,0.09348396492365885,0.03630773383908483,Bullish,0.4560799999999999,0.45630000000000015,0.6172959999999997,0.5376291269225416,0.5028490940163858,0.9273343832621614,Positive / mixed,0.021239930089232917,0.8909200699107669,Upper third,67.42167623708963,67.82202859904966,44.662635635989055,41.20962874670927,18.5069715211634,87.50490348169562,0.3951,0.612412894002365,0.17352120980886418,27.604392269943396,0.1037907108537951,46.52680652680654,-37.762376237623755,35.182795698924735,0.2212121212121212,Buy,Strong Buy,Neutral,Bullish technical bias,0.0,1.423774078629434,126.49921709026945,Complete,https://www.nasdaq.com/market-activity/earnings?date=2026-09-28,https://www.tradingview.com/symbols/NASDAQ-NCPL/,2026-09-03T23:50:37+00:00
2026-09-28,Time not supplied,INM,InMed Pharmaceuticals Inc.,NASDAQ,Jun/2026,,2.0,N/A,,,Insufficient EPS comparison,4473985.0,1.33,-1.4814814814814827,45539.0,4407703.740740741,0.575,2.4999,131.304347826087,-46.79787191487659,38.626212714666046,Neutral,-0.04662679030962247,-0.034290548221029046,Bearish,1.433500000000001,1.5211999999999994,1.1795835049999999,1.4265969951637818,1.4476031000702876,1.508972384211516,Mixed,1.2979603379080964,1.5690396620919058,Lower third,9.523809523809534,6.798029556650246,19.156713105680666,16.12978933133997,18.615752366981305,-121.20624649035875,-0.25,1.43268287202718,0.1051189910830566,7.9036835400794425,0.5449758561059819,-9.523809523809517,-13.0718954248366,51.13636363636365,-0.2212121212121212,Sell,Strong Sell,Neutral,Neutral / mixed technical bias,0.8482842663845053,1.811715733615495,36.21922809139059,Complete,https://www.nasdaq.com/market-activity/earnings?date=2026-09-28,https://www.tradingview.com/symbols/NASDAQ-INM/,2026-09-03T23:50:37+00:00
2026-09-28,Time not supplied,MSS,Maison Solutions Inc.,NASDAQ,Jul/2026,0.57,2.0,9/22/2025,2.0,-71.50000000000001,Forecast EPS decline,1248795.0,1.48,1.3698630136986314,194457.0,1265901.780821918,1.24,197.995,19.354838709677423,-99.25250637642364,41.60153493095787,Neutral,-0.16873869671702568,-0.22614057678084348,Bullish,1.4957499999999961,2.1200099999999993,9.403890000000048,1.5872395666827144,2.3270288017045635,11.941623112648733,Bearish alignment,1.258531219119348,1.7329687808806442,Middle third,7.777777777777775,9.382716049382715,35.725847155053216,41.044616686408524,16.3142610182246,-29.04736180837611,-0.1100000000000001,1.7330891279244973,0.3049116873330883,20.602141036019482,0.04470196220642045,2.0689655172413812,-74.70085470085469,-87.01754385964912,-0.26363636363636367,Sell,Strong Sell,Buy,Neutral / mixed technical bias,0.0827191125194151,2.877280887480585,94.4108707757152,Complete,https://www.nasdaq.com/market-activity/earnings?date=2026-09-28,https://www.tradingview.com/symbols/NASDAQ-MSS/,2026-09-03T23:50:37+00:00
2026-09-29,Time not supplied,PAYX,"Paychex, Inc.",NASDAQ,Aug/2026,1.33,6.0,9/30/2025,1.22,9.01639344262296,Forecast EPS broadly flat,44104675000.0,125.08,0.8709677419354824,2932541.0,44488812295.23709,85.45,138.19,46.37799882972497,-9.48693827339171,59.044937439524105,Neutral,2.8101715150315982,3.220675685706639,Bearish,123.50625000000005,115.87369999999997,103.97177499999992,123.12733526436686,116.73741561690665,110.42917022714913,Bullish alignment,118.38094135075474,128.63155864924536,Middle third,67.64912280701752,76.68658935474275,32.35327122389647,28.426548085910106,17.726573182468094,51.217476593826966,2.1700000000000017,123.42941877970827,3.0189088405852584,2.41358237974517,1.4156343220268415,8.200692041522496,25.41234270817667,28.195141949369688,0.3787878787878788,Buy,Strong Buy,Neutral,Neutral / mixed technical bias,111.24562172184667,138.91437827815332,11.060423951193892,Complete,https://www.nasdaq.com/market-activity/earnings?date=2026-09-29,https://www.tradingview.com/symbols/NASDAQ-PAYX/,2026-09-03T23:50:37+00:00
2026-09-29,Time not supplied,LW,"Lamb Weston Holdings, Inc.",NYSE,Aug/2026,0.58,5.0,9/30/2025,0.74,-21.621621621621625,Forecast EPS decline,7205379600.0,50.44,-3.7588246517840087,1278380.0,6934542531.193285,37.62,67.07,34.07761828814462,-24.79499030863277,39.55283821396133,Neutral,0.5856959379795583,1.1386000259676006,Bearish,53.36450000000008,50.35939999999995,47.122500000000066,52.99421489494649,50.83802175558481,49.13471563053983,Positive / mixed,50.78423276578451,55.94476723421565,At/below lower band,11.432411674347167,34.00138565814381,19.164211811807082,16.838801160677033,27.87906283781913,-169.14986550037676,-3.030000000000001,53.47359649641465,1.5328077361757282,3.038873386549818,0.9283962466467298,-3.6485195797516785,17.93313069908813,11.101321585903081,-0.22424242424242424,Sell,Sell,Sell,Neutral / mixed technical bias,43.415792523160825,57.46420747683917,13.925867321251339,Complete,https://www.nasdaq.com/market-activity/earnings?date=2026-09-29,https://www.tradingview.com/symbols/NYSE-LW/,2026-09-03T23:50:37+00:00
2026-09-29,Time not supplied,IPX,IperionX Limited,NASDAQ,Jun/2026,-0.16,1.0,N/A,,,Insufficient EPS comparison,746644930.0,21.72,1.8284106891701857,143351.0,750514413.53124,20.05,61.45,8.329177057356606,-64.65419039869813,46.082647783952225,Neutral,-0.8262190265351457,-0.8586582759286869,Bullish,22.707250000000023,23.67069999999993,34.09547500000002,22.269873514876117,24.55436783114551,31.40105304185425,Bearish alignment,19.519841216991615,25.89465878300843,Middle third,25.103734439834,23.308728555565196,14.987426337182615,22.4641218497559,24.61292187938905,-42.03305884481772,1.0849999999999973,22.45882109597873,1.4498817109669613,6.6753301609896925,0.47050664366500944,-2.5572005383580096,-43.408025013027626,-53.17956456132787,-0.2424242424242424,Sell,Strong Sell,Buy,Neutral / mixed technical bias,15.075807310761814,28.364192689238184,30.590205751557026,Complete,https://www.nasdaq.com/market-activity/earnings?date=2026-09-29,https://www.tradingview.com/symbols/NASDAQ-IPX/,2026-09-03T23:50:37+00:00
2026-09-29,Time not supplied,TMQ,Trilogy Metals Inc.,AMEX,Aug/2026,-0.01,1.0,9/30/2025,-0.01,0.0,Forecast EPS broadly flat,601154820.0,3.27,-6.034482758620689,1363571.0,564878247.7995867,1.78,11.29,83.70786516853931,-71.03631532329496,40.897423275464135,Neutral,-0.0031017696809367834,0.058015452322254836,Bearish,3.6954999999999982,3.414800000000002,4.13785,3.574752488354166,3.5818678754232733,3.6976015895724417,Negative / mixed,3.351437505676639,4.0395624943233575,At/below lower band,8.69955359485327,10.67357248013713,19.472370849713734,17.95992741731174,26.66242865510223,-192.53646303977908,-0.3599999999999999,3.7154526771927956,0.19695353459330425,6.02304387135487,1.1996807000737981,-0.3048780487804813,-24.827586206896544,-15.064935064935067,-0.5121212121212121,Strong Sell,Strong Sell,Neutral,Bearish technical bias,2.3674455193370796,4.17255448066292,27.601054454523556,Complete,https://www.nasdaq.com/market-activity/earnings?date=2026-09-29,https://www.tradingview.com/symbols/AMEX-TMQ/,2026-09-03T23:50:37+00:00
2026-09-29,Time not supplied,INTG,The Intergroup Corporation,NASDAQ,Jun/2026,,1.0,N/A,-0.76,,Insufficient EPS comparison,74950560.0,36.16,3.6697247706421847,122231.0,77701046.52293576,16.4803,52.0,119.41348155069993,-30.461538461538474,57.60443077330683,Neutral,0.17518614343921968,-0.2202294853190879,Bullish,34.189999999999955,36.4729,34.252676499999964,34.42289475845997,35.198165428523964,33.228574844687536,Mixed,31.44512841830359,36.93487158169632,Upper third,65.56798865185137,62.659127066356426,13.164256514150294,15.82134582083557,12.219984905971463,92.23654504406107,4.1299999999999955,34.61713589557481,2.7228873665556286,7.530108867687027,1.0077192160910575,20.87581480862443,6.009967751392545,9.54256285973947,0.4242424242424242,Buy,Strong Buy,Buy,Neutral / mixed technical bias,23.68216253391986,48.63783746608013,34.50729387743401,Complete,https://www.nasdaq.com/market-activity/earnings?date=2026-09-29,https://www.tradingview.com/symbols/NASDAQ-INTG/,2026-09-03T23:50:37+00:00
2026-09-30,After hours,MU,"Micron Technology, Inc.",NASDAQ,Aug/2026,31.17,10.0,9/23/2025,2.86,989.86013986014,Forecast EPS growth,1079790210000.0,958.16,0.21755501631661858,24149186.0,1082139279851.1158,125.66,1255.0,662.5019894954639,-23.65258964143426,53.487280373697565,Neutral,8.846035555074309,6.723574189332339,Bullish,936.3527500000004,942.2189,602.6063250000002,936.7788586267349,917.2890108439393,664.9359626161295,Positive / mixed,864.3268801007167,1008.378619899284,Middle third,41.489087134601334,41.571322787354696,8.001923089456149,22.76271198311389,22.475486294975546,27.95770338818374,-16.170000000000073,934.9430296826473,54.473362175944466,5.685205203300541,1.0128276449547602,10.53736646593294,1.4570097416348995,152.0545062345452,0.4666666666666667,Buy,Strong Buy,Unavailable,Bullish technical bias,708.53169446999,1207.78830553001,26.052883185481534,Complete,https://www.nasdaq.com/market-activity/earnings?date=2026-09-30,https://www.tradingview.com/symbols/NASDAQ-MU/,2026-09-03T23:50:37+00:00
2026-09-30,Pre-market,FDS,FactSet Research Systems Inc.,NYSE,Aug/2026,4.3,7.0,9/18/2025,4.05,6.17283950617284,Forecast EPS broadly flat,10885546000.0,312.96,2.2511190250596225,637587.0,11130592956.911554,185.0,377.07,69.16756756756757,-17.002148142254757,65.20328430631353,Neutral,11.36611338862025,11.095042472882326,Bullish,295.49249999999927,270.913,249.5862500000002,295.81109221613866,276.5803722914437,269.4918058485363,Bullish alignment,272.6644489442948,318.32055105570373,Upper third,79.19378355534563,84.55684275662371,30.588235548719585,34.82782319880396,14.129872639017314,126.48659010716365,12.899999999999977,296.2988953001634,11.24427613355881,3.5928796439029944,0.6986222747587534,18.29005556185508,21.49539966613611,40.49831649831649,0.603030303030303,Strong Buy,Strong Buy,Buy,Bullish technical bias,261.43225348298137,364.4877465170186,16.464642931051454,Complete,https://www.nasdaq.com/market-activity/earnings?date=2026-09-30,https://www.tradingview.com/symbols/NYSE-FDS/,2026-09-03T23:50:37+00:00
2026-09-30,Pre-market,CAG,"ConAgra Brands, Inc.",NYSE,Aug/2026,0.31,5.0,10/01/2025,0.39,-20.512820512820515,Forecast EPS decline,7767494100.0,15.62,-3.4610630407911036,13055895.0,7475195489.684796,12.53,20.3161,24.660814046288905,-23.115164820019587,50.06591996873524,Neutral,0.3186748336732421,0.3931870941447408,Bearish,15.796499999999995,14.978399999999999,15.88369999999995,15.785728787803409,15.20785361659728,16.097403491981225,Mixed,14.726578974876432,16.866421025123557,Middle third,46.85456317503795,58.538455466086255,16.48266349632553,22.989307106361547,23.356501693120656,-2.7871042275893614,-0.6500000000000004,15.829365866776172,0.42631170610227814,2.72926828490575,1.3868027786584631,6.33083730428863,22.895357985837908,-16.066630843632456,-0.1575757575757576,Sell,Sell,Sell,Neutral / mixed technical bias,13.666394337140542,17.573605662859457,12.5070785074229,Complete,https://www.nasdaq.com/market-activity/earnings?date=2026-09-30,https://www.tradingview.com/symbols/NYSE-CAG/,2026-09-03T23:50:37+00:00
2026-10-01,After hours,NKE,"Nike, Inc.",NYSE,Aug/2026,0.45,10.0,9/30/2025,0.49,-8.163265306122446,Forecast EPS broadly flat,56728990000.0,38.77,1.3859832635983294,29578672.0,57515247662.88442,37.95,76.97,2.1607378129117283,-49.629725867220984,41.690302632685565,Neutral,-0.9518299148741249,-0.8565690408971229,Bearish,39.99100000000005,41.556400000000025,51.54180000000003,39.859482207246465,41.4198188346284,50.05250223850517,Bearish alignment,37.60823773741839,42.37376226258171,Lower third,12.162124760796027,16.618732226548477,22.377582809112422,18.453616577992456,31.137367058247673,-95.83814972357514,-1.4399999999999977,39.815490269794296,1.1159136634413385,2.8782916261061087,1.12799747277561,-6.239419588875449,-10.461893764434167,-32.538715851748734,-0.4454545454545455,Sell,Strong Sell,Neutral,Bearish technical bias,33.65624116824459,43.883758831755415,13.189989248788775,Complete,https://www.nasdaq.com/market-activity/earnings?date=2026-10-01,https://www.tradingview.com/symbols/NYSE-NKE/,2026-09-03T23:50:37+00:00
2026-10-01,Pre-market,ACN,Accenture plc,NYSE,Aug/2026,3.19,7.0,9/25/2025,3.03,5.280528052805286,Forecast EPS broadly flat,125278314000.0,193.12,2.89855072463768,5420323.0,118178261208.46376,118.15,291.09,63.453237410071935,-33.65625751485795,67.97312041642559,Neutral,7.505926098128043,7.627753812479263,Bearish,182.62499999999986,160.4872,203.17404999999988,181.53784000666982,171.90279402854762,197.22423410317998,Mixed,170.65072006339213,194.5992799366076,Upper third,85.04778190440796,85.78091350663608,24.500256273514275,29.088489469171915,15.286974542616644,132.4131308901062,11.77000000000001,182.2666427492875,6.823959285532917,3.5335331843066053,1.1972826925009266,20.219123505976107,6.749212315516008,-10.26439291854468,0.3787878787878788,Buy,Strong Buy,Neutral,Neutral / mixed technical bias,161.84869003474864,224.39130996525137,16.192683287723362,Complete,https://www.nasdaq.com/market-activity/earnings?date=2026-10-01,https://www.tradingview.com/symbols/NYSE-ACN/,2026-09-03T23:50:37+00:00
2026-10-01,Pre-market,MKC,"McCormick & Company, Incorporated",NYSE,Aug/2026,0.75,6.0,10/07/2025,0.85,-11.764705882352938,Forecast EPS decline,14464213000.0,52.58,-2.267657992565054,2430061.0,14134045858.401114,44.82,72.41,17.313699241410085,-27.38572020439166,44.32895382500352,Neutral,0.44002202054067396,0.7868043377708922,Bearish,54.39549999999999,52.77959999999995,57.17864999999994,54.00381081003944,52.87790088764703,56.520524247350636,Negative / mixed,52.23047367221548,56.5605263277845,Lower third,14.117475490889717,29.2605186090656,17.492055704685537,18.207810639053797,25.23650386991923,-124.19313193906952,-2.6400000000000006,54.454916764856925,1.472162211421626,2.799852056716672,1.0025477688611941,3.0172413793103434,11.800978099085684,-19.24435570572877,-0.35454545454545455,Sell,Strong Sell,Neutral,Bearish technical bias,45.833705230906816,59.32629476909318,12.83053398458194,Complete,https://www.nasdaq.com/market-activity/earnings?date=2026-10-01,https://www.tradingview.com/symbols/NYSE-MKC/,2026-09-03T23:50:37+00:00
2026-10-01,Pre-market,MKC.V,"McCormick & Company, Incorporated",NYSE,Aug/2026,,1.0,N/A,0.85,,Insufficient EPS comparison,14464213000.0,52.69,-1.7893755824790323,2246.0,14203215033.912209,44.3001,72.14,18.938783433897434,-26.96146382034933,44.333846576374526,Neutral,0.44138839944938013,0.7759092706280004,Bearish,54.239489999999975,52.572945999999995,57.15994950000003,53.869510533229246,52.75977939147951,56.5053059667165,Mixed,52.09030090556915,56.3886790944308,Lower third,17.73201464379638,30.725488787548162,31.756761007515287,22.076733288971862,24.76660766700088,-107.99259863652628,-2.8400000000000034,54.44834826016779,1.3356537119199927,2.5349282822546835,0.5861322059552703,1.3269230769230727,11.915887850467291,-18.449156477325495,-0.3787878787878788,Sell,Strong Sell,Neutral,Neutral / mixed technical bias,46.56926576287789,58.810734237122105,11.61650073471647,Complete,https://www.nasdaq.com/market-activity/earnings?date=2026-10-01,https://www.tradingview.com/symbols/NYSE-MKC.V/,2026-09-03T23:50:37+00:00
2026-10-01,Pre-market,AYI,Acuity Inc.,NYSE,Aug/2026,5.32,4.0,10/01/2025,4.94,7.69230769230769,Forecast EPS broadly flat,9896392700.0,328.47,-0.6412777155993672,255263.0,9832928973.3266,257.04,380.1699,27.789449112978517,-13.59915658762042,40.93308615737283,Neutral,-3.1731370747680216,-0.36012704105985716,Bearish,344.99499999999983,343.31580000000014,319.29909999999995,339.1580754046674,335.7827661346772,320.04218357515634,Mixed,322.36831531133333,367.62168468866633,Lower third,9.700841811558485,7.930992925421047,18.649784360642947,12.189629183638056,19.107765822123692,-111.88985157607787,-13.17999999999995,345.56240774851324,9.320619433616683,2.8375862129316776,1.4962345460470938,-3.0089174983759515,7.434421403807162,19.805230331546124,0.003030303030303022,Neutral,Sell,Buy,Neutral / mixed technical bias,285.75755592157515,371.1824440784249,13.003453611722493,Complete,https://www.nasdaq.com/market-activity/earnings?date=2026-10-01,https://www.tradingview.com/symbols/NYSE-AYI/,2026-09-03T23:50:37+00:00
2026-10-01,Time not supplied,ANGO,"AngioDynamics, Inc.",NASDAQ,Aug/2026,-0.1,2.0,10/02/2025,-0.1,0.0,Forecast EPS broadly flat,645611900.0,15.47,-0.9603072983354582,438279.0,639412065.5749041,9.39,16.29,64.74973375931843,-5.033763044812756,52.06660615251363,Neutral,0.32582396839213246,0.4471846720047707,Bearish,15.785,14.581699999999996,12.213174999999978,15.568943984968465,14.659479099563471,12.519955991759572,Positive / mixed,15.494311162924944,16.075688837075056,At/below lower band,39.86349702122739,55.3958281867227,32.56818290811451,20.33567189688989,17.594093684312607,-168.601496800543,-0.34999999999999964,15.771596387406134,0.5023039893626343,3.2469553287823807,1.8135079923550126,2.044854881266494,28.488372093023273,43.50649350649352,0.06666666666666667,Neutral,Buy,Unavailable,Neutral / mixed technical bias,13.168153946867436,17.771846053132567,14.879418572285486,Complete,https://www.nasdaq.com/market-activity/earnings?date=2026-10-01,https://www.tradingview.com/symbols/NASDAQ-ANGO/,2026-09-03T23:50:37+00:00
2026-10-01,Time not supplied,PBK,PowerBank Corporation,NASDAQ,Jun/2026,-0.01,1.0,10/02/2025,0.08,-112.5,Forecast swing to loss,19262520.0,0.3999,-1.16164112703906,9647185.0,188609688.10999998,0.3839,2.35,4.167752018754878,-82.98297872340426,31.656129069976075,Neutral,-0.03402830292493486,-0.035431237537068436,Bullish,0.4476349999999999,0.5317839999999996,0.9546399999999993,0.45225545006614043,0.5335576822558719,0.9526684036008022,Bearish alignment,0.4033216487387716,0.4919483512612282,At/below lower band,10.615946937623471,11.692632067770367,20.192028182960044,14.17691485724891,25.920844209179464,-214.09465818977156,-0.0741,0.4329983836187764,0.03810003737312458,9.527391191078916,13.376241771037574,-33.35,-61.54807692307693,-46.68000000000001,-0.4666666666666667,Sell,Strong Sell,Unavailable,Neutral / mixed technical bias,0.22530369475701012,0.5744963052429899,43.65999130857461,Complete,https://www.nasdaq.com/market-activity/earnings?date=2026-10-01,https://www.tradingview.com/symbols/NASDAQ-PBK/,2026-09-03T23:50:37+00:00
2026-10-01,Time not supplied,VRAX,Virax Biolabs Group Limited,NASDAQ,Jun/2026,-1.75,4.0,N/A,,,Insufficient EPS comparison,2028334.0,2.56,0.5893909626719106,40218.0,2040288.8172888018,2.5,21.75,2.400000000000002,-88.22988505747126,40.27116951710987,Neutral,-0.15907723446942468,-0.14053212508651852,Bearish,2.87725,3.171000000000002,5.585637500000003,2.8748111691164118,3.2378827497252223,7.204123509995462,Bearish alignment,2.4564237294322187,3.2980762705677815,Lower third,1.6192466732292423,3.405978634601833,32.04978517776344,32.30125473780711,19.866169110903353,-129.56124551924137,-0.8900000000000001,3.172734595607805,0.325498939115327,12.71480230919246,0.3853110808791125,-9.859154929577457,-48.413098236775824,-50.048780487804876,-0.4,Sell,Strong Sell,Unavailable,Bearish technical bias,1.0683764728761918,4.051623527123809,58.266544028273756,Complete,https://www.nasdaq.com/market-activity/earnings?date=2026-10-01,https://www.tradingview.com/symbols/NASDAQ-VRAX/,2026-09-03T23:50:37+00:00
