earnings_date,report_time,symbol,company_name,exchange,country,fiscal_quarter_ending,consensus_eps_forecast,number_of_estimates,last_year_report_date,last_year_eps,eps_yoy_change_pct,earnings_expectation,nasdaq_market_cap,price,daily_change_pct,volume,technical_market_cap,52_week_low,52_week_high,distance_from_52w_low_pct,distance_from_52w_high_pct,rsi_14,rsi_signal,macd,macd_signal_line,macd_direction,sma_20,sma_50,sma_200,ema_20,ema_50,ema_200,trend_structure,bollinger_lower,bollinger_upper,bollinger_position,stochastic_k,stochastic_d,adx,adx_plus_di,adx_minus_di,cci_20,momentum,vwma,atr_14,atr_pct,relative_volume_10d,return_1m_pct,return_3m_pct,return_6m_pct,technical_rating_score,technical_rating,bullish_bearish_signal,moving_average_rating,oscillator_rating,future_bias_not_forecast,one_month_scenario_low,one_month_scenario_high,scenario_range_pct,data_status,earnings_source,technical_source,captured_at_utc
2026-09-30,After hours,MU,"Micron Technology, Inc.",NASDAQ,United States,Aug/2026,31.17,10.0,9/23/2025,2.86,989.86013986014,Forecast EPS growth,1082139340000.0,1016.59,6.0981464473574425,35248718.0,1148129727708.0,128.4,1255.0,691.7367601246106,-18.99681274900398,60.14670265701466,Neutral,14.061813891141128,8.191222129694097,Bullish,943.3037500000004,938.2795,606.4795250000002,944.379919709903,921.1831672814319,668.4350077642276,Bullish alignment,868.5308856122529,1018.0766143877479,Upper third,64.23353171619068,49.1132101924043,8.563877962141573,28.55110063800418,20.730465367856933,165.93923358088352,49.81000000000006,943.7166730738892,54.84026487766272,5.3945312149108995,1.4848040094418267,14.83000112956061,7.644006776789502,167.42515915189142,0.603030303030303,Strong Buy,Bullish,Strong Buy,Buy,Bullish technical bias,765.2803350666825,1267.8996649333176,24.72084763113129,Complete,https://www.nasdaq.com/market-activity/earnings?date=2026-09-30,https://www.tradingview.com/symbols/NASDAQ-MU/,2026-09-06T07:14:29+00:00
2026-09-10,After hours,ORCL,Oracle Corporation,NYSE,United States,Aug/2026,1.4,10.0,9/09/2025,1.2,16.666666666666664,Forecast EPS growth,443707752000.0,158.78,3.0771228252402034,26509565.0,457361173491.0,114.5,345.72,38.67248908296943,-54.07265995603379,60.935860530069164,Neutral,2.512608604563809,1.590950429480293,Bullish,148.31100000000015,139.83860000000016,168.78499999999997,147.28581449604792,148.84286106484583,169.82623421628554,Mixed,138.62723441011522,157.99476558988508,At/above upper band,75.21163877123035,54.27466627252767,14.76066763393897,29.63523076264554,21.346062653284413,173.48929279313398,12.310000000000002,148.96740143567007,6.7726388497033545,4.265423132449524,1.3112478929048137,9.50344827586207,-30.811800078434793,3.832069055715416,0.403030303030303,Buy,Neutral,Strong Buy,Buy,Neutral / mixed technical bias,127.74386981663574,189.81613018336427,19.546624375465594,Complete,https://www.nasdaq.com/market-activity/earnings?date=2026-09-10,https://www.tradingview.com/symbols/NYSE-ORCL/,2026-09-06T07:14:29+00:00
2026-09-24,After hours,COST,Costco Wholesale Corporation,NASDAQ,United States,Aug/2026,6.5,11.0,9/25/2025,5.87,10.732538330494036,Forecast EPS growth,410399736000.0,915.74,-1.0449422418171361,2078982.0,406111291029.0,844.06,1096.5,8.492287278155587,-16.48518011855905,38.07397159866718,Neutral,-5.924082494057529,-2.000133644516918,Bearish,947.1912500000005,943.5735000000001,960.2624000000001,942.3005105733275,950.0358121759981,960.6259212915196,Negative / mixed,919.4642682178911,974.91823178211,At/below lower band,10.59847043576158,18.173816989532543,12.325015614803938,21.223118067953834,29.691425869303103,-172.4615830848003,-32.0,945.4450008020838,17.214792997958998,1.8798778035205406,1.0917728922574672,-4.310389868232688,-6.318158567774935,-5.301420364941234,-0.5575757575757576,Strong Sell,Bearish,Strong Sell,Sell,Bearish technical bias,836.8519080138572,994.6280919861429,8.614682331900198,Complete,https://www.nasdaq.com/market-activity/earnings?date=2026-09-24,https://www.tradingview.com/symbols/NASDAQ-COST/,2026-09-06T07:14:29+00:00
2026-09-10,After hours,ADBE,Adobe Inc.,NASDAQ,United States,Aug/2026,4.86,12.0,9/11/2025,4.29,13.286713286713292,Forecast EPS growth,113585627000.0,266.51,-6.733158355205602,6644720.0,105937728881.99998,190.12,370.86,40.179886387544705,-28.13730248611336,48.86454595005341,Neutral,8.853128587243248,10.446307057464015,Bearish,274.11750000000006,248.84780000000003,267.9346749999999,273.0349908789434,258.0938589548423,272.9250930029817,Mixed,252.93588828134202,295.2991117186581,Lower third,56.20455261768216,70.90998847436056,24.60895757523437,27.382282269284694,27.917128053342648,-39.43842415963697,-8.79000000000002,274.4051495022134,11.209648921572382,4.2060894231257295,1.5831487360508476,2.476256392509708,2.78849120641778,-4.9129441986584785,-0.2909090909090909,Sell,Neutral,Sell,Sell,Neutral / mixed technical bias,215.14093530301446,317.87906469698555,19.2747231612268,Complete,https://www.nasdaq.com/market-activity/earnings?date=2026-09-10,https://www.tradingview.com/symbols/NASDAQ-ADBE/,2026-09-06T07:14:29+00:00
2026-09-23,Time not supplied,CTAS,Cintas Corporation,NASDAQ,United States,Aug/2026,1.35,8.0,9/24/2025,,,Insufficient EPS comparison,80454091000.0,200.47,-0.2884854513802599,1320837.0,80221991312.0,161.16,219.165,24.391908662199068,-8.530102890516279,48.76222691152185,Neutral,0.6157944227069834,1.5482574388398362,Bearish,202.3820000000002,197.27679999999972,186.84392499999964,201.85503398188175,197.1128352081528,190.45720625082672,Positive / mixed,197.28053119193436,207.48346880806605,Lower third,28.314178135723292,30.83275107299367,18.908648346085375,21.764448563702214,24.116221344391352,-87.71713689447569,-3.319999999999993,202.3275178813851,3.8171213697090076,1.9040860825604866,0.7876639114110447,-1.7303921568627456,10.476137991843927,-2.1811261832731526,-0.09090909090909091,Neutral,Neutral,Unavailable,Sell,Neutral / mixed technical bias,182.97775238647495,217.96224761352505,8.725618603045364,Complete,https://www.nasdaq.com/market-activity/earnings?date=2026-09-23,https://www.tradingview.com/symbols/NASDAQ-CTAS/,2026-09-06T07:14:29+00:00
2026-10-01,After hours,NKE,"Nike, Inc.",NYSE,United States,Aug/2026,0.45,10.0,9/30/2025,0.49,-8.163265306122446,Forecast EPS broadly flat,57515246000.0,38.4,-0.9543461439257275,20631563.0,56966352877.99999,37.95,76.97,1.1857707509881354,-50.110432636091986,40.06032284059912,Neutral,-0.9509981156859624,-0.8754548558548908,Bearish,39.82600000000004,41.50640000000002,51.41930000000004,39.720483901794424,41.30139456660376,49.936556942599644,Bearish alignment,37.4827595087179,42.16924049128219,Lower third,15.158332093286518,13.469850139317863,22.606093105436706,17.50058828985091,29.529292483849808,-99.03363667583831,-2.3599999999999994,39.68812652822274,1.092634116052672,2.845401343887167,0.7498099159620892,-7.792051866970835,-11.316397228637411,-33.18253001566035,-0.5818181818181818,Strong Sell,Bearish,Strong Sell,Sell,Bearish technical bias,33.392921456297465,43.40707854370253,13.039267040892016,Complete,https://www.nasdaq.com/market-activity/earnings?date=2026-10-01,https://www.tradingview.com/symbols/NYSE-NKE/,2026-09-06T07:14:29+00:00
2026-09-22,Pre-market,AZO,"AutoZone, Inc.",NYSE,United States,Aug/2026,54.97,11.0,9/23/2025,48.71,12.851570519400529,Forecast EPS growth,48454308000.0,2983.29,0.5138070915486315,402014.0,48703270536.0,2902.2,4388.11,2.7940872441596154,-32.014238476246035,47.427932759623175,Neutral,-23.088491998742484,-20.989757162234838,Bearish,3004.2100000000073,3036.3343999999993,3381.440799999999,2996.049247522502,3047.2914312927483,3317.08668323408,Bearish alignment,2915.8944052285847,3092.52559477143,Middle third,22.766446983582203,22.258619419637977,10.041365162794902,18.3133679133657,21.169370487525434,-58.88664074474066,25.340000000000146,2998.252580287247,72.79100671145446,2.439957453397238,1.389483565608645,-1.9622083470259624,-3.7648387096774205,-20.789899901760354,-0.31212121212121213,Sell,Bearish,Strong Sell,Neutral,Bearish technical bias,2649.7197018327215,3316.8602981672784,11.181289722664529,Complete,https://www.nasdaq.com/market-activity/earnings?date=2026-09-22,https://www.tradingview.com/symbols/NYSE-AZO/,2026-09-06T07:14:29+00:00
2026-09-29,Time not supplied,PAYX,"Paychex, Inc.",NASDAQ,United States,Aug/2026,1.33,6.0,9/30/2025,1.22,9.01639344262296,Forecast EPS broadly flat,44488810000.0,121.71,-2.6942756635753153,1841370.0,43290160727.0,85.45,136.05,42.43417203042714,-10.54024255788314,50.24742385009641,Neutral,2.3689482021344332,3.0503301889921977,Bearish,123.58975000000002,116.37349999999996,104.02792499999993,122.99235095347478,116.93241892604756,110.54141728956556,Positive / mixed,118.6416973780029,128.53780262199714,Lower third,50.18397344713129,64.5365450195958,30.883104210455404,26.14211628204404,20.635906540202832,-41.22378473891986,-2.7650000000000006,123.50656327484899,3.0482367805434545,2.504508077021982,0.8737743281356501,2.0714525327071445,22.03338847947059,24.741211437941992,-0.09090909090909091,Neutral,Neutral,Unavailable,Sell,Neutral / mixed technical bias,107.74122421701112,135.67877578298888,11.477097841581523,Complete,https://www.nasdaq.com/market-activity/earnings?date=2026-09-29,https://www.tradingview.com/symbols/NASDAQ-PAYX/,2026-09-06T07:14:29+00:00
2026-09-11,Pre-market,KR,Kroger Company (The),NYSE,United States,Jul/2026,1.05,8.0,9/11/2025,1.04,0.9615384615384623,Forecast EPS broadly flat,35845992000.0,58.59,0.13672876431380174,3848563.0,35895007678.0,54.15,76.58,8.199445983379515,-23.491773308957942,55.16096175264411,Neutral,0.13645052881180675,-0.06750200707731355,Bullish,57.355000000000054,57.699399999999976,64.05275,57.769910160230786,58.53288185332327,62.813410771177864,Mixed,55.39771105863924,59.31228894136087,Upper third,81.68674698795178,75.60910307898256,10.529757052108517,25.264828587522434,19.6109121287505,96.2210960788178,0.6900000000000048,57.267332284253584,1.3555489377594003,2.313618258677932,0.6975939176969022,0.8086717136958121,-6.555023923444975,-18.227494766224705,0.2,Buy,Neutral,Buy,Unavailable,Neutral / mixed technical bias,52.37809438450057,64.80190561549944,10.602330799623545,Complete,https://www.nasdaq.com/market-activity/earnings?date=2026-09-11,https://www.tradingview.com/symbols/NYSE-KR/,2026-09-06T07:14:29+00:00
2026-09-24,Time not supplied,JBL,Jabil Inc.,NYSE,United States,Aug/2026,3.86,4.0,9/25/2025,3.12,23.71794871794871,Forecast EPS growth,32056465400.0,310.57,1.5200052301255156,714194.0,32543726218.0,189.6,428.9322,63.80274261603376,-27.59461751764032,44.8521643317392,Neutral,-8.388647899890884,-6.686026250662923,Bearish,325.62150000000014,327.11760000000015,292.82425000000006,316.68573604271904,326.1970642086264,297.4589136370697,Mixed,275.38587707164925,375.85712292835103,Middle third,17.367438009908025,11.604356786261866,22.764699377416356,21.147733485522075,29.208011191774485,-45.35715693444205,-2.6399999999999864,327.6789600759934,13.190948941202205,4.247335203400909,0.8086781793876595,-7.94925753578944,-15.907613993284956,26.763265306122445,-0.13333333333333333,Sell,Neutral,Sell,Unavailable,Neutral / mixed technical bias,250.1214779886433,371.0185220113567,19.463735071435327,Complete,https://www.nasdaq.com/market-activity/earnings?date=2026-09-24,https://www.tradingview.com/symbols/NYSE-JBL/,2026-09-06T07:14:29+00:00
2026-10-05,Time not supplied,CCL,Carnival Corporation Ltd.,NYSE,United States,Aug/2026,1.36,7.0,9/29/2025,1.43,-4.895104895104884,Forecast EPS broadly flat,32159361000.0,23.51,0.1277683134582672,16199341.0,32200452298.000004,23.075,34.03,1.8851570964247166,-30.913899500440788,31.430163155229167,Neutral,-1.0860314243093079,-0.7922988185229011,Bearish,25.874000000000002,26.830199999999987,27.787264999999984,25.388649453640596,26.46457309348014,27.20575054382092,Bearish alignment,22.493932545052193,29.254067454947812,Lower third,9.727735364210098,7.326591170394342,25.981482925648365,12.738974084062113,34.82369589870666,-115.4783768815164,-2.219999999999999,25.589726101458567,0.820618319503453,3.4905075265991194,0.7828632025200599,-20.988069232061832,-14.942112879884222,-8.999419392297268,-0.4454545454545455,Sell,Bearish,Strong Sell,Neutral,Bearish technical bias,19.749454434207973,27.27054556579203,15.995514954453549,Complete,https://www.nasdaq.com/market-activity/earnings?date=2026-10-05,https://www.tradingview.com/symbols/NYSE-CCL/,2026-09-06T07:14:29+00:00
2026-09-10,After hours,CPRT,"Copart, Inc.",NASDAQ,United States,Jul/2026,0.39,4.0,9/04/2025,0.41,-4.878048780487796,Forecast EPS broadly flat,31088748500.0,33.72,0.4169148302561066,6589887.0,31218365700.0,26.81,49.16,25.773964938455805,-31.40764849471115,64.08800101053123,Neutral,0.9107413495689265,0.9256294967707862,Bearish,32.204750000000004,30.0821999999999,34.448174999999985,32.228764512805874,31.24913449764569,34.855413804458,Mixed,28.97317843960044,35.43632156039957,Upper third,66.19876011441669,63.34988332554784,30.301979690102947,34.4217366505806,16.612458541303223,69.31456154967047,-0.0799999999999983,32.188675761485776,1.0686174349715574,3.1690908510425784,0.8274460084418752,13.49713901043419,8.564069542820349,-10.533297957017774,0.3787878787878788,Buy,Neutral,Strong Buy,Neutral,Neutral / mixed technical bias,28.822979715293286,38.61702028470671,14.52259870909464,Complete,https://www.nasdaq.com/market-activity/earnings?date=2026-09-10,https://www.tradingview.com/symbols/NASDAQ-CPRT/,2026-09-06T07:14:29+00:00
2026-09-09,Pre-market,SUNB,"Sunbelt Rentals Holdings, Inc.",NYSE,United States,Jul/2026,0.99,1.0,N/A,,,Insufficient EPS comparison,27040100400.0,68.59,3.9399909077133035,21799943.0,28118302380.0,61.03,86.675,12.38735048336883,-20.865301413325632,36.2408260288222,Neutral,-2.484520525123699,-1.1999089118402606,Bearish,75.8015,74.9238,,73.43980969372372,75.04559291133901,,Unavailable,65.10174247938308,86.50125752061693,Lower third,9.866085081710784,6.073028029468776,24.967820912372552,13.426311579942144,33.04378553760432,-126.17732307676596,-8.289999999999992,72.17717694802789,2.911036504330038,4.244112121781656,2.665339479002774,-13.896560381621885,-14.593450379778359,-6.310613304193404,-0.29370629370629375,Sell,Neutral,Strong Sell,Buy,Neutral / mixed technical bias,55.24995486812796,81.93004513187205,19.448965055944075,Complete,https://www.nasdaq.com/market-activity/earnings?date=2026-09-09,https://www.tradingview.com/symbols/NYSE-SUNB/,2026-09-06T07:14:29+00:00
2026-09-08,After hours,CASY,"Caseys General Stores, Inc.",NASDAQ,United States,Jul/2026,6.59,7.0,9/08/2025,5.77,14.211438474870022,Forecast EPS growth,28065267700.0,756.09,-0.3072176366656902,405407.0,27979045913.999996,497.38,927.85,52.014556274880384,-18.511612868459338,35.41561392736864,Neutral,-23.961886599143895,-16.184233392805762,Bearish,812.0614999999995,826.7225999999998,727.1114249999991,798.8603535446515,816.0713324010236,737.7602847349801,Mixed,728.4382909548829,895.684709045116,Lower third,11.237205333991241,12.43880727262762,19.348739895652475,15.38334247693025,29.8000284755719,-100.11151336782373,-79.64999999999998,804.4521004068239,25.616083910967973,3.3879675582229587,1.1457648272098337,-11.692361597757534,-0.6034074775201028,14.107846244397159,-0.26666666666666666,Sell,Neutral,Strong Sell,Unavailable,Neutral / mixed technical bias,638.7023564696489,873.4776435303512,15.525617787611418,Complete,https://www.nasdaq.com/market-activity/earnings?date=2026-09-08,https://www.tradingview.com/symbols/NASDAQ-CASY/,2026-09-06T07:14:29+00:00
2026-09-24,Pre-market,DRI,"Darden Restaurants, Inc.",NYSE,United States,Aug/2026,2.05,9.0,9/18/2025,1.97,4.060913705583748,Forecast EPS broadly flat,24873560100.0,216.88,-0.532012474775269,620301.0,24624936525.0,169.0,229.7625,28.331360946745555,-5.606876666122629,51.59809931488537,Neutral,1.8215638288069442,2.740770930277839,Bearish,219.77099999999942,209.62279999999973,201.27435000000025,216.70133636291743,212.09725851879995,203.43624599130877,Positive / mixed,211.50569927944989,228.03630072054895,Lower third,44.43782280492647,39.23502171741872,25.912846896569103,28.875891117403455,17.523860919845102,-49.7144973605945,-4.719999999999999,220.04300481619254,5.619113683205097,2.5908860582834277,0.6900500132492059,5.36850799203225,11.22621672906302,6.454621312521477,0.04242424242424242,Neutral,Neutral,Buy,Sell,Neutral / mixed technical bias,191.1299862081505,242.63001379184948,11.872931479089575,Complete,https://www.nasdaq.com/market-activity/earnings?date=2026-09-24,https://www.tradingview.com/symbols/NYSE-DRI/,2026-09-06T07:14:29+00:00
2026-09-24,Time not supplied,SNX,TD SYNNEX Corporation,NYSE,United States,Aug/2026,4.38,5.0,9/25/2025,3.47,26.224783861671458,Forecast EPS growth,20991572000.0,262.64,0.04189997333638581,426107.0,21000366709.999996,142.22,296.47,84.67163549430458,-11.410935339157435,57.781665329384246,Neutral,1.0303094727763664,0.18116839522315106,Bullish,254.971,252.87199999999973,204.73426000000006,255.27366059653548,253.10768896409868,216.03243998639078,Bullish alignment,245.2108342227178,264.7311657772822,Upper third,72.80457799446643,57.28413970665232,10.209088615241967,25.87805140264181,17.040030450036067,160.27981939623413,12.5,255.67320598048093,7.652801675951136,2.9137989932802073,0.9697319341749221,-0.43595284127526973,-3.188469903055783,71.324200913242,0.5575757575757576,Strong Buy,Bullish,Strong Buy,Buy,Bullish technical bias,227.57045704146898,297.70954295853096,13.352704446592673,Complete,https://www.nasdaq.com/market-activity/earnings?date=2026-09-24,https://www.tradingview.com/symbols/NYSE-SNX/,2026-09-06T07:14:29+00:00
2026-09-23,Pre-market,GIS,"General Mills, Inc.",NYSE,United States,Aug/2026,0.71,6.0,9/17/2025,0.86,-17.44186046511628,Forecast EPS decline,20989552600.0,38.29,-2.47070809984717,7941849.0,20470964680.0,31.75,51.33,20.5984251968504,-25.40424702902786,45.970203336740035,Neutral,0.7345939624260822,0.945024682988149,Bearish,39.515000000000015,37.80099999999995,39.905949999999926,39.381318504462044,38.06286877334194,40.244318544244585,Mixed,37.06216898258323,41.9678310174168,Lower third,37.53687315634213,56.802383966708625,22.428338117416065,22.366294871992828,26.427289207431954,-57.60375190822086,-1.6799999999999997,39.54391898668203,1.1593929143676154,3.027926127886172,0.9160254443534528,5.250137438152821,17.85164666051092,-12.178899082568812,-0.2909090909090909,Sell,Neutral,Sell,Sell,Neutral / mixed technical bias,32.976994209714945,43.60300579028505,13.87570067977292,Complete,https://www.nasdaq.com/market-activity/earnings?date=2026-09-23,https://www.tradingview.com/symbols/NYSE-GIS/,2026-09-06T07:14:29+00:00
2026-09-16,After hours,LEN,Lennar Corporation,NYSE,United States,Aug/2026,1.31,6.0,9/18/2025,2.0,-34.5,Forecast EPS decline,20343595000.0,83.58,-1.0301953818827763,2328803.0,20091167100.0,79.825,142.61,4.70404008769183,-41.392609213940126,44.82336161248768,Neutral,-0.5667237472555229,-0.22047265944830455,Bearish,85.84200000000006,85.71620000000001,98.36219999999982,85.31698365770927,86.25881699406898,96.8133160261383,Negative / mixed,82.73693574946157,88.94706425053855,Lower third,16.413593637020966,11.23577029269593,7.5323601710093095,22.417857047019325,22.35840829757621,-132.95898381092252,-3.4399999999999977,85.77035892337112,2.3839565055779204,2.852304983941039,0.9667984374817075,-3.016941285681142,-7.656612529002327,-19.04300658659434,-0.4454545454545455,Sell,Bearish,Strong Sell,Neutral,Bearish technical bias,72.65533885970676,94.50466114029324,13.070903494009611,Complete,https://www.nasdaq.com/market-activity/earnings?date=2026-09-16,https://www.tradingview.com/symbols/NYSE-LEN/,2026-09-06T07:14:29+00:00
2026-09-16,After hours,LEN.B,Lennar Corporation,NYSE,United States,Aug/2026,,6.0,N/A,2.0,,Insufficient EPS comparison,20343595000.0,82.17,-0.8087880251086452,58828.0,20091167100.0,78.02,137.39,5.319148936170226,-40.192153722978375,45.32167516923199,Neutral,-0.5171126481452575,-0.17120639787232422,Bearish,84.29200000000009,84.06899999999997,93.95055000000006,83.7664270073373,84.54943060305412,93.28216891720994,Negative / mixed,81.15617092303519,87.42782907696498,Lower third,18.344172602456993,12.876363511235084,8.449094578946784,20.733416749110127,22.96942813894236,-120.27177431535635,-3.319999999999993,84.3632226902159,2.233876919948484,2.7186040160015628,0.9771265225039075,-3.261125500353186,-6.963315217391295,-16.033108522378907,-0.49090909090909096,Sell,Bearish,Strong Sell,Sell,Bearish technical bias,71.93308992112127,92.40691007887874,12.458208687938097,Complete,https://www.nasdaq.com/market-activity/earnings?date=2026-09-16,https://www.tradingview.com/symbols/NYSE-LEN.B/,2026-09-06T07:14:29+00:00
2026-10-05,Time not supplied,STZ,Constellation Brands Inc,NYSE,United States,Aug/2026,3.63,7.0,10/06/2025,3.63,0.0,Forecast EPS broadly flat,22045788200.0,128.18,-0.7049345417925451,1658065.0,16604846125.0,126.45,168.6,1.368129695531839,-23.973902728351113,38.832291502116576,Neutral,-1.2224202255267187,-0.646134624367585,Bearish,132.93950000000035,133.11740000000003,145.15450000000027,131.9459113283277,134.36381412112627,145.04549722991092,Bearish alignment,127.13945008644845,138.73954991355225,Lower third,7.399286725927589,8.182594821621178,9.818371374909285,22.976289032595997,25.53291545074265,-140.15120981230953,-7.47999999999999,132.56158591115724,2.9811220477528866,2.3257310405311955,0.8776456432371638,-2.5839793281653787,-7.657949715438366,-12.51706251706252,-0.4666666666666667,Sell,Bearish,Strong Sell,Unavailable,Bearish technical bias,114.51878256027065,141.84121743972938,10.657838539342613,Complete,https://www.nasdaq.com/market-activity/earnings?date=2026-10-05,https://www.tradingview.com/symbols/NYSE-STZ/,2026-09-06T07:14:29+00:00
2026-10-01,Pre-market,MKC.V,"McCormick & Company, Incorporated",NYSE,United States,Aug/2026,,1.0,N/A,0.85,,Insufficient EPS comparison,14136214500.0,52.19,-0.9489466691971913,3615.0,14003417424.0,44.3001,72.14,17.81011781011781,-27.654560576656507,41.65550130916448,Neutral,0.2597407296465093,0.6726755624317022,Bearish,54.20748999999997,52.65414599999999,57.09234950000004,53.70955714911217,52.73743510161757,56.46236759888848,Negative / mixed,51.95856421117939,56.45641578882055,Lower third,11.317857328871412,18.63700764570621,30.515251147652606,19.96143175836577,26.664149531973663,-157.84588381497107,-3.460000000000001,54.360471691382976,1.37167844678285,2.6282399823392413,0.928971578352264,-0.267532963883051,10.853865760407816,-19.223030490636127,-0.4,Sell,Bearish,Strong Sell,Unavailable,Bearish technical bias,45.90417968847813,58.475820311521865,12.044108663578973,Complete,https://www.nasdaq.com/market-activity/earnings?date=2026-10-01,https://www.tradingview.com/symbols/NYSE-MKC.V/,2026-09-06T07:14:29+00:00
2026-10-01,Pre-market,MKC,"McCormick & Company, Incorporated",NYSE,United States,Aug/2026,0.75,6.0,10/07/2025,0.85,-11.764705882352938,Forecast EPS decline,14136214500.0,52.08,-0.9509319132750096,2804370.0,14003417423.999998,44.82,72.41,16.198125836680056,-28.076232564562908,42.201328005330815,Neutral,0.23913712189860092,0.677270894596434,Bearish,54.35149999999999,52.854199999999956,57.116199999999935,53.820590732892825,52.84661065675891,56.47633992648147,Negative / mixed,52.040705547869074,56.6622944521309,Lower third,8.295860425719725,16.30036923765722,17.857035789570766,17.09148525646956,27.073573243280876,-168.4959786274129,-3.3299999999999983,54.36379594689887,1.456293482034367,2.7962624463025483,1.1791360814287024,-0.3444316877152693,10.737826918987874,-20.01228689909384,-0.4454545454545455,Sell,Bearish,Strong Sell,Neutral,Bearish technical bias,45.4064248845067,58.7535751154933,12.814084323143815,Complete,https://www.nasdaq.com/market-activity/earnings?date=2026-10-01,https://www.tradingview.com/symbols/NYSE-MKC/,2026-09-06T07:14:29+00:00
2026-09-09,After hours,COO,"The Cooper Companies, Inc. ",NASDAQ,United States,Jul/2026,1.11,7.0,8/27/2025,1.1,0.9090909090909097,Forecast EPS broadly flat,13776963600.0,69.59,-1.486409966024911,1957081.0,13572180437.000002,58.89,89.83,18.169468500594334,-22.531448291216737,37.25757873397048,Neutral,-0.876210877065347,-0.1486874495223823,Bearish,73.77949999999989,72.64519999999986,73.38297500000017,72.30726195193289,71.8820899467041,72.28806968928133,Negative / mixed,68.081600474729,79.47739952527077,Lower third,10.095976375046122,8.001305192953325,25.64695760730536,15.08746302973931,28.42770881781407,-102.30974916142493,-6.6299999999999955,73.77884963875707,1.5514135592851273,2.2293627809816456,1.2694174069295128,-6.8967823934711365,6.667688534641338,-9.623376623376618,-0.3333333333333333,Sell,Bearish,Strong Sell,Unavailable,Bearish technical bias,62.48052993039505,76.69947006960496,10.216223695365647,Complete,https://www.nasdaq.com/market-activity/earnings?date=2026-09-09,https://www.tradingview.com/symbols/NASDAQ-COO/,2026-09-06T07:14:29+00:00
2026-10-05,Time not supplied,JEF,Jefferies Financial Group Inc.,NYSE,United States,Aug/2026,0.87,2.0,9/29/2025,1.05,-17.142857142857146,Forecast EPS decline,10512478200.0,55.23,1.7876889052709157,1767718.0,12733401879.0,35.53,71.04,55.44610188573036,-22.255067567567576,56.863253348398054,Neutral,-0.3460696617662222,-0.5499725569523418,Bullish,53.63099999999996,54.00320000000002,53.51560000000005,53.71057917644929,54.0222497933443,53.87664169117709,Positive / mixed,51.097023678086885,56.16497632191303,Upper third,65.4240967680358,46.581583531559325,28.128589002044336,21.0922383078477,22.8653065677207,86.76509379128835,2.8999999999999986,53.77137296609749,1.6625793097917094,3.01028301609942,1.3236595920950542,-1.3750000000000056,0.637755102040806,33.470275495408394,0.5575757575757576,Strong Buy,Bullish,Strong Buy,Buy,Bullish technical bias,47.61110446401205,62.84889553598794,13.79484978451556,Complete,https://www.nasdaq.com/market-activity/earnings?date=2026-10-05,https://www.tradingview.com/symbols/NYSE-JEF/,2026-09-06T07:14:29+00:00
2026-09-30,Pre-market,FDS,FactSet Research Systems Inc.,NYSE,United States,Aug/2026,4.3,7.0,9/18/2025,4.05,6.17283950617284,Forecast EPS broadly flat,11130592300.0,301.96,-3.514826175869121,633305.0,10739371401.0,185.0,377.07,63.221621621621615,-19.919378364759865,56.777546248721144,Neutral,10.479244298804815,10.971882838066824,Bearish,296.3119999999993,272.7754,249.7278000000003,296.39670248126833,277.57565180942635,269.81487245700856,Bullish alignment,273.79293909591524,318.8310609040833,Middle third,72.25616434628431,78.4509476068602,30.360157710140722,31.905234729681165,18.183384467179103,46.9695106280182,2.0499999999999545,297.1690397186593,11.397542124018894,3.7745205073582246,0.7191932924881405,7.6314382463018955,17.225047556193953,35.56004489337822,0.17575757575757575,Buy,Neutral,Strong Buy,Sell,Neutral / mixed technical bias,249.72990048023564,354.1900995197643,17.297025937132187,Complete,https://www.nasdaq.com/market-activity/earnings?date=2026-09-30,https://www.tradingview.com/symbols/NYSE-FDS/,2026-09-06T07:14:29+00:00
2026-09-09,Pre-market,SAIL,"SailPoint, Inc.",NASDAQ,United States,Jul/2026,0.08,5.0,9/09/2025,0.07,14.285714285714276,Forecast EPS growth,10997678100.0,18.82,-2.939659618359981,1900974.0,10674383574.0,10.3,24.0,82.71844660194174,-21.583333333333332,52.362225697235736,Neutral,0.5973842557813889,0.7422671675317675,Bearish,19.083000000000006,16.9627,16.012524999999997,18.724603934876587,17.443222500901935,16.595935587440614,Positive / mixed,17.629561318802818,20.536438681197193,Middle third,37.88437884378843,43.323766570999034,28.22234817697316,25.89550898218892,20.061872610472104,-13.519504421974224,0.17999999999999972,19.30731021813712,1.0692802504026118,5.681616633382634,0.5610668692241197,6.327683615819215,1.1284255776464314,25.049833887043185,0.08787878787878788,Neutral,Neutral,Buy,Neutral,Neutral / mixed technical bias,13.919942313408697,23.720057686591304,26.036438292196085,Complete,https://www.nasdaq.com/market-activity/earnings?date=2026-09-09,https://www.tradingview.com/symbols/NASDAQ-SAIL/,2026-09-06T07:14:29+00:00
2026-10-01,Pre-market,AYI,Acuity Inc.,NYSE,United States,Aug/2026,5.32,4.0,10/01/2025,4.94,7.69230769230769,Forecast EPS broadly flat,9832929300.0,334.05,1.6987852771942595,165512.0,9999969068.000002,257.04,380.1699,29.960317460317466,-12.131391780359246,45.865862892023785,Neutral,-3.127104631194925,-0.9135225590868707,Bearish,343.71849999999984,342.80900000000014,319.2563999999999,338.6715920327943,335.7148145215526,320.181564833115,Mixed,321.65352297757045,365.7834770224292,Lower third,18.59064473370722,12.080541968240544,18.805515232184376,11.775336190348382,17.971635272903463,-86.03742305976742,-9.050000000000011,344.3388447606954,9.202003759786917,2.7546785690126976,0.9166506518270485,-4.385035921802099,9.259501537253875,21.8404639457271,-0.13333333333333333,Sell,Neutral,Sell,Unavailable,Neutral / mixed technical bias,291.88112122550825,376.21887877449177,12.623523057773319,Complete,https://www.nasdaq.com/market-activity/earnings?date=2026-10-01,https://www.tradingview.com/symbols/NYSE-AYI/,2026-09-06T07:14:29+00:00
2026-09-09,Pre-market,CHWY,"Chewy, Inc.",NYSE,United States,Jul/2026,0.18,8.0,9/10/2025,0.14,28.57142857142855,Forecast EPS growth,9809804300.0,23.66,-1.2520868113522567,7370969.0,9686976814.0,17.4,43.5,35.97701149425288,-45.60919540229885,54.21145595010733,Neutral,0.4239655187520519,0.47227571150979586,Bearish,23.344000000000023,22.24519999999997,25.828125,23.40772678315948,22.723765851567926,25.616449092822343,Mixed,21.808729339826293,24.879270660173752,Middle third,60.80604631572951,65.12879368960978,24.235065346116823,27.007575856368398,15.153720272422232,46.26774163479614,-0.35999999999999943,23.374860900528688,0.9547854124220777,4.035441303559077,1.036617868025713,-2.0289855072463703,11.973497397065788,-8.187815289095846,0.08787878787878788,Neutral,Neutral,Buy,Neutral,Neutral / mixed technical bias,19.284623575136198,28.035376424863802,18.49271523611074,Complete,https://www.nasdaq.com/market-activity/earnings?date=2026-09-09,https://www.tradingview.com/symbols/NYSE-CHWY/,2026-09-06T07:14:29+00:00
2026-09-15,Pre-market,FPS,"Forgent Power Solutions, Inc.",NYSE,United States,Jun/2026,0.22,1.0,N/A,,,Insufficient EPS comparison,9315523600.0,31.35,2.450980392156863,4497141.0,9543845962.0,25.95,66.0,20.809248554913307,-52.49999999999999,38.838810735870545,Neutral,-2.4797915408120588,-2.493622703696271,Bullish,33.830500000000015,38.440999999999995,,33.157828546998424,37.52028339912789,,Unavailable,27.184826294498606,40.476173705501424,Lower third,19.907482341829333,11.705486497326277,29.74863599447558,19.571498824210412,28.211528018951697,-60.94259632608021,-1.8299999999999983,33.67710329747099,2.113222897807977,6.740742895719223,0.8982269292693337,-19.615384615384613,-50.15898251192368,-5.143721633888036,-0.2167832167832168,Sell,Neutral,Strong Sell,Buy,Neutral / mixed technical bias,21.665996110481018,41.034003889518985,30.889964559869163,Complete,https://www.nasdaq.com/market-activity/earnings?date=2026-09-15,https://www.tradingview.com/symbols/NYSE-FPS/,2026-09-06T07:14:29+00:00
2026-09-24,Time not supplied,KMX,CarMax Inc,NYSE,United States,Aug/2026,0.68,7.0,9/25/2025,0.64,6.250000000000005,Forecast EPS broadly flat,8889311200.0,63.29,1.0376756066411217,1158183.0,8981552828.0,30.26,65.28,109.15399867812292,-3.048406862745101,63.2400006649529,Neutral,1.455104945988488,1.5498175693909717,Bearish,60.94999999999997,57.81699999999997,46.27979999999995,61.0247490048181,57.61277692626347,51.23578404382871,Bullish alignment,56.98743012679689,64.91256987320305,Upper third,64.79867164798671,56.64867856648678,25.35434449153224,28.49961388858868,18.137033067213775,76.77823306241382,1.1599999999999966,60.88816810859628,1.8009672976699946,2.845579550750505,0.7588055693031845,8.596431022649275,34.659574468085104,54.027743976636636,0.37575757575757573,Buy,Neutral,Strong Buy,Sell,Neutral / mixed technical bias,55.03693103428718,71.54306896571282,13.040083687332624,Complete,https://www.nasdaq.com/market-activity/earnings?date=2026-09-24,https://www.tradingview.com/symbols/NYSE-KMX/,2026-09-06T07:14:29+00:00
2026-09-08,Time not supplied,GME,GameStop Corporation,NYSE,United States,Jul/2026,,7.0,N/A,0.25,,Insufficient EPS comparison,8628332500.0,19.16,-0.36401456058242476,7146363.0,8596924352.0,17.79,28.1,7.70095559302979,-31.81494661921709,51.333553502558715,Neutral,-0.35165716660568336,-0.5996677295114761,Bullish,18.439,20.26780000000002,22.182949999999988,18.8324938391151,19.84842849092968,21.931491362281168,Negative / mixed,17.61520633651306,19.26279366348694,Upper third,88.0469544822658,86.10355944928834,28.02908261866331,23.532789868948537,17.771240371228295,146.2689359393521,0.9499999999999993,18.487978352031234,0.4969968692192954,2.593929380058953,1.0660546477263668,-0.6224066390041545,-13.926325247079967,-19.258322798145805,-0.11212121212121212,Sell,Neutral,Sell,Neutral,Neutral / mixed technical bias,16.88247422664651,21.43752577335349,11.886877731490028,Complete,https://www.nasdaq.com/market-activity/earnings?date=2026-09-08,https://www.tradingview.com/symbols/NYSE-GME/,2026-09-06T07:14:29+00:00
2026-09-09,Pre-market,CNM,"Core & Main, Inc.",NYSE,United States,Jul/2026,0.91,2.0,9/09/2025,0.87,4.5977011494252915,Forecast EPS broadly flat,8511011300.0,44.32,0.7730786721237004,1330719.0,8576807640.0,41.55,67.06,6.666666666666665,-33.909931404712204,49.04529724436952,Neutral,-0.514809656692151,-0.4918335398229194,Bearish,44.61149999999999,44.95639999999996,49.921099999999996,44.22888632905309,45.23469163298745,48.947174587490096,Bearish alignment,42.13902532874337,47.08397467125661,Middle third,52.79431156921814,36.361235036213,19.89398974603957,16.701851095189934,22.451589793697902,-37.35421641630576,-0.5600000000000023,44.532970899090245,1.2821149930401763,2.8928587388090623,0.6590684935089094,-4.729148753224425,-15.500476644423264,-13.352883675464316,-0.33636363636363636,Sell,Bearish,Sell,Sell,Bearish technical bias,38.444610994755614,50.19538900524439,13.256744145407012,Complete,https://www.nasdaq.com/market-activity/earnings?date=2026-09-09,https://www.tradingview.com/symbols/NYSE-CNM/,2026-09-06T07:14:29+00:00
2026-09-08,After hours,TTAN,"ServiceTitan, Inc.",NASDAQ,United States,Jul/2026,-0.09,5.0,9/04/2025,-0.22,59.09090909090909,Forecast EPS growth,8881514500.0,87.92,-5.563909774436083,1420352.0,8387354691.000002,54.17,119.99,62.30385822410929,-26.727227268939068,46.832009981830396,Neutral,2.825926506237593,3.9638435416771025,Bearish,93.01324999999996,83.91,78.39885000000001,91.73971837209649,85.17597427260529,81.1806355086744,Positive / mixed,85.64160142250807,100.38489857749184,Lower third,22.1972348400878,37.79213782892845,26.296867791618983,24.632303247382033,26.90099822785791,-85.00063157924666,-6.950000000000003,93.17434841190179,4.7181434717396815,5.36640522263385,1.4231556165646324,-0.09090909090908897,5.8639373871162,11.418071220377652,-0.1575757575757576,Sell,Neutral,Sell,Sell,Neutral / mixed technical bias,66.29875040109117,109.54124959890883,24.591958142525964,Complete,https://www.nasdaq.com/market-activity/earnings?date=2026-09-08,https://www.tradingview.com/symbols/NASDAQ-TTAN/,2026-09-06T07:14:29+00:00
2026-09-30,Pre-market,CAG,"ConAgra Brands, Inc.",NYSE,United States,Aug/2026,0.31,5.0,10/01/2025,0.39,-20.512820512820515,Forecast EPS decline,7498656300.0,15.48,-0.8962868117797618,7716818.0,7408195939.0,12.53,20.3161,23.543495610534727,-23.80427345799636,47.7382693863311,Neutral,0.2568902825034769,0.365927731816488,Bearish,15.814999999999994,15.0124,15.875499999999949,15.756611760393561,15.218526023789543,16.091260173653055,Mixed,14.781007736972049,16.84899226302794,Middle third,27.882729006324524,45.76883166136118,15.825520706992341,21.514153488007864,24.893896008623766,-37.572246894510045,-0.9499999999999993,15.841257021260189,0.4230037270949725,2.7325822163757914,0.783536201261924,3.0625832223701788,21.793863099921317,-16.8189145620634,-0.2909090909090909,Sell,Neutral,Sell,Sell,Neutral / mixed technical bias,13.541553401338847,17.418446598661156,12.522264849232261,Complete,https://www.nasdaq.com/market-activity/earnings?date=2026-09-30,https://www.tradingview.com/symbols/NYSE-CAG/,2026-09-06T07:14:29+00:00
2026-09-09,After hours,AVAV,"AeroVironment, Inc.",NASDAQ,United States,Jul/2026,0.32,6.0,9/09/2025,0.32,0.0,Forecast EPS broadly flat,7481596900.0,144.65,-1.739012295360371,1539913.0,7351490626.0,135.2,417.86,6.9896449704142105,-65.38314267936629,38.89623771586232,Neutral,-5.810053049172524,-3.476096423245106,Bearish,164.08650000000003,158.95959999999994,212.46819999999988,155.73480247357202,161.7958798924739,196.94634696391185,Negative / mixed,125.66418915070383,202.50881084929622,Lower third,9.704037608090536,7.121340207688551,17.236125609357032,21.307554347208548,25.824257812656803,-73.57627653437976,-15.569999999999993,162.6591383471807,8.622964910326406,5.961261604097066,1.1861049962489236,-16.863038105638257,-27.41733152692056,-32.60494805013278,-0.5121212121212121,Strong Sell,Bearish,Strong Sell,Neutral,Bearish technical bias,105.13461058348116,184.16538941651885,27.317932538208677,Complete,https://www.nasdaq.com/market-activity/earnings?date=2026-09-09,https://www.tradingview.com/symbols/NASDAQ-AVAV/,2026-09-06T07:14:29+00:00
2026-09-09,After hours,NAVN,"Navan, Inc.",NASDAQ,United States,Jul/2026,-0.12,1.0,N/A,,,Insufficient EPS comparison,7047519200.0,27.78,0.25261638397690467,1486163.0,7065322621.0,8.105,30.88,242.75138803207895,-10.038860103626934,48.94632405231832,Neutral,0.27895631203837823,0.6543680545046596,Bearish,28.79974999999998,27.003900000000016,17.955775000000003,28.235953309646302,26.578555966684256,18.64199738388784,Positive / mixed,27.139387163146683,30.46011283685328,Lower third,26.52329749103943,20.156018995870223,20.796070507165325,17.669236234001698,21.143215122280036,-137.31396914158523,-1.379999999999999,28.870925240127008,1.3256776789057678,4.77205787943041,0.6315896076571543,-1.5417331206804845,23.466666666666672,157.69944341372914,,Unavailable,Neutral,Unavailable,Unavailable,Insufficient technical data,21.704981689300958,33.855018310699045,21.868316453200297,Complete,https://www.nasdaq.com/market-activity/earnings?date=2026-09-09,https://www.tradingview.com/symbols/NASDAQ-NAVN/,2026-09-06T07:14:29+00:00
2026-09-29,Time not supplied,LW,"Lamb Weston Holdings, Inc.",NYSE,United States,Aug/2026,0.58,5.0,9/30/2025,0.74,-21.621621621621625,Forecast EPS decline,6934542300.0,49.87,-1.1300555114988111,1071774.0,6856178224.000001,37.62,67.07,32.56246677299308,-25.644848665573285,37.42936677852322,Neutral,0.27688995474309763,0.9662580117227,Bearish,53.24450000000007,50.46319999999995,47.090600000000066,52.696670619237295,50.8000601181109,49.14203189292252,Mixed,50.277532019052906,56.21146798094724,At/below lower band,6.103999787161818,16.914298207547194,19.71702334097577,15.920023336521508,27.638941274630074,-188.62547716695153,-3.8100000000000023,53.36748904798911,1.5054643264488905,3.0187774743310416,0.7838902907295666,-6.487905494093384,16.60042085573999,9.845814977973566,-0.38181818181818183,Sell,Neutral,Sell,Sell,Neutral / mixed technical bias,42.971095767992246,56.76890423200775,13.833776282349607,Complete,https://www.nasdaq.com/market-activity/earnings?date=2026-09-29,https://www.tradingview.com/symbols/NYSE-LW/,2026-09-06T07:14:29+00:00
2026-09-09,Pre-market,JMKE,Jersey Mike's Subs Inc.,NYSE,United States,Jun/2026,0.23,,N/A,,,Insufficient EPS comparison,8077043700.0,20.78,3.537618335824618,1906079.0,6600536361.999999,19.86,24.99,4.632426988922456,-16.84673869547818,44.701365775032784,Neutral,-0.7698990687543947,,Unavailable,22.048,,,21.851366464558225,,,Unavailable,20.137423123765956,23.95857687623404,Lower third,11.330201190488443,7.29671493565827,,17.61458149917493,21.929230753961775,-136.19940341370042,-3.0799999999999983,22.03533820580809,1.204822480284902,5.797990761717526,0.8671794156699559,-10.777157578359803,-1.0476190476190421,-1.0476190476190421,-0.19047619047619047,Sell,Neutral,Strong Sell,Buy,Neutral / mixed technical bias,15.258809785109998,26.301190214890006,26.569731544225235,Complete,https://www.nasdaq.com/market-activity/earnings?date=2026-09-09,https://www.tradingview.com/symbols/NYSE-JMKE/,2026-09-06T07:14:29+00:00
2026-09-10,Pre-market,M,Macy's Inc,NYSE,United States,Jul/2026,0.37,4.0,9/03/2025,0.41,-9.756097560975606,Forecast EPS broadly flat,5910463000.0,23.05,2.581219403649319,3577699.0,6063024866.0,16.41,26.585,40.463132236441204,-13.296971976678574,48.849426851181946,Neutral,-0.44194707475541506,-0.4263577727099604,Bearish,23.032499999999978,23.693000000000012,21.556824999999982,22.98867208185798,23.213270241844278,21.22232409820554,Mixed,21.47259134882714,24.592408651172814,Middle third,43.924441144931116,29.870391592581097,17.047917307505003,20.902135269107482,22.828968008879,-28.287343444091697,0.23000000000000043,22.9706978769169,0.7440553687144167,3.2280059380234998,0.6296596844826305,-11.685823754789274,-0.9028374892519383,21.860956912503315,0.2,Buy,Neutral,Buy,Unavailable,Neutral / mixed technical bias,19.64030995162791,26.459690048372092,14.792581554759614,Complete,https://www.nasdaq.com/market-activity/earnings?date=2026-09-10,https://www.tradingview.com/symbols/NYSE-M/,2026-09-06T07:14:29+00:00
2026-09-23,Time not supplied,UEC,Uranium Energy Corp.,AMEX,United States,Jul/2026,-0.04,1.0,9/24/2025,,,Insufficient EPS comparison,5695981100.0,11.54,0.2606429192006895,4993665.0,5710827194.0,8.905,20.34,29.590117911285784,-43.2645034414946,49.36817661128819,Neutral,0.29618849686455384,0.4325501426540664,Bearish,11.884999999999996,10.811200000000001,13.265700000000002,11.747500780935404,11.492708235966475,12.154339768310308,Mixed,10.331623033517026,13.438376966482966,Middle third,30.54695562435498,33.402132782937734,18.66475500307639,21.9140968602177,22.20033485759035,-35.151238924601024,-1.2200000000000006,12.064068263878141,0.6628648053797118,5.744062438299062,0.49652181727403727,8.356807511737077,-16.255442670537015,-12.971342383107093,-0.24545454545454548,Sell,Neutral,Sell,Neutral,Neutral / mixed technical bias,8.502371853825299,14.5776281461747,26.322600920058065,Complete,https://www.nasdaq.com/market-activity/earnings?date=2026-09-23,https://www.tradingview.com/symbols/AMEX-UEC/,2026-09-06T07:14:29+00:00
2026-09-22,Time not supplied,AIR,AAR Corp.,NYSE,United States,Aug/2026,,,9/23/2025,1.08,,Insufficient EPS comparison,5058926100.0,126.54,0.7003024033105282,197394.0,5094353480.0,73.05,154.0,73.22381930184807,-17.83116883116883,39.65057899912104,Neutral,-3.582895846678298,-1.7787082071048936,Bearish,137.07800000000012,137.8534,114.07610000000008,133.8433195897156,134.23869910732316,116.36209803789282,Mixed,120.08038063728097,154.07561936271927,Lower third,9.418553604099856,5.625391600190903,17.963219465490692,17.14473639459173,28.32347531160808,-105.2866958227656,-8.279999999999987,140.12305053403986,5.204009264307815,4.1125409074662675,0.7016011137811939,-15.073825503355701,10.757111597374186,16.60523405823812,-0.17575757575757575,Sell,Neutral,Strong Sell,Buy,Neutral / mixed technical bias,102.692233629058,150.38776637094202,18.84603000706655,Complete,https://www.nasdaq.com/market-activity/earnings?date=2026-09-22,https://www.tradingview.com/symbols/NYSE-AIR/,2026-09-06T07:14:29+00:00
2026-10-05,Time not supplied,MTN,"Vail Resorts, Inc.",NYSE,United States,Jul/2026,-5.31,6.0,9/29/2025,-5.08,-4.5275590551181,Forecast EPS broadly flat,4848297500.0,134.96,-0.8084668528590286,443117.0,4809100887.999999,118.51,163.34,13.8806851742469,-17.37480102852944,37.07836738456472,Neutral,-3.0991978582640627,-1.3790599521811364,Bearish,144.90899999999962,145.9311999999999,137.96340000000018,142.96204421316156,143.5920040463723,141.61184493802267,Negative / mixed,132.6888086757847,157.12919132421453,Lower third,17.623010658490312,13.257717223413328,22.55050280662845,11.731699204968935,32.8211728048683,-132.62067626658836,-17.849999999999994,144.5611064519273,4.401942384022468,3.2616644813444484,0.8193252761118248,-9.918568949405945,-0.12580478058165284,-2.004066221318611,-0.49090909090909096,Sell,Bearish,Strong Sell,Sell,Bearish technical bias,114.78776582038267,155.13223417961734,14.946824377309815,Complete,https://www.nasdaq.com/market-activity/earnings?date=2026-10-05,https://www.tradingview.com/symbols/NYSE-MTN/,2026-09-06T07:14:29+00:00
2026-09-09,Pre-market,KFY,Korn Ferry ,NYSE,United States,Jul/2026,1.35,1.0,9/09/2025,1.31,3.0534351145038197,Forecast EPS broadly flat,4662494700.0,85.35,-0.28040658955486514,621684.0,4383245831.0,58.95,87.51,44.783715012722624,-2.4682893383613402,58.759922227734975,Neutral,1.297568986534273,1.5716156765316658,Bearish,84.423,79.94780000000004,69.58555,84.09305027695176,80.55917169357018,72.52177216492815,Bullish alignment,82.66020562742166,86.18579437257834,Upper third,42.81229327144081,41.508272024853476,27.95293442193375,28.080398364377125,19.47848489368131,28.90144647601717,0.28999999999999204,84.56387987623783,2.0001122675109455,2.3434238635160467,1.7100498339555816,1.667659321024409,19.08748430305566,32.86114570361146,0.37575757575757573,Buy,Neutral,Strong Buy,Sell,Neutral / mixed technical bias,76.18433413572131,94.51566586427867,10.738917239928146,Complete,https://www.nasdaq.com/market-activity/earnings?date=2026-09-09,https://www.tradingview.com/symbols/NYSE-KFY/,2026-09-06T07:14:29+00:00
2026-09-23,Time not supplied,THO,"Thor Industries, Inc.",NYSE,United States,Jul/2026,0.95,6.0,9/24/2025,,,Insufficient EPS comparison,3944907780.0,76.94,1.5307468989179158,495520.0,4005294116.0000005,69.71,122.83,10.371539233969319,-37.36057966294879,48.72586023837019,Neutral,-0.4122265504829983,-0.04175532325741704,Bearish,78.0145000000002,76.9304000000001,88.57150000000006,77.24334724506413,77.38059922987846,84.56533513928933,Mixed,74.56335830486525,81.46564169513515,Middle third,29.52101661779081,19.985937473204036,13.722949730263206,16.245745311290527,18.405622826858124,-82.74453500011026,-2.549999999999997,78.09226582703975,2.456530188021804,3.1927868313254533,0.9923151249355422,-5.176238599950706,2.0424403183023765,-13.453318335208108,-0.17878787878787877,Sell,Neutral,Sell,Neutral,Neutral / mixed technical bias,65.68276446644597,88.19723553355402,14.631187332407091,Complete,https://www.nasdaq.com/market-activity/earnings?date=2026-09-23,https://www.tradingview.com/symbols/NYSE-THO/,2026-09-06T07:14:29+00:00
2026-09-08,After hours,BRZE,"Braze, Inc.",NASDAQ,United States,Jul/2026,-0.21,7.0,9/04/2025,-0.22,4.545454545454549,Forecast EPS broadly flat,4075778300.0,31.96,-3.879699248120298,2068790.0,3599708009.0,15.26,37.3273,109.4364351245085,-14.37902018093996,58.24740629012945,Neutral,1.8583431607781549,1.9094787180146655,Bearish,30.978999999999992,27.119600000000005,24.731249999999974,30.97388528336964,28.05123926395249,25.850852824362203,Bullish alignment,26.81127208181707,35.14672791818292,Middle third,68.02655456779911,72.31569171923462,26.466591268964734,33.1213911190169,24.061229724734616,42.48337939119618,0.9000000000000021,31.096922025739996,1.5734919700990138,4.92331655224973,0.7662498780042665,19.387373926036613,38.896132116471094,55.070354196991765,0.17575757575757575,Buy,Neutral,Strong Buy,Sell,Neutral / mixed technical bias,24.74935394161608,39.17064605838392,22.561470770913395,Complete,https://www.nasdaq.com/market-activity/earnings?date=2026-09-08,https://www.tradingview.com/symbols/NASDAQ-BRZE/,2026-09-06T07:14:29+00:00
2026-09-23,Time not supplied,KBH,KB Home,NYSE,United States,Aug/2026,0.88,6.0,9/24/2025,,,Insufficient EPS comparison,3207111940.0,52.25,-0.11470082202256217,584729.0,3203433220.9999995,44.025,68.41,18.682566723452588,-23.622277444818007,39.42576536704444,Neutral,-1.0513179432178035,-0.6599875566654325,Bearish,54.93250000000002,56.55539999999999,56.47032500000004,54.53541769761006,55.199071086768434,56.278848412207076,Negative / mixed,51.55856535333359,58.306434646666446,Lower third,4.813818801796363,2.721725084920724,13.029583342141922,18.804372449463838,25.30588838995558,-145.871626137623,-3.1199999999999974,55.01344426687391,1.6571883015969686,3.171652251860227,0.7449634964332198,-8.733624454148472,1.083381698587739,-9.539473684210522,-0.4,Sell,Bearish,Strong Sell,Unavailable,Bearish technical bias,44.65580916713658,59.84419083286342,14.534336522226635,Complete,https://www.nasdaq.com/market-activity/earnings?date=2026-09-23,https://www.tradingview.com/symbols/NYSE-KBH/,2026-09-06T07:14:29+00:00
2026-09-22,After hours,WOR,"Worthington Enterprises, Inc.",NYSE,United States,Aug/2026,0.76,2.0,9/23/2025,0.74,2.7027027027027053,Forecast EPS broadly flat,2997744130.0,62.49,1.9911865513301759,425396.0,3057434846.0,45.01,65.69,38.83581426349701,-4.871365504643011,70.67523837944812,Overbought,0.9191649110695934,0.4747255176250737,Bullish,57.885000000000005,56.435,55.053550000000016,58.2228114632455,57.2088658894891,55.76323978457332,Bullish alignment,54.84019787178309,60.92980212821692,At/above upper band,90.52744873374537,69.36937429537284,19.745649651937512,32.80949076216041,16.71439217903924,315.53317927718246,5.630000000000003,58.30575849253224,1.654979051944973,2.6483902255480443,1.6103962770498204,5.521783181357655,8.433107756376886,22.794262134014545,0.5121212121212121,Strong Buy,Bullish,Strong Buy,Neutral,Bullish technical bias,54.90593322089591,70.0740667791041,12.136448678355084,Complete,https://www.nasdaq.com/market-activity/earnings?date=2026-09-22,https://www.tradingview.com/symbols/NYSE-WOR/,2026-09-06T07:14:29+00:00
2026-09-10,Time not supplied,FIZZ,National Beverage Corp.,NASDAQ,United States,Jul/2026,,2.0,N/A,0.6,,Insufficient EPS comparison,3038752770.0,32.24,-0.6777572396796021,367397.0,3018054219.0,30.0101,40.65,7.430498398872376,-20.68880688806888,51.04907643942495,Neutral,0.07333819887806214,0.05348186914360998,Bullish,31.96,31.864800000000024,33.89900000000001,32.13109699833243,32.40709148322217,34.513284327387964,Mixed,30.499041410580368,33.420958589419634,Middle third,55.935747572238,51.82720573542002,9.635921039486437,17.28588079446747,19.892035275478293,14.037277329773787,-0.12999999999999545,31.975401315083552,0.9432629883308026,2.9257536858895863,1.1062133021880862,0.5928237129485331,-7.964601769911501,-8.51305334846765,0.02121212121212121,Neutral,Neutral,Buy,Neutral,Neutral / mixed technical bias,27.91742595572385,36.562574044276154,13.407487730385082,Complete,https://www.nasdaq.com/market-activity/earnings?date=2026-09-10,https://www.tradingview.com/symbols/NASDAQ-FIZZ/,2026-09-06T07:14:29+00:00
2026-09-07,Time not supplied,CHRN,ChronoScale Holdings Corporation,NASDAQ,United States,Jun/2026,-0.06,1.0,7/28/2025,-1.24,95.16129032258064,Forecast EPS growth,2924400130.0,20.26,0.8964143426294985,138626.0,2950614794.0,3.47,30.0,483.8616714697406,-32.46666666666667,47.55278890442671,Neutral,-0.6564136481405605,-0.42419229556556004,Bearish,20.90950000000001,21.561399999999995,13.608949999999993,20.680146920511234,20.699594799993896,15.347943025958513,Mixed,17.147943274387877,24.67105672561214,Middle third,32.25108225108225,21.87628161312372,10.783018294816035,22.24415628484466,20.92033607498806,-43.70239530115853,-3.5849999999999973,20.84878925421353,2.3220395081220366,11.461201915706004,0.8280460226003414,-15.159128978224446,-11.489733508082127,88.64059590316575,-0.045454545454545456,Neutral,Neutral,Unavailable,Neutral,Neutral / mixed technical bias,9.619078187352743,30.900921812647262,52.52182533389564,Complete,https://www.nasdaq.com/market-activity/earnings?date=2026-09-07,https://www.tradingview.com/symbols/NASDAQ-CHRN/,2026-09-06T07:14:29+00:00
2026-09-09,After hours,AEO,"American Eagle Outfitters, Inc.",NYSE,United States,Jul/2026,0.21,6.0,9/03/2025,0.45,-53.333333333333336,Forecast EPS decline,2850422270.0,17.39,2.2339800117577835,5381004.0,2914100171.0000005,14.055,28.46,23.728210601209533,-38.89669711876318,54.83467853566963,Neutral,-0.05145820847511118,-0.1249113777817589,Bullish,16.747500000000016,17.039799999999985,19.757849999999998,16.895004019781297,17.05708791785122,17.866469246386508,Mixed,15.640415992348194,17.854584007651837,Upper third,60.15424164524421,49.09196218107956,11.244292432523173,22.17798592488371,23.637908667048116,62.50468731585464,1.2199999999999989,16.766088815661835,0.6864877926976475,3.9476008780773286,1.1132291619730468,-3.816371681415917,5.971968312004877,-7.5,0.403030303030303,Buy,Neutral,Strong Buy,Buy,Neutral / mixed technical bias,14.244117726299878,20.535882273700125,18.0901798372635,Complete,https://www.nasdaq.com/market-activity/earnings?date=2026-09-09,https://www.tradingview.com/symbols/NYSE-AEO/,2026-09-06T07:14:29+00:00
2026-09-23,Time not supplied,FUL,H. B. Fuller Company,NYSE,United States,Aug/2026,1.46,3.0,9/24/2025,,,Insufficient EPS comparison,2886770430.0,53.89,0.40991242779951337,382261.0,2898603532.0,48.71,68.63,10.634366659823446,-21.477487979017916,36.06596495738307,Neutral,-1.3066685631170358,-0.6545352356696361,Bearish,58.258499999999984,57.641599999999904,60.1050499999999,56.820510276077464,58.04754384724126,59.66252895961757,Negative / mixed,52.16134238353577,64.3556576164642,Lower third,8.447843288477758,5.893614419352217,21.30591967801619,15.265053994641928,30.742016201015634,-125.23469424198782,-4.810000000000002,58.675962879632905,1.8437981432504886,3.4214105460205766,0.7478920225646568,-7.596021947873799,-10.645000829049913,-10.630182421227191,-0.3090909090909091,Sell,Bearish,Strong Sell,Buy,Bearish technical bias,45.440655442335604,62.3393445576644,15.678872810659481,Complete,https://www.nasdaq.com/market-activity/earnings?date=2026-09-23,https://www.tradingview.com/symbols/NYSE-FUL/,2026-09-06T07:14:29+00:00
2026-10-05,Time not supplied,AEHR,Aehr Test Systems,NASDAQ,United States,Aug/2026,0.05,1.0,10/06/2025,-0.05,200.0,Forecast turnaround to profit,2487961600.0,86.26,13.09820374983612,4520676.0,2813840006.0,18.7,147.4,361.2834224598931,-41.47896879240163,45.61365521082789,Neutral,-5.013370276653077,-1.5865106187586857,Bearish,102.3765,90.82300000000004,62.73634999999997,92.42866292510547,93.3474551276227,70.06297853933114,Mixed,61.901154281896396,142.8518457181036,Lower third,9.649302190712698,6.205419332984242,15.27734737969429,25.643246059181088,28.96624537473743,-75.35465222526491,-15.469999999999999,102.52875485286567,10.246786625644546,11.878955049437218,1.8872674916855754,-19.68342644320298,-21.809282088469896,121.57718982789625,-0.04242424242424242,Neutral,Neutral,Sell,Buy,Neutral / mixed technical bias,39.303324657922744,133.21667534207728,54.436210691023945,Complete,https://www.nasdaq.com/market-activity/earnings?date=2026-10-05,https://www.tradingview.com/symbols/NASDAQ-AEHR/,2026-09-06T07:14:29+00:00
2026-09-10,Time not supplied,RH,RH,NYSE,United States,Jul/2026,0.42,5.0,9/11/2025,2.93,-85.6655290102389,Forecast EPS decline,2771070980.0,147.99,0.9412727644771811,411555.0,2797154439.9999995,106.3037,253.05,39.21434531441521,-41.51748666271487,40.12004586736072,Neutral,-7.5253610825638475,-6.422518517023866,Bearish,159.8969999999999,168.7469999999999,162.62835000000004,156.53004936172525,161.46882040273235,168.3102809452572,Negative / mixed,128.88018965463894,190.91381034536087,Lower third,17.888599228726267,15.86984218922972,19.722910599609026,20.02451618941693,26.461044311621837,-59.09533200453266,-5.219999999999999,158.04606870653853,8.192851194979559,5.536084326629879,0.5817953629119186,-20.567870753045995,-2.4134520276953486,-0.8907045271899171,-0.3333333333333333,Sell,Bearish,Strong Sell,Unavailable,Bearish technical bias,110.44563924149678,185.53436075850323,25.369525480440046,Complete,https://www.nasdaq.com/market-activity/earnings?date=2026-09-10,https://www.tradingview.com/symbols/NYSE-RH/,2026-09-06T07:14:29+00:00
2026-09-09,Pre-market,ASO,"Academy Sports and Outdoors, Inc.",NASDAQ,United States,Jul/2026,2.06,5.0,9/02/2025,1.82,13.186813186813188,Forecast EPS growth,2708962560.0,44.94,2.8846153846153797,1606430.0,2787105533.9999995,41.29,62.445,8.83991281181884,-28.03266874849868,46.46666392124413,Neutral,-1.2120417238620007,-1.1560028963674216,Bearish,45.74750000000001,46.854,52.35775000000004,45.16624723637921,47.024018545415366,50.48541875559618,Bearish alignment,40.9577520943161,50.53724790568392,Middle third,31.40055587519899,21.72275343570826,21.258060063520016,16.885256103541785,25.305112609428583,-42.49371056490877,-0.8900000000000006,45.34598748649257,1.6426238955879362,3.6551488553358618,0.783878902340194,-8.360522022838502,-12.226562500000009,-24.647887323943664,-0.26666666666666666,Sell,Bearish,Strong Sell,Unavailable,Bearish technical bias,37.41255166012504,52.467448339874956,16.74999630590778,Complete,https://www.nasdaq.com/market-activity/earnings?date=2026-09-09,https://www.tradingview.com/symbols/NASDAQ-ASO/,2026-09-06T07:14:29+00:00
2026-09-08,Pre-market,ABM,ABM Industries Incorporated,NYSE,United States,Jul/2026,1.01,3.0,9/05/2025,0.82,23.17073170731708,Forecast EPS growth,2766777090.0,47.05,-0.38111369892017727,367847.0,2756232297.0,36.962,50.12,27.292895406092722,-6.125299281723862,49.20575588967521,Neutral,-0.09833949900681915,0.007227460251288224,Bearish,47.30900000000004,46.96219999999992,43.508899999999805,47.16532219978277,46.50338989765019,44.66913612429614,Positive / mixed,46.088395231867906,48.529604768132174,Middle third,36.336541172466745,24.07336839470231,11.531764751010785,19.725924023882037,19.790012253165326,-46.24134984858638,0.23999999999999488,47.24185111116256,0.9066401038422268,1.9269715278261996,1.0004748792675218,-4.331028873525828,12.72160996645902,7.518281535648992,0.17878787878787877,Buy,Neutral,Buy,Neutral,Neutral / mixed technical bias,42.89525309606037,51.20474690393962,8.830492888288264,Complete,https://www.nasdaq.com/market-activity/earnings?date=2026-09-08,https://www.tradingview.com/symbols/NYSE-ABM/,2026-09-06T07:14:29+00:00
2026-09-08,Pre-market,UNFI,"United Natural Foods, Inc.",NYSE,United States,Jul/2026,0.62,2.0,9/30/2025,-0.11,663.6363636363636,Forecast turnaround to profit,2639844860.0,43.93,0.7106831728564931,1098019.0,2658605933.0,27.97,57.02,57.0611369324276,-22.956857243072616,36.38493441881376,Neutral,-1.1477041594729158,-0.7884356151695388,Bearish,46.633499999999984,47.710800000000056,43.397800000000025,46.28232855262617,47.48103819207241,43.8533366536001,Mixed,43.352632584207875,49.91436741579209,Lower third,17.258973358486504,14.456408737025845,21.249568437357805,10.697713732805727,30.943816496025583,-146.40938138268245,-4.109999999999999,46.16857480189168,1.6091844202752597,3.6630649220925555,2.1250918099256326,-10.511305764921579,-17.88785046728972,19.019235979409384,-0.31212121212121213,Sell,Neutral,Strong Sell,Neutral,Neutral / mixed technical bias,36.555790586944994,51.304209413055005,16.78627228102665,Complete,https://www.nasdaq.com/market-activity/earnings?date=2026-09-08,https://www.tradingview.com/symbols/NYSE-UNFI/,2026-09-06T07:14:29+00:00
2026-10-06,Time not supplied,PENG,"Penguin Solutions, Inc.",NASDAQ,United States,Aug/2026,0.61,1.0,10/07/2025,0.3,103.33333333333334,Forecast EPS growth,2491932420.0,51.76,6.436356158749732,1132469.0,2652321997.0,16.04,89.86,222.69326683291771,-42.39928778099266,46.78057947658382,Neutral,-2.489290062170028,-2.338228372083517,Bearish,53.68099999999996,58.9004,36.613425,52.46759269266937,54.82853288785928,42.33659928689223,Mixed,43.8767399055301,63.48526009446982,Middle third,20.03136385049447,11.17914760516148,18.221514368239657,21.042033816524963,29.353144058314736,-43.65447484223956,-0.8599999999999994,53.820163441061226,3.953855856669901,7.638825070846023,0.7824191376185466,-8.437997523438888,-24.072172509901723,180.84644601193708,-0.06666666666666667,Neutral,Neutral,Sell,Unavailable,Neutral / mixed technical bias,33.64115624986571,69.87884375013428,35.0054941076783,Complete,https://www.nasdaq.com/market-activity/earnings?date=2026-10-06,https://www.tradingview.com/symbols/NASDAQ-PENG/,2026-09-06T07:14:29+00:00
2026-09-10,Time not supplied,HUBG,"Hub Group, Inc.",NASDAQ,United States,Jun/2026,0.52,3.0,7/31/2025,0.45,15.555555555555555,Forecast EPS growth,2234549250.0,36.68,0.38314176245210885,841798.0,2243110716.0000005,32.9,53.26,11.489361702127665,-31.130304168231316,33.29904608702266,Neutral,-2.1014507898303165,-1.8776011624348923,Bearish,39.67199999999997,44.244799999999906,42.44707500000001,39.98620728255802,42.32948080689411,41.91539288493358,Negative / mixed,35.10584800953697,44.23815199046297,Lower third,15.320644353907115,16.033868298578764,44.9527995808634,8.767880351090628,33.683375326042686,-171.1894996326502,-4.049999999999997,39.49283106881427,1.8222582557534088,4.9679887016177995,0.8080372346899714,-23.07046979865772,-16.17915904936014,-9.89928764431344,-0.49090909090909096,Sell,Bearish,Strong Sell,Sell,Bearish technical bias,28.329363607251807,45.03063639274819,22.76618427684895,Complete,https://www.nasdaq.com/market-activity/earnings?date=2026-09-10,https://www.tradingview.com/symbols/NASDAQ-HUBG/,2026-09-06T07:14:29+00:00
2026-09-24,Time not supplied,CNXC,Concentrix Corporation,NASDAQ,United States,Aug/2026,2.4,1.0,9/25/2025,2.46,-2.4390243902439046,Forecast EPS broadly flat,2004452740.0,32.16,-2.100456621004581,862071.0,1962350206.9999998,19.12,57.875,68.20083682008367,-44.431965442764586,71.92309615629851,Overbought,1.9562919917227823,1.2700362953841355,Bullish,27.320499999999992,25.438699999999994,30.63512499999997,28.3907641857065,26.66857100971017,31.087479259984445,Positive / mixed,21.20891927157937,33.432080728420615,Upper third,87.90534618755476,88.80015966197307,25.750807821627532,32.22288585595145,11.459626924892616,126.05055976008295,6.759999999999998,27.63250658561047,1.8212393851230202,5.6630577895616305,0.6681921689521944,24.458204334365313,12.644483362521877,-5.467372134038819,0.2181818181818182,Buy,Bullish,Strong Buy,Sell,Bullish technical bias,23.814032659038926,40.505967340961064,25.951390985575472,Complete,https://www.nasdaq.com/market-activity/earnings?date=2026-09-24,https://www.tradingview.com/symbols/NASDAQ-CNXC/,2026-09-06T07:14:29+00:00
2026-09-23,Time not supplied,WS,"Worthington Steel, Inc.",NYSE,United States,Aug/2026,1.16,1.0,9/24/2025,,,Insufficient EPS comparison,1833568770.0,36.17,0.5001389274798547,211307.0,1842739048.0,27.22,49.17,32.88023512123439,-26.43888549928818,52.95385523529965,Neutral,-0.3302101760025806,-0.45047355589604926,Bullish,35.79150000000003,35.384800000000006,37.239999999999974,35.49572713991597,36.126134400367086,36.17325889186058,Mixed,32.43079010475631,39.15220989524374,Middle third,55.890813217701215,41.38862569155386,20.524360489587103,18.663137139539653,14.453850111305934,-0.8958302055307016,1.240000000000002,35.519192432441216,1.6730311577133448,4.625466291715081,0.7433521786040569,-5.363683935112499,-14.410790345480352,-4.815789473684206,0.06666666666666667,Neutral,Neutral,Buy,Unavailable,Neutral / mixed technical bias,28.503208079759,43.836791920241005,21.196549406251048,Complete,https://www.nasdaq.com/market-activity/earnings?date=2026-09-23,https://www.tradingview.com/symbols/NYSE-WS/,2026-09-06T07:14:29+00:00
2026-10-05,Time not supplied,PRGS,Progress Software Corporation,NASDAQ,United States,Aug/2026,1.16,2.0,9/29/2025,1.19,-2.521008403361347,Forecast EPS broadly flat,1829587330.0,44.05,-1.2553239184039504,364027.0,1806620120.0000002,23.82,47.37,84.92863140218303,-7.0086552670466595,54.33821586731652,Neutral,1.0990749288863029,1.3288525891480967,Bearish,43.982500000000016,40.99940000000006,36.98364999999999,43.6339692167403,40.860332792649054,38.914479090235645,Bullish alignment,42.2332272939895,45.73177270601053,Middle third,43.05220883534131,53.761713520749645,33.14103343470599,21.170096081952202,17.704360646094415,-28.008072798386134,-0.3100000000000023,44.162817998215864,1.7231401811985685,3.9117824771817675,0.6987924840076692,4.9559208958780046,38.087774294670844,12.948717948717942,0.1090909090909091,Buy,Neutral,Buy,Sell,Neutral / mixed technical bias,36.153579686637634,51.94642031336236,17.926039303887315,Complete,https://www.nasdaq.com/market-activity/earnings?date=2026-10-05,https://www.tradingview.com/symbols/NASDAQ-PRGS/,2026-09-06T07:14:29+00:00
2026-10-05,Time not supplied,IDT,IDT Corporation,NYSE,United States,Jul/2026,,7.0,N/A,0.76,,Insufficient EPS comparison,1709216510.0,68.83,0.14549687181724763,117976.0,1711703509.0,45.72,69.97,50.546806649168865,-1.6292696870087164,63.43937426997371,Neutral,1.2391245288288673,1.3728774339406304,Bearish,67.57399999999993,64.76800000000006,54.38765000000005,67.66013784252321,64.61364707923128,57.34189558319252,Bullish alignment,64.8302478245949,70.31775217540495,Upper third,74.8652645188509,72.91280384583158,20.72528552384809,20.655160373409704,18.27067309120595,53.7909066932665,0.9099999999999966,67.56329127901566,1.6754209665753463,2.434143493498978,0.7702316714489503,1.8647328696167016,23.617097701149422,34.85501567398119,0.37575757575757573,Buy,Neutral,Strong Buy,Sell,Neutral / mixed technical bias,61.1522565997524,76.5077434002476,11.154646811343314,Complete,https://www.nasdaq.com/market-activity/earnings?date=2026-10-05,https://www.tradingview.com/symbols/NYSE-IDT/,2026-09-06T07:14:29+00:00
2026-09-09,Time not supplied,ANAB,"AnaptysBio, Inc.",NASDAQ,United States,Jun/2026,-0.22,3.0,8/06/2025,-1.34,83.58208955223881,Forecast EPS growth,1701303300.0,56.8,-1.1486251305255895,1061882.0,1681761667.0,11.40244381,72.36,398.1388283640224,-21.503593145384194,49.264861779473065,Neutral,-0.08722296218773096,0.009516194697498048,Bearish,57.39850000000001,58.176700000000054,46.4390648881,56.98322539818952,57.00644260815245,47.35608389424726,Mixed,54.94491262637962,59.85208737362041,Middle third,36.10619469026552,28.218169361015374,10.769845579360272,14.412324001455433,14.460113945810935,-17.128482407207933,-0.9400000000000048,57.17203692783888,2.7043681917131392,4.761211605128766,2.4784095338345162,2.490075784915185,12.297350731514431,53.785642028470576,-0.17878787878787877,Sell,Neutral,Sell,Neutral,Neutral / mixed technical bias,44.40702805444369,69.19297194555631,21.818612580204764,Complete,https://www.nasdaq.com/market-activity/earnings?date=2026-09-09,https://www.tradingview.com/symbols/NASDAQ-ANAB/,2026-09-06T07:14:29+00:00
2026-09-22,Pre-market,MLKN,"MillerKnoll, Inc.",NASDAQ,United States,Aug/2026,0.35,3.0,9/23/2025,0.45,-22.22222222222223,Forecast EPS decline,1538933250.0,22.92,2.3671281822242123,377117.0,1561384610.9999998,13.7733,24.71,66.40892160920042,-7.2440307567786295,51.95731022931878,Neutral,0.068842987296442,0.2696150003900461,Bearish,23.181250000000002,22.340200000000003,18.721275000000013,22.879458968493786,21.86837801833821,19.486211250861558,Positive / mixed,22.076089943718568,24.286410056281436,Middle third,32.61608553373958,20.670318337972347,18.41636692973527,18.571667113042366,21.530180662025813,-87.57369076206058,-0.10999999999999943,23.119964798631273,0.8089594734959816,3.5294915946596053,0.6782008973932435,-5.25010334849111,54.86486486486487,17.177914110429462,0.31212121212121213,Buy,Neutral,Strong Buy,Neutral,Neutral / mixed technical bias,19.212881978553042,26.62711802144696,16.17416239723804,Complete,https://www.nasdaq.com/market-activity/earnings?date=2026-09-22,https://www.tradingview.com/symbols/NASDAQ-MLKN/,2026-09-06T07:14:29+00:00
2026-09-14,After hours,KMTS,"Kestra Medical Technologies, Ltd.",NASDAQ,United States,Jul/2026,-0.61,5.0,9/11/2025,-0.46,-32.6086956521739,Forecast EPS decline,1473282430.0,25.54,1.591089896579151,181777.0,1496723808.0,16.68,29.9999,53.11750599520384,-14.866382887942963,47.658396188189705,Neutral,0.06923193039723685,0.3949488433409486,Bearish,26.852500000000003,25.515100000000004,23.584800000000005,25.992156049498096,25.125656498114534,23.270578534215428,Positive / mixed,24.708458256003592,28.996541743996413,Lower third,14.818979914318879,12.155279266856565,12.287186881211571,15.916644173547205,17.809115281408225,-116.62147489708775,-1.4499999999999993,26.930240174213722,1.2737422602138757,4.987244558394188,0.7216841108961489,-0.5451713395638651,24.88997555012225,10.51492860233665,0.13636363636363635,Buy,Neutral,Unavailable,Buy,Neutral / mixed technical bias,19.702979676705777,31.37702032329422,22.854425698097977,Complete,https://www.nasdaq.com/market-activity/earnings?date=2026-09-14,https://www.tradingview.com/symbols/NASDAQ-KMTS/,2026-09-06T07:14:29+00:00
2026-09-08,After hours,INNV,InnovAge Holding Corp.,NASDAQ,United States,Jun/2026,0.09,2.0,9/09/2025,-0.01,999.9999999999998,Forecast turnaround to profit,1461880960.0,10.75,-0.1857010213556135,161443.0,1459166183.0,3.6864,12.64,191.61241319444446,-14.952531645569621,46.6025681423362,Neutral,-0.039260253809954904,-0.022049651890840138,Bearish,10.802000000000003,11.218200000000001,8.253050000000004,10.883627191544457,10.660532280183375,8.597805708571267,Mixed,10.384838160901653,11.219161839098353,Middle third,21.31680731364275,25.99731914956951,18.87083007130222,22.4219554421439,16.0655261794427,-17.47179551715845,-0.21000000000000085,10.81182912779253,0.49372593281041277,4.592799374980584,0.8204530093051384,-1.285583103764927,49.513212795549364,17.23009814612868,-0.1575757575757576,Sell,Neutral,Sell,Sell,Neutral / mixed technical bias,8.487463540333602,13.012536459666398,21.046850787594398,Complete,https://www.nasdaq.com/market-activity/earnings?date=2026-09-08,https://www.tradingview.com/symbols/NASDAQ-INNV/,2026-09-06T07:14:29+00:00
2026-09-09,After hours,WLTH,Wealthfront Corporation,NASDAQ,United States,Jul/2026,0.09,,N/A,,,Insufficient EPS comparison,1393540100.0,9.58,2.679528403001072,1333014.0,1430880489.0,7.2,14.75,33.05555555555555,-35.05084745762712,56.353002748166084,Neutral,-0.024893345812225576,-0.040958114185438384,Bullish,9.27025,9.295599999999991,,9.282691114979091,9.392273169009306,,Unavailable,8.874617910806638,9.665882089193364,Upper third,67.77917012941622,42.59460056299573,12.243160941801479,18.64155009198116,18.639394007983224,71.46442838793426,0.35999999999999943,9.287720906227088,0.32260145756061265,3.3674473649333265,1.0525811260683626,-1.1351909184726463,-3.524672708962736,12.441314553990617,0.39860139860139865,Buy,Neutral,Strong Buy,Buy,Neutral / mixed technical bias,8.101654401425408,11.058345598574592,15.43158244858655,Complete,https://www.nasdaq.com/market-activity/earnings?date=2026-09-09,https://www.tradingview.com/symbols/NASDAQ-WLTH/,2026-09-06T07:14:29+00:00
2026-09-16,Time not supplied,CBRL,"Cracker Barrel Old Country Store, Inc.",NASDAQ,United States,Jul/2026,0.2,3.0,9/17/2025,0.74,-72.97297297297298,Forecast EPS decline,1208096380.0,54.69,1.1840888066605006,736268.0,1222401394.0,24.85,60.26,120.08048289738427,-9.243279123796878,46.973223086074206,Neutral,0.018567431817359648,0.6326704091088718,Bearish,56.59100000000002,54.859799999999986,36.994724999999974,55.80122126407755,53.07566798740883,43.5204372277534,Mixed,53.27453109467547,59.90746890532458,Lower third,23.40652130023068,20.204356739473912,20.95823176342882,16.484304627853998,19.661078886010202,-107.36967376005312,-2.960000000000001,56.537365598494446,2.33087011694572,4.261967666750266,0.9587393416509289,-5.183772538141474,65.72727272727273,81.57370517928285,-0.06666666666666667,Neutral,Neutral,Sell,Unavailable,Neutral / mixed technical bias,44.00861125398566,65.37138874601433,19.53078944233742,Complete,https://www.nasdaq.com/market-activity/earnings?date=2026-09-16,https://www.tradingview.com/symbols/NASDAQ-CBRL/,2026-09-06T07:14:29+00:00
2026-09-08,After hours,AVO,"Mission Produce, Inc.",NASDAQ,United States,Jul/2026,0.1,4.0,9/08/2025,0.24,-58.33333333333333,Forecast EPS decline,1110179970.0,12.68,0.8750994431185316,458395.0,1119895108.0,10.07,15.53,25.918570009930477,-18.351577591757884,46.633652631720174,Neutral,-0.03039488108867161,0.02527762530898884,Bearish,12.93049999999999,12.879400000000023,12.82745000000001,12.834908880372137,12.764585452357737,12.66482371935718,Negative / mixed,12.492300273845864,13.368699726154116,Lower third,26.208651399491064,29.855810008481736,10.313506539845543,17.973315583214234,24.061333420278814,-105.81220460367567,-0.6099999999999994,12.908082724159817,0.3752355997060403,2.9592712910571004,0.8789917716345264,-0.6269592476489034,19.735599622285175,-6.764705882352941,-0.2212121212121212,Sell,Bearish,Strong Sell,Neutral,Bearish technical bias,10.96045446090492,14.39954553909508,13.561084693178858,Complete,https://www.nasdaq.com/market-activity/earnings?date=2026-09-08,https://www.tradingview.com/symbols/NASDAQ-AVO/,2026-09-06T07:14:29+00:00
2026-09-10,After hours,REF,Reformation Inc.,NYSE,United States,Jun/2026,0.2,,N/A,,,Insufficient EPS comparison,868320830.0,13.69,0.3665689149560039,190657.0,808753260.14,12.83,17.26,6.703039750584572,-20.68366164542296,42.89382105910479,Neutral,-0.6855334452873407,,Unavailable,14.674000000000001,,,14.721316679372789,,,Unavailable,13.180006693455486,16.167993306544517,Lower third,29.78174549171528,35.252573822563754,,15.197127667315915,23.697848770040732,-113.39860139860149,-0.7900000000000009,14.53322058776874,0.9264368229663963,6.767252176525905,0.4280276540837368,-14.437500000000004,-8.733333333333338,-8.733333333333338,-0.4285714285714286,Sell,Neutral,Strong Sell,Buy,Neutral / mixed technical bias,9.444533132162086,17.935466867837913,31.011445345784615,Complete,https://www.nasdaq.com/market-activity/earnings?date=2026-09-10,https://www.tradingview.com/symbols/NYSE-REF/,2026-09-06T07:14:29+00:00
2026-09-29,Time not supplied,IPX,IperionX Limited,NASDAQ,United States,Jun/2026,-0.16,6.0,N/A,,,Insufficient EPS comparison,738160380.0,21.75,0.13812154696133122,130676.0,771823923.39771,20.05,61.45,8.478802992518709,-64.60537021969081,46.2084110535191,Neutral,-0.7713185884806393,-0.8411903384390774,Bullish,22.54025000000002,23.578899999999933,34.030675000000016,22.22036175155458,24.44439262208098,31.305022663328337,Bearish alignment,19.524328126011998,25.556171873988045,Middle third,35.005917497255105,28.12759258422302,14.414792799329684,21.593990607466594,24.830001338230666,-47.9112347188426,-0.75,22.34420662964191,1.4005687316121787,6.43939646718243,0.4627795957106229,-9.975165562913908,-43.32985930171965,-53.114895451605946,-0.35757575757575755,Sell,Neutral,Strong Sell,Sell,Neutral / mixed technical bias,15.3317877713989,28.1682122286011,29.509021740694706,Complete,https://www.nasdaq.com/market-activity/earnings?date=2026-09-29,https://www.tradingview.com/symbols/NASDAQ-IPX/,2026-09-06T07:14:29+00:00
2026-09-10,Time not supplied,FEIM,"Frequency Electronics, Inc.",NASDAQ,United States,Jul/2026,,,N/A,0.07,,Insufficient EPS comparison,669422270.0,60.67,1.302387710803141,149550.0,678140742.0000001,26.05,80.6,132.8982725527831,-24.727047146401983,42.91709092246147,Neutral,-2.4871927206008877,-1.7049223451690327,Bearish,66.707,65.63130000000001,55.927450000000015,63.83602271850549,65.23277865878708,55.86588176049259,Mixed,51.068748051652314,82.34525194834768,Lower third,13.619244794439041,11.16904302213795,17.344467059838614,21.373773356558722,25.10595281432675,-54.507945887122496,-1.019999999999996,66.49793340694194,4.18688127605093,6.901073472970051,0.647808108452304,-13.179736691471085,-17.410835829022588,17.57751937984496,-0.15454545454545454,Sell,Neutral,Sell,Neutral,Neutral / mixed technical bias,41.483299626703314,79.85670037329669,31.62469156633704,Complete,https://www.nasdaq.com/market-activity/earnings?date=2026-09-10,https://www.tradingview.com/symbols/NASDAQ-FEIM/,2026-09-06T07:14:29+00:00
2026-09-17,Time not supplied,SCHL,Scholastic Corporation,NASDAQ,United States,Aug/2026,-3.4,2.0,9/18/2025,-2.52,-34.92063492063492,Forecast EPS decline,726729730.0,35.66,-6.941544885177462,455620.0,676283461.0000001,22.685,48.07,57.19638527661451,-25.816517578531318,25.06863195112416,Oversold,-1.3896954105115569,-1.1076859549260474,Bearish,40.061499999999995,42.75719999999998,37.592374999999905,39.70610283092385,41.20965056104925,37.84403686104569,Negative / mixed,36.75854813840594,43.36445186159405,At/below lower band,5.58559236957957,5.6161448058244146,23.42822802365159,11.069579020342779,31.475741031286514,-199.3914283468617,-4.480000000000004,40.02933103486374,1.4063809228489457,3.9438612530817325,1.6735710072060304,-17.377201112140874,-17.834101382488484,1.1631205673758769,-0.6484848484848484,Strong Sell,Bearish,Strong Sell,Sell,Bearish technical bias,29.215152965102853,42.10484703489714,18.073042722650428,Complete,https://www.nasdaq.com/market-activity/earnings?date=2026-09-17,https://www.tradingview.com/symbols/NASDAQ-SCHL/,2026-09-06T07:14:29+00:00
2026-09-10,After hours,LPTH,"LightPath Technologies, Inc.",NASDAQ,United States,Jun/2026,-0.02,1.0,9/25/2025,-0.07,71.42857142857143,Forecast EPS growth,605289860.0,9.67,0.31120331950206803,2485990.0,641708957.0,5.17,18.94,87.04061895551258,-48.944033790918695,37.83763226491094,Neutral,-0.7418868463354595,-0.25688807961199467,Bearish,12.548999999999994,12.292900000000005,11.890125000000003,11.700294853376299,12.346353379540048,11.399907803024774,Negative / mixed,8.858336644991802,16.239663355008187,Lower third,10.328195232457409,6.633790845651535,20.146452788264195,18.628384057777442,33.17892862490154,-124.9861079220206,-4.75,12.216713622886736,1.1159770599830239,11.540610754736544,0.6394425766810096,-21.06122448979592,-41.92192192192192,-11.202938475665754,-0.35454545454545455,Sell,Bearish,Strong Sell,Neutral,Bearish technical bias,4.5559506487935195,14.78404935120648,52.88572234960166,Complete,https://www.nasdaq.com/market-activity/earnings?date=2026-09-10,https://www.tradingview.com/symbols/NASDAQ-LPTH/,2026-09-06T07:14:29+00:00
2026-10-01,Time not supplied,ANGO,"AngioDynamics, Inc.",NASDAQ,United States,Aug/2026,-0.1,2.0,10/02/2025,-0.1,0.0,Forecast EPS broadly flat,639412030.0,15.2,-1.745313510019401,527438.0,628252318.0,9.39,16.29,61.874334398296035,-6.691221608348674,46.97584451085667,Neutral,0.2599322150631522,0.409734180616447,Bearish,15.760499999999999,14.612499999999997,12.229624999999977,15.533806462590515,14.680675997619806,12.546623096319179,Positive / mixed,15.374833045231615,16.146166954768383,At/below lower band,28.684303121445243,42.538554682786476,30.577590410304595,18.572287076974632,20.404135248831494,-298.800395515003,-0.5500000000000007,15.734404522651719,0.5107108472653034,3.3599397846401535,1.957579190138728,-0.4584151931892619,26.245847176079735,41.001855287569576,-0.1575757575757576,Sell,Neutral,Sell,Sell,Neutral / mixed technical bias,12.859628884171716,17.540371115828282,15.397178393607128,Complete,https://www.nasdaq.com/market-activity/earnings?date=2026-10-01,https://www.tradingview.com/symbols/NASDAQ-ANGO/,2026-09-06T07:14:29+00:00
2026-09-10,Pre-market,MCFT,"MasterCraft Boat Holdings, Inc.",NASDAQ,United States,Jun/2026,0.56,2.0,8/27/2025,0.36,55.55555555555558,Forecast EPS growth,379809824.0,24.15,3.5147878268324058,117372.0,590113381.0,17.19,28.44,40.48865619546247,-15.084388185654019,48.72463020442709,Neutral,-0.26498198642145354,-0.1259533034956169,Bearish,24.434999999999942,24.492900000000027,22.36787499999999,24.191080166396567,24.228635144205942,22.79780062313391,Mixed,22.984007236402622,25.88599276359726,Middle third,29.387961557915986,20.89773740001356,14.043574876959793,16.167681984400907,20.077384008847645,-67.17471069715445,-1.3100000000000023,24.44282101426893,0.9327994609485287,3.8625236478199954,0.6802095823478855,-3.5928143712574934,8.247422680412372,20.689655172413776,,Unavailable,Neutral,Unavailable,Unavailable,Insufficient technical data,19.87537586198936,28.424624138010635,17.70030698969208,Complete,https://www.nasdaq.com/market-activity/earnings?date=2026-09-10,https://www.tradingview.com/symbols/NASDAQ-MCFT/,2026-09-06T07:14:29+00:00
2026-10-06,Time not supplied,VLGEA,"Village Super Market, Inc.",NASDAQ,United States,Jul/2026,,3.0,N/A,1.05,,Insufficient EPS comparison,646138110.0,43.37,-0.595920238368107,35057.0,579553950.0,30.08,48.205,44.182180851063826,-10.030079867233688,50.630491077902036,Neutral,0.07707413757548665,0.10476806203897022,Bearish,43.17149999999998,43.1898,40.54275000000005,43.347401918959335,43.14963638256265,40.953994829505184,Positive / mixed,41.77025376895956,44.5727462310404,Middle third,48.77192982456145,45.03871619346878,13.165966230606843,17.26608952807518,19.970243704402712,28.920168404631447,-0.730000000000004,43.377484625278406,1.2923283009167892,2.9797747311892766,0.4298002349023733,-2.626852267624611,11.405086051887999,9.68639352554375,0.17575757575757575,Buy,Neutral,Strong Buy,Sell,Neutral / mixed technical bias,37.44780773831514,49.29219226168485,13.655043259591551,Complete,https://www.nasdaq.com/market-activity/earnings?date=2026-10-06,https://www.tradingview.com/symbols/NASDAQ-VLGEA/,2026-09-06T07:14:29+00:00
2026-09-28,Time not supplied,EBF,"Ennis, Inc.",NYSE,United States,Aug/2026,,2.0,N/A,0.51,,Insufficient EPS comparison,538853180.0,21.46,0.7511737089201884,95235.0,542900876.0000001,16.3,22.94,31.656441717791406,-6.451612903225811,46.27098411031791,Neutral,-0.1310872053662493,-0.05114301184259742,Bearish,21.748999999999974,21.640400000000042,20.362099999999963,21.583954648173343,21.525155253653246,20.60540710083177,Mixed,20.890981352178237,22.60701864782171,Middle third,17.481351102170816,10.665646074965508,16.050776191019736,21.32205330142001,20.028872454036833,-68.21678379770374,-0.10999999999999943,21.79594712447701,0.4000654868523516,1.8642380561619365,0.6166847762036798,-4.110813226094719,4.124211547792341,1.996197718631187,0.045454545454545456,Neutral,Neutral,Unavailable,Neutral,Neutral / mixed technical bias,19.62666962355974,23.293330376440263,8.54301200577941,Complete,https://www.nasdaq.com/market-activity/earnings?date=2026-09-28,https://www.tradingview.com/symbols/NYSE-EBF/,2026-09-06T07:14:29+00:00
2026-09-10,After hours,IBEX,IBEX Limited,NASDAQ,United States,Jun/2026,,2.0,N/A,0.76,,Insufficient EPS comparison,527665056.0,39.17,-0.6089824917533492,106274.0,524451659.99999994,25.94,42.99,51.00231303006939,-8.885787392416844,67.46244306509254,Neutral,1.0824794676032639,0.8956541638863569,Bullish,36.97999999999999,35.23490000000003,32.96857499999999,37.29916029538759,35.485345058317044,32.80530640005124,Bullish alignment,34.32498964220342,39.63501035779656,Upper third,93.24762074463952,93.13620563167302,18.42398436063394,24.07603646538497,19.566303456833012,117.49603732726104,2.6099999999999994,36.8933079313595,1.1806639022363505,3.0142044989439634,1.113587519738793,7.10965272080941,31.354795439302485,32.554991539763115,0.2181818181818182,Buy,Bullish,Strong Buy,Sell,Bullish technical bias,33.759518297699984,44.58048170230002,13.812820276487153,Complete,https://www.nasdaq.com/market-activity/earnings?date=2026-09-10,https://www.tradingview.com/symbols/NASDAQ-IBEX/,2026-09-06T07:14:29+00:00
2026-09-08,Time not supplied,GTEN,"Gores Holdings X, Inc.",NASDAQ,United States,Jun/2026,,7.0,N/A,,,Insufficient EPS comparison,,10.68,0.09372071227741131,3045.0,481400999.9999999,10.15,10.99,5.221674876847282,-2.820746132848051,62.864681301266934,Neutral,0.058405292500513184,0.04731767749874608,Bullish,10.555674999999995,10.480564000000006,10.3551995,10.581435194825787,10.499792629796158,10.370453238729203,Bullish alignment,10.370206330137727,10.741143669862264,Upper third,43.95833333333332,41.47817460317458,27.490020395654074,37.328018894713686,29.762411275283593,63.905446218722076,0.17999999999999972,10.514408245949792,0.08576710049922132,0.8030627387567539,0.019794231005501428,1.9083969465648787,3.18840579710145,3.790087463556857,0.4666666666666667,Buy,Bullish,Strong Buy,Unavailable,Bullish technical bias,10.286965769825434,11.073034230174565,3.680095788151371,Complete,https://www.nasdaq.com/market-activity/earnings?date=2026-09-08,https://www.tradingview.com/symbols/NASDAQ-GTEN/,2026-09-06T07:14:29+00:00
2026-09-16,Time not supplied,RZLT,"Rezolute, Inc.",NASDAQ,United States,Jun/2026,-0.13,2.0,9/17/2025,-0.26,50.0,Forecast EPS growth,437167168.0,4.58,0.8810572687224677,716948.0,441018854.0,1.07,11.4565,328.03738317757006,-60.02269454021734,44.770125721389846,Neutral,-0.04153689888457901,-0.00467178906005989,Bearish,4.727000000000002,4.814400000000002,4.1251000000000015,4.72043885340726,4.65218914420941,4.518718985229568,Mixed,4.363511348182736,5.090488651817268,Lower third,10.788381742738602,10.62325541917203,16.29443713588831,20.810297555157845,19.29969353939112,-86.26529242839057,-0.5099999999999998,4.826865139253423,0.27083887614786467,5.9135125796476995,0.4416621475663913,-8.946322067594435,1.3274336283185952,50.6578947368421,-0.08787878787878788,Neutral,Neutral,Sell,Neutral,Neutral / mixed technical bias,3.3388603489156408,5.821139651084359,27.09911901930916,Complete,https://www.nasdaq.com/market-activity/earnings?date=2026-09-16,https://www.tradingview.com/symbols/NASDAQ-RZLT/,2026-09-06T07:14:29+00:00
2026-09-28,Time not supplied,BNTC,Benitec Biopharma Inc.,NASDAQ,United States,Jun/2026,-0.25,2.0,9/22/2025,-0.42,40.476190476190474,Forecast EPS growth,427367904.0,12.68,1.9292604501607735,44994.0,435612987.99999994,9.85,16.76,28.730964467005073,-24.343675417661103,50.13875872700272,Neutral,-0.008860515864435925,0.049284068042279236,Bearish,12.838500000000016,12.680000000000014,12.101575000000011,12.684852217916234,12.54792946983872,12.32102756602033,Mixed,11.987823210615117,13.689176789384915,Middle third,42.08522585291996,37.13650149686658,11.735154661067384,20.126367708079204,18.205302982246284,-50.38892357895245,-0.8000000000000007,12.719718974939887,0.7895892898604464,6.227044872716454,0.37438623672519666,-0.7824726134585263,15.693430656934295,21.45593869731801,0.18787878787878787,Buy,Neutral,Buy,Neutral,Neutral / mixed technical bias,9.061647311288077,16.298352688711923,28.535904485109803,Complete,https://www.nasdaq.com/market-activity/earnings?date=2026-09-28,https://www.tradingview.com/symbols/NASDAQ-BNTC/,2026-09-06T07:14:29+00:00
2026-09-09,Pre-market,CAL,"Caleres, Inc.",NYSE,United States,Jul/2026,0.37,3.0,9/04/2025,0.35,5.71428571428572,Forecast EPS broadly flat,406771808.0,12.43,2.642444260941373,405649.0,417520488.0,8.8,16.14,41.249999999999986,-22.986369268897157,45.52725288784921,Neutral,-0.25986616890837766,-0.113699889322806,Bearish,13.060999999999988,12.7458,12.52777499999998,12.782529429885926,12.883495814194685,13.127382201944892,Negative / mixed,11.626065855169326,14.495934144830649,Lower third,23.252688172043012,16.47670250896058,15.921161823676114,17.580308247645636,24.595632925673016,-93.75500671154849,-1.1899999999999995,12.983663234975833,0.6456045301716493,5.193922205725256,0.7922596829156634,-13.680555555555559,-12.464788732394362,12.999999999999998,-0.49090909090909096,Sell,Bearish,Strong Sell,Sell,Bearish technical bias,9.471468371482015,15.388531628517985,23.801541661447985,Complete,https://www.nasdaq.com/market-activity/earnings?date=2026-09-09,https://www.tradingview.com/symbols/NYSE-CAL/,2026-09-06T07:14:29+00:00
2026-09-23,Time not supplied,SFIX,"Stitch Fix, Inc.",NASDAQ,United States,Jul/2026,-0.06,4.0,9/24/2025,,,Insufficient EPS comparison,409617376.0,3.05,-0.6514657980456032,1279838.0,406948835.99999994,2.95,5.94,3.3898305084745672,-48.65319865319866,34.911653914754254,Neutral,-0.2029334004063026,-0.18882308160321074,Bearish,3.319749999999999,3.6872000000000003,3.9578250000000024,3.312545693943517,3.5471810006786133,3.848784411329329,Bearish alignment,2.814789853057662,3.824710146942336,Lower third,12.368421052631547,10.578691615986138,28.086327956691946,15.409149484260352,30.040418451306845,-94.54973765927829,-0.29000000000000004,3.315862201835086,0.160520349336833,5.262962273338788,0.8725010928095992,-29.561200923787535,-16.666666666666675,-3.1746031746031775,-0.5363636363636364,Strong Sell,Bearish,Strong Sell,Sell,Bearish technical bias,2.314403348583208,3.7855966514167916,24.11792299727186,Complete,https://www.nasdaq.com/market-activity/earnings?date=2026-09-23,https://www.tradingview.com/symbols/NASDAQ-SFIX/,2026-09-06T07:14:29+00:00
2026-09-21,Time not supplied,RLGT,"Radiant Logistics, Inc.",AMEX,United States,Jun/2026,,2.0,N/A,0.11,,Insufficient EPS comparison,393854304.0,8.44,0.3567181926278164,137603.0,395259233.0,5.78,9.675,46.020761245674734,-12.76485788113696,45.87729432901487,Neutral,-0.08823319914351302,-0.08007054634736947,Bearish,8.533,8.828600000000002,7.778900000000002,8.527253084864126,8.630845925823683,7.957715993105521,Mixed,8.2015727832539,8.8644272167461,Middle third,25.958953131752025,18.90280767727789,15.519664091037836,24.12449058876305,23.04124653223056,-52.69709255022629,0.009999999999999787,8.506561581474532,0.25784732676688754,3.0550631133517485,0.8928111453621873,-0.9389671361502356,-1.516919486581106,17.87709497206703,-0.26666666666666666,Sell,Neutral,Strong Sell,Unavailable,Neutral / mixed technical bias,7.258395107348724,9.621604892651275,14.00005796980184,Complete,https://www.nasdaq.com/market-activity/earnings?date=2026-09-21,https://www.tradingview.com/symbols/AMEX-RLGT/,2026-09-06T07:14:29+00:00
2026-09-10,Pre-market,SHOE,"Shoe Station Group, Inc.",NASDAQ,United States,Jul/2026,0.32,1.0,9/04/2025,0.7,-54.285714285714285,Forecast EPS decline,370615360.0,14.07,3.076923076923076,1020314.0,382018896.0,12.7799,25.21,10.094758174946605,-44.18881396271321,44.215874001401914,Neutral,-0.49085009142360114,-0.36674918487434516,Bearish,14.744999999999996,14.985399999999997,17.241950000000024,14.436536086065612,15.081837839771259,17.249089641776227,Bearish alignment,12.855243401916312,16.63475659808368,Lower third,30.42086632115567,20.349302913291343,26.269826626146763,15.87058199851851,27.23652894163037,-72.8370273648771,-1.4000000000000004,14.316205053178658,0.6599764986267296,4.690664524710232,1.036329329830264,-10.496183206106872,-18.15008726003491,-28.396946564885486,-0.31212121212121213,Sell,Bearish,Strong Sell,Neutral,Bearish technical bias,11.045607738151093,17.094392261848906,21.495325244128693,Complete,https://www.nasdaq.com/market-activity/earnings?date=2026-09-10,https://www.tradingview.com/symbols/NASDAQ-SHOE/,2026-09-06T07:14:29+00:00
2026-09-17,Time not supplied,ABAT,American Battery Technology Company,NASDAQ,United States,Jun/2026,,2.0,N/A,-0.1,,Insufficient EPS comparison,371047200.0,2.78,2.205882352941162,2777119.0,379232064.99999994,2.0,11.49,38.99999999999999,-75.80504786771105,58.21633476154665,Neutral,0.06796905721060842,0.03299602930563873,Bullish,2.566250000000003,2.5013,3.324875000000002,2.5830436499355343,2.6165430560452934,3.019257570443486,Mixed,2.2998879343826975,2.832612065617308,Upper third,88.74561033853071,86.60250541849568,16.174033211852862,21.687360527854292,12.58339889543183,139.08402873169914,0.20999999999999996,2.575419995370418,0.1638241786329276,5.892956065932648,0.7414126100204361,18.8034188034188,-22.56267409470752,-15.24390243902439,0.15454545454545454,Buy,Neutral,Buy,Neutral,Neutral / mixed technical bias,2.029263300750642,3.5307366992493576,27.004917239185534,Complete,https://www.nasdaq.com/market-activity/earnings?date=2026-09-17,https://www.tradingview.com/symbols/NASDAQ-ABAT/,2026-09-06T07:14:29+00:00
2026-09-07,Time not supplied,AIV,Apartment Investment and Management Company,NYSE,United States,Jun/2026,,1.0,N/A,,,Insufficient EPS comparison,368901728.0,2.56,0.7874015748031503,792190.0,371806437.0,2.49,8.03,2.8112449799196693,-68.11955168119552,41.13372004639792,Neutral,-0.048503858717652726,-0.056148394781052414,Bullish,2.5829999999999975,2.6896000000000027,4.268250000000006,2.586337541382006,2.7736827556866492,4.168455201897619,Bearish alignment,2.5029750039048952,2.6630249960951,Middle third,37.96296296296293,33.410493827160415,25.719217203021678,17.58128196917437,19.075684807210884,-53.459736396695554,-0.06000000000000005,2.564330867079437,0.05508201685142073,2.151641283258622,0.5630565157520799,-3.7593984962406046,-16.61237785016286,-40.74074074074075,-0.17575757575757575,Sell,Neutral,Strong Sell,Buy,Neutral / mixed technical bias,2.3075824883475313,2.812417511652469,9.860059048924555,Complete,https://www.nasdaq.com/market-activity/earnings?date=2026-09-07,https://www.tradingview.com/symbols/NYSE-AIV/,2026-09-06T07:14:29+00:00
2026-09-21,Time not supplied,VALU,"Value Line, Inc.",NASDAQ,United States,Jul/2026,,2.0,N/A,0.69,,Insufficient EPS comparison,357514144.0,38.61,1.338582677165349,2312.0,362249592.00000006,32.0,41.18,20.65625,-6.240893637688194,54.73424505749134,Neutral,0.26214473866987476,0.10853435709510204,Bullish,37.48675000000013,37.966599999999865,36.519071000000025,37.56052525744355,37.181016394892694,36.93092542141973,Positive / mixed,35.38861207556309,39.58488792443717,Upper third,54.11688296772744,55.55958915899249,31.661696666190664,41.709508663191805,11.510562455115865,109.19059716837853,1.8800000000000026,38.047469070318535,1.7461683561521857,4.522580565014726,0.7092677240236832,2.725238588080032,20.130678282513998,6.539735099337741,0.603030303030303,Strong Buy,Bullish,Strong Buy,Buy,Bullish technical bias,30.608051331796,46.611948668204,20.725067775716134,Complete,https://www.nasdaq.com/market-activity/earnings?date=2026-09-21,https://www.tradingview.com/symbols/NASDAQ-VALU/,2026-09-06T07:14:29+00:00
2026-09-28,Time not supplied,AIAI,AIAI Holdings Corporation,NASDAQ,United States,Jun/2026,,2.0,N/A,,,Insufficient EPS comparison,296783584.0,4.18,-0.47619047619048716,379767.0,327138314.0,3.3501,19.57,24.77239485388496,-78.64077669902912,42.22564050100658,Neutral,-0.8047001207208329,-0.9082839110674319,Bullish,4.747749999999996,7.0023,,4.694918027791168,7.1358359104143565,,Unavailable,2.9862549673643635,6.509245032635629,Middle third,13.668289595075997,8.80906588436686,20.146946290291197,21.249649161692833,22.889660132205023,-61.10448501579848,-2.4400000000000004,5.8647506099145765,0.9216461720290836,22.04895148394937,0.2120093229682768,-7.522123893805308,-66.53322658126501,-65.16666666666667,-0.2727272727272727,Sell,Neutral,Strong Sell,Unavailable,Neutral / mixed technical bias,0.0,8.403513347289568,101.04098916960689,Complete,https://www.nasdaq.com/market-activity/earnings?date=2026-09-28,https://www.tradingview.com/symbols/NASDAQ-AIAI/,2026-09-06T07:14:29+00:00
2026-09-21,Time not supplied,MSB,Mesabi Trust,NYSE,United States,Jul/2026,,1.0,N/A,0.36,,Insufficient EPS comparison,308320224.0,23.9,1.7021276595744619,15222.0,313568220.0,21.6,42.38,10.64814814814814,-43.60547428032091,52.293677037106804,Neutral,0.1551075361826939,0.0458758767592938,Bullish,23.551499999999983,23.75779999999998,29.608299999999975,23.675421059888688,24.04170380516752,27.410099745944507,Mixed,22.487088895208828,24.615911104791138,Middle third,54.90386057187677,67.03647486373536,17.39947402262151,18.50661999166818,15.143833521451908,32.70938493963009,1.129999999999999,23.399299232169515,0.9912521589484441,4.147498573006043,0.4393910528412338,5.892778023925557,-7.507739938080499,-21.303918340467572,0.11212121212121212,Buy,Neutral,Buy,Neutral,Neutral / mixed technical bias,19.357511948830357,28.44248805116964,19.006226155521517,Complete,https://www.nasdaq.com/market-activity/earnings?date=2026-09-21,https://www.tradingview.com/symbols/NYSE-MSB/,2026-09-06T07:14:29+00:00
2026-09-10,After hours,ZUMZ,Zumiez Inc.,NASDAQ,United States,Jul/2026,-0.14,2.0,9/04/2025,-0.06,-133.33333333333337,Forecast EPS decline,298638208.0,18.03,1.8644067796610275,167513.0,304206053.0,15.09,31.7,19.483101391650102,-43.12302839116718,45.70247745670105,Neutral,-0.310336351063043,-0.2915649345295178,Bearish,18.29525000000002,18.59809999999999,22.798900000000007,18.301717487284115,18.92245908905572,20.73178911744495,Bearish alignment,17.287304192926076,19.303195807073966,Middle third,41.75941579787729,38.180263131133366,21.363561022472147,17.38837976698221,26.804236051940737,-70.80400124641001,-0.23999999999999844,18.337262508680237,0.6888019555918367,3.820310347153836,0.8184924880436079,-8.84732052578362,19.483101391650106,-24.874999999999996,-0.5363636363636364,Strong Sell,Bearish,Strong Sell,Sell,Bearish technical bias,14.8735128996668,21.186487100333203,17.506861344055473,Complete,https://www.nasdaq.com/market-activity/earnings?date=2026-09-10,https://www.tradingview.com/symbols/NASDAQ-ZUMZ/,2026-09-06T07:14:29+00:00
2026-09-14,After hours,PLAY,"Dave & Buster's Entertainment, Inc.",NASDAQ,United States,Jul/2026,0.19,3.0,9/15/2025,0.4,-52.5,Forecast EPS decline,301617984.0,8.72,0.5767012687427994,2032436.0,303357441.0,8.3,24.99,5.060240963855422,-65.10604241696679,39.454539175158494,Neutral,-0.4373366345003653,-0.325631527386571,Bearish,9.715000000000005,10.21159999999999,13.491474999999978,9.569551591243195,10.207728453544346,13.597137797974012,Bearish alignment,8.48035835158556,10.94964164841445,Lower third,26.60062059648592,21.588413331123494,13.696847136690977,18.018887230997507,25.64231829713607,-132.54431254167872,-1.5299999999999994,9.576124967893191,0.5979394362582057,6.857103626814284,1.2783732315751841,-16.991908614945263,-22.831858407079643,-40.27397260273972,-0.4,Sell,Bearish,Strong Sell,Unavailable,Bearish technical bias,5.97989727234755,11.460102727652451,31.423196418032685,Complete,https://www.nasdaq.com/market-activity/earnings?date=2026-09-14,https://www.tradingview.com/symbols/NASDAQ-PLAY/,2026-09-06T07:14:29+00:00
2026-09-09,Pre-market,JILL,"J. Jill, Inc.",NYSE,United States,Jul/2026,0.58,2.0,9/03/2025,0.81,-28.39506172839507,Forecast EPS decline,289758432.0,19.98,3.09597523219815,92384.0,298729266.0,10.405,20.8927,92.02306583373381,-4.3685114896590775,62.17824963475957,Neutral,0.47490818154470915,0.6221492312011043,Bearish,19.526000000000003,17.9896,15.3812,19.353120435417537,18.06955751900832,16.26199397120873,Bullish alignment,18.395152530179548,20.65684746982046,Upper third,47.07205194955889,43.35816469701706,18.487909664098257,20.842426758359903,16.06880221401157,50.616581557134275,-0.23000000000000043,19.647446069742227,0.9266343007398751,4.637809313012388,1.205753641706463,3.523316062176164,51.24905374716124,19.354838709677434,0.5575757575757576,Strong Buy,Neutral,Strong Buy,Buy,Neutral / mixed technical bias,15.733628175317047,24.226371824682953,21.25311223565041,Complete,https://www.nasdaq.com/market-activity/earnings?date=2026-09-09,https://www.tradingview.com/symbols/NYSE-JILL/,2026-09-06T07:14:29+00:00
2026-10-06,Time not supplied,SAR,Saratoga Investment Corp,NYSE,United States,Aug/2026,0.47,3.0,10/07/2025,0.58,-18.96551724137931,Forecast EPS decline,285757888.0,17.64,-0.7315700619020765,297166.0,283667339.0,17.34,25.145,1.730103806228378,-29.84688804931398,30.15086228058287,Neutral,-0.42904791916082274,-0.3850697664515579,Bearish,18.648999999999948,19.344200000000054,21.91149999999998,18.54845992734363,19.39037269545911,21.474831692632655,Bearish alignment,17.56007576020749,19.737924239792406,Lower third,13.070465717983595,14.789046888097788,36.672394584026705,9.327268616396108,33.68190817445312,-162.54948061648452,-0.7899999999999991,18.494482313335283,0.42200873440182024,2.3923397641826543,2.1945160361265166,-9.584828293182989,-21.425389755011132,-24.93617021276596,-0.4666666666666667,Sell,Bearish,Strong Sell,Unavailable,Bearish technical bias,15.706113030671144,19.573886969328857,10.963078057419818,Complete,https://www.nasdaq.com/market-activity/earnings?date=2026-10-06,https://www.tradingview.com/symbols/NYSE-SAR/,2026-09-06T07:14:29+00:00
2026-09-09,After hours,GLOO,"Gloo Holdings, Inc.",NASDAQ,United States,Jul/2026,-0.11,,N/A,,,Insufficient EPS comparison,294013056.0,3.095,1.1437908496732072,110375.0,275797491.0,2.94,9.9804,5.272108843537415,-68.9892188689832,39.35026364875274,Neutral,-0.10898480461662263,-0.09467306864000834,Bearish,3.312250000000001,3.4486999999999957,,3.2790613524829784,3.625969793730946,,Unavailable,3.031777630594408,3.592722369405594,Lower third,7.595785440613064,8.826016996837064,14.61378826588318,13.528320149618795,21.229525206961178,-161.50634404508278,-0.34499999999999975,3.28530184277994,0.2185978298061772,7.062934727178584,1.1900154068585858,-11.318051575931232,-42.4721189591078,-47.36394557823128,-0.24825174825174828,Sell,Neutral,Strong Sell,Buy,Neutral / mixed technical bias,2.0932588981601192,4.096741101839881,32.366433015828136,Complete,https://www.nasdaq.com/market-activity/earnings?date=2026-09-09,https://www.tradingview.com/symbols/NASDAQ-GLOO/,2026-09-06T07:14:29+00:00
2026-09-09,After hours,LMNR,Limoneira Co,NASDAQ,United States,Jul/2026,0.16,3.0,9/09/2025,-0.05,420.0,Forecast turnaround to profit,271980096.0,14.99,-0.06666666666666525,49663.0,271798790.0,11.665,16.4403,28.504072010287196,-8.821615177338614,71.26481752463954,Overbought,0.2944673933803337,0.17894017039380233,Bullish,14.013499999999999,13.64750000000001,13.519274999999952,14.073197429609092,13.714362500879705,13.898961246481123,Bullish alignment,13.18107522862393,14.845924771376067,At/above upper band,92.35948656400664,85.341712499573,27.69372671024281,38.56495260591143,13.720732449364096,243.24122525930855,1.1400000000000006,14.118490222145985,0.3575015568656547,2.384933668216509,0.6506217608434777,10.382916053019146,25.86062132661629,7.071428571428574,0.4,Buy,Bullish,Strong Buy,Unavailable,Bullish technical bias,13.351722054598579,16.628277945401422,10.929139062050847,Complete,https://www.nasdaq.com/market-activity/earnings?date=2026-09-09,https://www.tradingview.com/symbols/NASDAQ-LMNR/,2026-09-06T07:14:29+00:00
2026-09-10,Pre-market,DBI,Designer Brands Inc.,NYSE,United States,Jul/2026,0.25,1.0,9/09/2025,0.34,-26.470588235294123,Forecast EPS decline,261501952.0,5.26,2.135922330097076,661181.0,267088850.99999997,3.11,9.17,69.13183279742765,-42.639040348964016,38.384370463220904,Neutral,-0.23244037513061944,-0.1691092923145569,Bearish,5.740999999999998,5.825799999999991,6.516150000000003,5.633253278397996,5.937019630756051,6.051795218663778,Bearish alignment,4.9729921875397025,6.509007812460293,Lower third,10.366026403762271,9.509332605892006,23.699596735321368,11.892740732225882,27.780000441264036,-117.93436442919561,-0.4900000000000002,5.67432065398216,0.2897064423124158,5.507727040159996,1.2680267980962174,-20.663650075414782,-41.360089186176154,-18.952234206471502,-0.26363636363636367,Sell,Bearish,Strong Sell,Buy,Bearish technical bias,3.932398298786997,6.587601701213003,25.23957606868827,Complete,https://www.nasdaq.com/market-activity/earnings?date=2026-09-10,https://www.tradingview.com/symbols/NYSE-DBI/,2026-09-06T07:14:29+00:00
2026-09-21,Time not supplied,USAU,U.S. Gold Corp.,NASDAQ,United States,Jul/2026,-0.23,1.0,9/15/2025,-0.15,-53.33333333333334,Forecast EPS decline,272185920.0,16.15,-1.9429265330904695,104859.0,266897497.0,12.225,23.75,32.10633946830266,-32.00000000000001,55.91970144227425,Neutral,0.36540483977182525,0.3605996195683119,Bullish,15.722999999999994,15.030500000000002,16.543499999999995,15.69776312604371,15.35674772236643,15.448018853082978,Mixed,14.488445829458868,16.95755417054112,Upper third,63.67980884109911,52.92712066905614,23.076952959796156,30.736431121603328,16.02647628362544,58.69220805943783,-0.23000000000000043,15.730916639596558,0.7217991145893597,4.469344362782414,0.5764093193841607,10.616438356164377,3.7251123956326158,-8.75706214689266,0.4454545454545455,Buy,Neutral,Strong Buy,Neutral,Neutral / mixed technical bias,12.842300920842153,19.457699079157845,20.481108849274584,Complete,https://www.nasdaq.com/market-activity/earnings?date=2026-09-21,https://www.tradingview.com/symbols/NASDAQ-USAU/,2026-09-06T07:14:29+00:00
2026-09-10,After hours,AENT,Alliance Entertainment Holding Corporation,NASDAQ,United States,Jun/2026,0.02,1.0,9/10/2025,0.11,-81.81818181818181,Forecast EPS decline,262035296.0,5.13,-0.19455252918287524,6380.0,261525505.00000003,4.36,8.8,17.660550458715598,-41.70454545454546,39.35127388835109,Neutral,-0.1664156136434487,-0.1258959729061389,Bearish,5.446775000000004,5.6744099999999875,6.503577499999998,5.382160819135895,5.6240454904118895,6.032896021143982,Bearish alignment,4.940140568185736,5.953409431814272,Lower third,34.56442543755444,29.76483718532599,20.34063295639886,11.250635979627743,21.266266721636033,-112.95092713647956,-0.4900000000000002,5.226630788382939,0.3117493536919131,6.076985452084076,0.23705751431448394,-6.72727272727273,-10.000000000000005,-21.19815668202765,-0.49090909090909096,Sell,Bearish,Strong Sell,Sell,Bearish technical bias,3.7013849888532473,6.5586150111467525,27.84824583132071,Complete,https://www.nasdaq.com/market-activity/earnings?date=2026-09-10,https://www.tradingview.com/symbols/NASDAQ-AENT/,2026-09-06T07:14:29+00:00
2026-09-08,Time not supplied,AREC,American Resources Corporation,NASDAQ,United States,Jun/2026,-0.09,2.0,8/19/2025,-0.1,10.000000000000009,Forecast EPS growth,261009904.0,2.43,-0.40983606557376173,2004732.0,259940206.0,1.475,7.11,64.7457627118644,-65.82278481012658,50.116048573473044,Neutral,0.04669574298500079,0.1002940236917811,Bearish,2.6294999999999993,2.1898,2.5807750000000014,2.4647034541779176,2.3369818038539183,2.3650263956311455,Mixed,2.2467481221469843,3.0122518778530143,Lower third,25.862068965517242,18.261212530989408,19.29951895547102,24.838162765017064,21.48998281314654,-73.10440762303314,-0.25,2.6732059847989706,0.17292842738081196,7.11639618851078,1.2198543877213062,18.53658536585368,5.422993492407809,-23.34384858044163,0.02121212121212121,Neutral,Neutral,Buy,Neutral,Neutral / mixed technical bias,1.6375423917177554,3.222457608282245,32.61142420914588,Complete,https://www.nasdaq.com/market-activity/earnings?date=2026-09-08,https://www.tradingview.com/symbols/NASDAQ-AREC/,2026-09-06T07:14:29+00:00
2026-09-16,After hours,ALMU,"Aeluma, Inc.",NASDAQ,United States,Jun/2026,,2.0,N/A,-0.01,,Insufficient EPS comparison,234857440.0,12.94,0.8573655494933705,286084.0,249297795.99999997,10.24,31.79,26.3671875,-59.295375904372435,36.27202828706641,Neutral,-1.1973970426969789,-1.039132575703833,Bearish,15.070999999999989,16.288699999999995,17.731000000000012,14.452658530345573,16.33109496382609,17.37260047584007,Bearish alignment,10.969566592031413,19.172433407968565,Lower third,7.770214363606807,5.451836822469467,26.044776882020287,15.644372940788232,29.990387624201528,-79.85039804135218,-1.83,14.99324326382725,1.0473174952161632,8.09364370337066,0.6198592249354647,-26.368498918857412,-50.929086082669706,-14.304635761589404,-0.4,Sell,Bearish,Strong Sell,Unavailable,Bearish technical bias,8.140588301520381,17.739411698479618,37.08973491869876,Complete,https://www.nasdaq.com/market-activity/earnings?date=2026-09-16,https://www.tradingview.com/symbols/NASDAQ-ALMU/,2026-09-06T07:14:29+00:00
2026-09-10,Pre-market,LOVE,The Lovesac Company,NASDAQ,United States,Jul/2026,-0.39,2.0,9/11/2025,-0.45,13.333333333333334,Forecast EPS growth,233482768.0,16.69,4.6394984326018935,178615.0,244315208.0,10.33,20.87,61.56824782187804,-20.028749401054146,51.952213813167724,Neutral,-0.26083749510210197,-0.25478712306612494,Bearish,16.531750000000002,16.953800000000015,15.000074999999992,16.393035235669263,16.527232109633424,16.078037169019808,Mixed,15.162833366307673,17.90066663369233,Middle third,43.55479534732012,28.851305312211082,9.235302302928904,24.864882354892085,22.014237781950165,-8.144565816577979,0.620000000000001,16.43542526657176,0.7333519659961941,4.393960251624889,1.0091128913797585,-7.432057681641708,2.0795107033639133,39.54849498327759,0.3787878787878788,Buy,Neutral,Strong Buy,Neutral,Neutral / mixed technical bias,13.32935910477776,20.05064089522224,20.135655453698266,Complete,https://www.nasdaq.com/market-activity/earnings?date=2026-09-10,https://www.tradingview.com/symbols/NASDAQ-LOVE/,2026-09-06T07:14:29+00:00
2026-09-10,Pre-market,FLWS,"1-800-FLOWERS.COM, Inc.",NASDAQ,United States,Jun/2026,-0.72,3.0,9/04/2025,-0.69,-4.347826086956526,Forecast EPS broadly flat,229472576.0,3.73,4.1899441340782095,142298.0,239087343.0,2.885,7.1,29.28942807625652,-47.46478873239436,45.10436388440314,Neutral,-0.10014499411444389,-0.06878562157951038,Bearish,3.8692499999999983,3.8903000000000008,3.860249999999996,3.8038390052920237,3.8913956010435213,4.100069310236971,Negative / mixed,3.483889454536349,4.254610545463647,Lower third,32.692307692307686,22.13516935739157,24.168631355453048,13.566343612094649,28.014430938368307,-80.56617696384293,-0.2400000000000002,3.874155131342098,0.18610711272318012,4.9894668290396815,0.6479090637969461,-9.685230024213073,-16.367713004484305,7.492795389048985,-0.35757575757575755,Sell,Bearish,Strong Sell,Sell,Bearish technical bias,2.877150068576348,4.582849931423652,22.86460942154563,Complete,https://www.nasdaq.com/market-activity/earnings?date=2026-09-10,https://www.tradingview.com/symbols/NASDAQ-FLWS/,2026-09-06T07:14:29+00:00
2026-09-09,Pre-market,PPIH,"Perma-Pipe International Holdings, Inc.",NASDAQ,United States,Jul/2026,,1.0,N/A,0.1,,Insufficient EPS comparison,224107168.0,28.38,2.900652646845543,64522.0,230607738.00000003,21.96,36.72,29.23497267759563,-22.712418300653592,63.3035692636293,Neutral,0.43598050693094237,0.3145963633500776,Bullish,26.897500000000008,26.02299999999998,29.37922500000001,26.920665092213547,26.879627251150666,27.600690674535556,Mixed,25.78935064183642,28.005649358163595,At/above upper band,75.53109682284531,63.64024991235204,17.359670678300926,24.1579444278174,13.292793033674828,186.9787255883182,0.7699999999999996,26.969468556135958,0.986531874590875,3.476151777980532,0.756715169839291,9.322033898305078,-13.078101071975496,-7.436399217221139,0.46969696969696967,Buy,Neutral,Strong Buy,Buy,Neutral / mixed technical bias,23.859143009200633,32.90085699079937,15.929728649751116,Complete,https://www.nasdaq.com/market-activity/earnings?date=2026-09-09,https://www.tradingview.com/symbols/NASDAQ-PPIH/,2026-09-06T07:14:29+00:00
2026-10-05,Time not supplied,NEOV,NeoVolta Inc.,NASDAQ,United States,Jun/2026,-0.1,2.0,9/29/2025,-0.05,-100.0,Forecast EPS decline,224857600.0,3.86,1.0471204188481684,976840.0,227212127.00000003,1.36,7.13,183.82352941176467,-45.862552594670404,60.957001676367916,Neutral,0.30101395340759884,0.28979743471765773,Bullish,3.49225,2.8257,3.1999000000000013,3.4407795369860605,3.0264581066144745,3.1173876386431907,Positive / mixed,2.896192326615953,4.088307673384047,Upper third,62.14903193541474,62.14903193541473,29.487383260772145,29.37979410238325,15.715556342831432,96.83403063190103,0.52,3.6569766951323825,0.3464122390433519,8.97441033791067,0.43682930185345686,42.96296296296295,92.03980099502489,24.115755627009648,0.5818181818181818,Strong Buy,Bullish,Strong Buy,Buy,Bullish technical bias,2.272539692924703,5.447460307075296,41.12591469106987,Complete,https://www.nasdaq.com/market-activity/earnings?date=2026-10-05,https://www.tradingview.com/symbols/NASDAQ-NEOV/,2026-09-06T07:14:29+00:00
2026-09-09,Time not supplied,NBP,NovaBridge Biosciences,NASDAQ,United States,Jun/2026,-0.14,1.0,8/20/2025,-0.07,-100.0,Forecast EPS decline,207687040.0,1.8,,71520.0,208798589.0,1.46,6.79,23.28767123287672,-73.49042709867453,47.629339946987876,Neutral,,0.01654161546697277,Unavailable,1.8705000000000012,1.830799999999997,2.69825,1.8321479144993307,1.8442330141004255,2.3635399395534558,Negative / mixed,1.730432159294293,2.0105678407057095,Lower third,29.100529100529087,22.65927969693426,16.773085303120634,15.335894734367583,21.754891581503855,-82.44750009076573,-0.19999999999999996,1.8781038746086878,0.09741944041413797,5.412191134118776,0.24657146038773636,9.0909090909091,1.1235955056179785,-49.43820224719101,-0.49090909090909096,Sell,Neutral,Strong Sell,Sell,Neutral / mixed technical bias,1.3535680401419727,2.2464319598580276,24.801775547668186,Complete,https://www.nasdaq.com/market-activity/earnings?date=2026-09-09,https://www.tradingview.com/symbols/NASDAQ-NBP/,2026-09-06T07:14:29+00:00
2026-09-09,Time not supplied,LKSP,Lake Superior Acquisition Corp.,NASDAQ,United States,Jun/2026,,,N/A,,,Insufficient EPS comparison,,10.22,0.19607843137256228,5227.0,199562530.6679707,9.89,10.22,3.336703741152669,0.0,71.63370182082033,Overbought,0.015535278824287957,0.012589415869020761,Bullish,10.180985000000002,10.158289999999997,,10.184842799480538,10.157483986870874,,Unavailable,10.145245314775867,10.216724685224136,At/above upper band,88.88888888888823,89.81481481481444,34.43364774396205,55.41563091263672,23.526553533143797,158.65765851492074,0.05000000000000071,10.183891782059954,0.010085658329850993,0.09868550224903123,0.0766965460876251,0.4916420845624455,0.8884501480750232,1.8943170488534526,0.5979020979020979,Strong Buy,Bullish,Strong Buy,Buy,Bullish technical bias,10.173781707269997,10.266218292730004,0.45223378405092035,Complete,https://www.nasdaq.com/market-activity/earnings?date=2026-09-09,https://www.tradingview.com/symbols/NASDAQ-LKSP/,2026-09-06T07:14:29+00:00
2026-09-15,Time not supplied,ESP,Espey Mfg. & Electronics Corp.,AMEX,United States,Jun/2026,,2.0,N/A,1.05,,Insufficient EPS comparison,187424880.0,63.35,1.2627877237851648,21868.0,189791660.0,36.0001,74.77,75.97173341185162,-15.273505416610933,54.10686094712138,Neutral,0.350456616446273,0.5352517574728053,Bearish,63.32349999999998,61.53939999999998,57.02299999999995,62.609003569149586,61.94052114421681,56.8853842581622,Bullish alignment,61.21807581470865,65.42892418529132,Middle third,26.16763188148994,19.195918495428224,16.55881187218983,15.650499491477657,15.116514780466215,-20.4464307699846,-1.4299999999999997,63.287837622286396,1.9072936181462865,3.010723943403767,0.9168549878202683,3.801409143044405,12.602204052612874,17.838541666666675,0.4212121212121212,Buy,Neutral,Strong Buy,Neutral,Neutral / mixed technical bias,54.60968262233845,72.09031737766156,13.796870367263702,Complete,https://www.nasdaq.com/market-activity/earnings?date=2026-09-15,https://www.tradingview.com/symbols/AMEX-ESP/,2026-09-06T07:14:29+00:00
2026-09-10,Time not supplied,EVI,"EVI Industries, Inc.",AMEX,United States,Jun/2026,,2.0,N/A,0.14,,Insufficient EPS comparison,167684544.0,13.66,4.834996162701464,92897.0,175792080.99999997,12.75,34.82,7.137254901960777,-60.7696726019529,41.02034378392719,Neutral,-0.46972508780505606,-0.30185574017407235,Bearish,14.714499999999997,14.9682,19.393050000000006,14.332024966136238,15.102979960309208,18.441875661451853,Bearish alignment,12.727960546578583,16.701039453421412,Lower third,13.922311782558912,7.4250465546094935,19.04030068751565,12.850633245725454,22.957536297529774,-97.67401112201128,-1.4800000000000004,14.979398964320206,0.926607200192409,6.783361641232863,2.5177931602712476,-4.073033707865169,-21.942857142857143,-30.44806517311609,-0.35454545454545455,Sell,Bearish,Strong Sell,Neutral,Bearish technical bias,9.413752365627186,17.906247634372814,31.085268187209476,Complete,https://www.nasdaq.com/market-activity/earnings?date=2026-09-10,https://www.tradingview.com/symbols/AMEX-EVI/,2026-09-06T07:14:29+00:00
2026-09-08,Time not supplied,ELME,Elme Communities,NYSE,United States,Jun/2026,,,N/A,0.24,,Insufficient EPS comparison,149281248.0,1.69,0.5952380952380958,421129.0,150169822.0,1.26,17.68,34.12698412698412,-90.44117647058823,60.936058014407934,Neutral,0.017191960008210216,0.012599706940041422,Bullish,1.6515000000000009,1.5921999999999994,4.596900000000006,1.6580325508207583,1.6989672548334789,4.684779058731727,Mixed,1.588802312642377,1.7141976873576248,Upper third,76.66666666666661,76.38888888888883,27.049915250379243,25.735526049843173,9.976796187897353,81.1319334687915,0.030000000000000027,1.6586650148331903,0.03012897677294513,1.7827796907068125,0.6241046989135606,3.680981595092028,-17.560975609756092,-22.477064220183493,0.17878787878787877,Buy,Neutral,Buy,Neutral,Neutral / mixed technical bias,1.5519316833264125,1.8280683166735874,8.169722880093929,Complete,https://www.nasdaq.com/market-activity/earnings?date=2026-09-08,https://www.tradingview.com/symbols/NYSE-ELME/,2026-09-06T07:14:29+00:00
2026-09-15,Time not supplied,EPM,"Evolution Petroleum Corporation, Inc.",AMEX,United States,Jun/2026,0.01,3.0,9/16/2025,0.03,-66.66666666666666,Forecast EPS decline,133014416.0,3.68,-0.540540540540541,278892.0,147953834.0,3.19,5.7,15.36050156739812,-35.43859649122807,51.27099981997086,Neutral,-0.014996364498106374,-0.03754995470536846,Bullish,3.642000000000001,3.6845999999999965,4.066099999999981,3.6426616871683883,3.743813597019481,4.120363226311613,Negative / mixed,3.3748221566073417,3.90917784339266,Middle third,67.18346253229974,67.52799310938845,12.245086976457468,24.71671104753959,28.037999258311313,14.946281668284437,0.15000000000000036,3.5331463802407392,0.1300509138601276,3.5339922244599893,0.504527764566735,3.3707865168539355,-18.403547671840347,-18.584070796460168,,Unavailable,Neutral,Unavailable,Unavailable,Insufficient technical data,3.084031843037784,4.275968156962216,16.194786873973268,Complete,https://www.nasdaq.com/market-activity/earnings?date=2026-09-15,https://www.tradingview.com/symbols/AMEX-EPM/,2026-09-06T07:14:29+00:00
2026-10-05,Time not supplied,TRAK,"ReposiTrak, Inc.",NYSE,United States,Jun/2026,,6.0,N/A,0.09,,Insufficient EPS comparison,143752896.0,7.92,0.12642225031605292,46885.0,143934635.0,6.94,18.05,14.121037463976949,-56.121883656509695,41.359142947391355,Neutral,-0.18945311655817854,-0.19460302499872031,Bullish,8.138499999999997,8.5524,9.758750000000001,8.134360135442416,8.481286395910443,10.299638801643567,Bearish alignment,7.647326914417934,8.62967308558206,Lower third,46.02328599859081,43.226155581877485,25.843976223918375,9.743611665877332,18.823791222478647,-81.52054636758088,-0.08000000000000007,8.123596017839235,0.3833354925897212,4.840094603405571,0.4618979735993561,-10.407239819004525,-21.584158415841582,-10.305775764439412,-0.49090909090909096,Sell,Neutral,Strong Sell,Sell,Neutral / mixed technical bias,6.163336088644419,9.67666391135558,22.180099890853295,Complete,https://www.nasdaq.com/market-activity/earnings?date=2026-10-05,https://www.tradingview.com/symbols/NYSE-TRAK/,2026-09-06T07:14:29+00:00
2026-09-11,Pre-market,HOFT,Hooker Furnishings Corporation,NASDAQ,United States,Jul/2026,-0.02,2.0,9/11/2025,-0.31,93.54838709677419,Forecast EPS growth,135989296.0,13.12,3.6334913112164227,35995.0,140930454.0,8.615,18.09,52.29251305861868,-27.47374239911554,38.93874612712398,Neutral,-0.47260338672646895,-0.3398796844245268,Bearish,13.979749999999996,14.593300000000013,13.270274999999996,13.713614331668726,14.123185153394633,13.382612575050011,Negative / mixed,12.428271753294442,15.531228246705549,Lower third,13.615072928930717,10.361980807118236,23.056407715985625,13.757191348904252,22.828900397895175,-102.02404321836467,-1.3500000000000014,13.869741892800498,0.6217557624654467,4.738992091962246,0.8326047030195365,-15.354838709677425,2.2603273577552545,-2.0895522388059784,-0.3090909090909091,Sell,Bearish,Strong Sell,Buy,Bearish technical bias,10.270757154727107,15.969242845272891,21.71678997921412,Complete,https://www.nasdaq.com/market-activity/earnings?date=2026-09-11,https://www.tradingview.com/symbols/NASDAQ-HOFT/,2026-09-06T07:14:29+00:00
2026-09-24,Time not supplied,LGCY,Legacy Education Inc.,AMEX,United States,Jun/2026,0.12,1.0,9/25/2025,0.09,33.33333333333333,Forecast EPS growth,136009408.0,10.52,-2.139534883720934,4389.0,133099442.00000001,7.943,14.7,32.44366108523229,-28.435374149659864,40.28565553929538,Neutral,-0.1807658459668584,-0.2135001002578367,Bullish,10.688500000000007,11.376800000000003,11.418299999999997,10.862749247255552,11.170392847720603,11.193252856150021,Bearish alignment,10.231060386499697,11.145939613500316,Lower third,40.19607843137254,45.29411764705882,21.151638603960134,18.79589605927424,21.75248478708349,-34.24031475701956,-0.030000000000001137,10.78403118845658,0.42849513870896666,4.073147706358999,0.12013598440887294,-12.333333333333337,-5.734767025089611,-24.152847873107422,-0.5121212121212121,Strong Sell,Neutral,Strong Sell,Neutral,Neutral / mixed technical bias,8.556388591945558,12.483611408054442,18.665507681125874,Complete,https://www.nasdaq.com/market-activity/earnings?date=2026-09-24,https://www.tradingview.com/symbols/AMEX-LGCY/,2026-09-06T07:14:29+00:00
2026-09-11,Pre-market,RENT,"Rent the Runway, Inc.",NASDAQ,United States,Jul/2026,,8.0,N/A,-6.55,,Insufficient EPS comparison,131322936.0,3.805,-2.68542199488491,30061.0,127796367.0,2.875,10.13,32.34782608695652,-62.438302073050345,57.097790272597265,Neutral,0.07144041504105081,0.05868601300435462,Bullish,3.669249999999997,3.479899999999999,5.022350000000002,3.666348714161692,3.634490018099673,4.55942762341633,Mixed,3.4683949527641853,3.8701050472358083,Upper third,82.54684508314865,70.71205243494035,12.074804819119214,21.160931028316405,13.10057968614708,149.95707101680745,0.0050000000000003375,3.691658080393556,0.19496886463004345,5.124017467281037,0.7319846692542575,4.246575342465761,10.289855072463768,-24.950690335305723,0.15454545454545454,Buy,Neutral,Buy,Neutral,Neutral / mixed technical bias,2.9115404196732277,4.698459580326773,23.481197906091257,Complete,https://www.nasdaq.com/market-activity/earnings?date=2026-09-11,https://www.tradingview.com/symbols/NASDAQ-RENT/,2026-09-06T07:14:29+00:00
2026-09-08,Time not supplied,AXR,AMREP Corporation,NYSE,United States,Jul/2026,,,N/A,0.87,,Insufficient EPS comparison,122258536.0,23.14,0.7839721254355388,2296.0,123217006.0,17.61,29.01,31.402612152186272,-20.23440193036884,49.63862255443654,Neutral,-0.16001408088277458,-0.2646304145462178,Bullish,22.780000000000015,23.828200000000006,24.034200000000013,23.031727040121673,23.676545965897354,24.26011600054994,Negative / mixed,21.901774516426656,23.658225483573375,Upper third,67.10364145658258,68.48926237161525,19.583281642775624,15.673431814831673,23.04389078634588,44.09873683222737,0.14000000000000057,22.53846150698245,0.5994027801905307,2.5903318072192336,0.35083966199593536,2.434705621956621,-10.170807453416153,-5.280392959476051,0.09090909090909091,Neutral,Neutral,Unavailable,Buy,Neutral / mixed technical bias,20.393191388009917,25.886808611990084,11.870391581633896,Complete,https://www.nasdaq.com/market-activity/earnings?date=2026-09-08,https://www.tradingview.com/symbols/NYSE-AXR/,2026-09-06T07:14:29+00:00
2026-09-10,Time not supplied,OCC,Optical Cable Corporation,NASDAQ,United States,Jul/2026,0.2,1.0,9/11/2025,0.04,400.0,Forecast EPS growth,115723176.0,13.85,5.6445461479786445,210227.0,122255230.0,4.02,27.9799,244.52736318407963,-50.500180486706526,45.85042009380476,Neutral,-0.658952159775108,-0.5988734395383852,Bearish,14.598749999999999,15.340200000000003,10.723099999999995,14.178732596967974,14.831158759817901,11.873111364001694,Mixed,11.509501102614115,17.68799889738588,Middle third,10.7132222424527,6.575446556740816,9.466309853743988,23.797522941012417,21.726461156855954,-47.470654075202305,,14.992298472477463,1.0861922940446413,7.84254363931149,1.5486791507668733,-12.230671736375157,-0.18018018018018275,120.54140127388533,-0.13333333333333333,Sell,Neutral,Sell,Unavailable,Neutral / mixed technical bias,8.8724415932627,18.8275584067373,35.93904986813935,Complete,https://www.nasdaq.com/market-activity/earnings?date=2026-09-10,https://www.tradingview.com/symbols/NASDAQ-OCC/,2026-09-06T07:14:29+00:00
2026-09-24,Time not supplied,PZG,Paramount Gold Nevada Corp.,AMEX,United States,Jun/2026,,11.0,N/A,-0.04,,Insufficient EPS comparison,122671664.0,1.41,-1.3986013986014,174689.0,120955981.0,0.95,2.71,48.421052631578945,-47.97047970479705,50.0278135759404,Neutral,0.027198274443204218,0.051491944380043744,Bearish,1.4874999999999996,1.2987999999999993,1.5044499999999996,1.4287557788150322,1.3726180246426631,1.3571534225958446,Mixed,1.35914502347008,1.6158549765299193,Lower third,29.885057471264314,20.640448840869407,30.352285668009944,27.014241970748653,20.519773403522645,-109.10369535538022,-0.1200000000000001,1.505982795559716,0.08543151820234471,6.058972922152107,0.26557194070212403,13.709677419354833,6.0150375939849505,-40.50632911392405,0.02121212121212121,Neutral,Neutral,Buy,Neutral,Neutral / mixed technical bias,1.0185036011027577,1.8014963988972421,27.765702049449807,Complete,https://www.nasdaq.com/market-activity/earnings?date=2026-09-24,https://www.tradingview.com/symbols/AMEX-PZG/,2026-09-06T07:14:29+00:00
2026-09-09,After hours,LAKE,"Lakeland Industries, Inc.",NASDAQ,United States,Jul/2026,-0.02,1.0,9/09/2025,0.36,-105.55555555555556,Forecast swing to loss,119712960.0,11.95,-1.483924154987646,21854.0,117936513.0,7.15,17.9977,67.13286713286712,-33.60262700233918,54.88771754051356,Neutral,0.10973591119176085,0.10646023061937103,Bullish,11.798749999999998,11.527699999999992,10.347850000000008,11.748840574556072,11.443393672202033,11.469863490410239,Bullish alignment,11.25860302925964,12.338896970740356,Middle third,75.26881720430107,66.64308621014905,10.50456248431566,22.12700728529773,17.49296807092966,54.61602439700508,0.6999999999999993,11.775418289120557,0.457421162192892,3.827792152241774,0.49777692742214696,-0.3336113427856624,21.81447502548419,37.9907621247113,0.4666666666666667,Buy,Bullish,Strong Buy,Unavailable,Bullish technical bias,9.8538328997764,14.046167100223599,17.541147282205856,Complete,https://www.nasdaq.com/market-activity/earnings?date=2026-09-09,https://www.tradingview.com/symbols/NASDAQ-LAKE/,2026-09-06T07:14:29+00:00
2026-09-14,Pre-market,CODA,"Coda Octopus Group, Inc.",NASDAQ,United States,Jul/2026,,3.0,N/A,0.11,,Insufficient EPS comparison,113033152.0,10.17,1.4970059880239557,27061.0,114725269.99999999,7.61,17.28,33.639947437582116,-41.145833333333336,50.461831854555896,Neutral,-0.036561120011315396,-0.023713108047476086,Bearish,10.174249999999988,10.046100000000003,11.015424999999995,10.13742794611643,10.279605644566786,10.498275810325937,Mixed,9.837125764738063,10.511374235261913,Middle third,28.29904201266852,22.41620976291819,8.667093790566234,18.38894520236722,18.03075412584621,-33.00674615381686,0.07499999999999929,10.154612071708653,0.36082977021346924,3.5479820079987143,0.39184142737373134,-2.7724665391969494,-18.83479648842777,-27.357142857142858,-0.045454545454545456,Neutral,Neutral,Unavailable,Neutral,Neutral / mixed technical bias,8.516470265003255,11.823529734996745,16.258896115995526,Complete,https://www.nasdaq.com/market-activity/earnings?date=2026-09-14,https://www.tradingview.com/symbols/NASDAQ-CODA/,2026-09-06T07:14:29+00:00
2026-09-14,Pre-market,RFIL,"RF Industries, Ltd.",NASDAQ,United States,Jul/2026,0.18,2.0,9/11/2025,0.09,100.0,Forecast EPS growth,110465880.0,10.51,3.241650294695482,86228.0,114009972.0,5.5401,22.3,89.70776700781575,-52.869955156950674,37.17214028965001,Neutral,-0.9307918178913521,-0.9359462322513539,Bullish,11.514499999999995,13.59979999999999,12.089875000000001,11.300157085533606,12.904940991073477,12.343771439501394,Negative / mixed,9.05763634891942,13.97136365108057,Lower third,12.512423116467913,7.681963013508181,35.88618281395511,15.422232796081406,30.307913730721484,-66.10083702074436,-0.6699999999999999,11.75077785008738,0.7092824039114615,6.74864323417185,0.5692368629522049,-23.11631309436723,-41.448467966573816,-8.608695652173916,-0.19696969696969696,Sell,Neutral,Strong Sell,Buy,Neutral / mixed technical bias,7.259659694975486,13.760340305024513,30.926168458844096,Complete,https://www.nasdaq.com/market-activity/earnings?date=2026-09-14,https://www.tradingview.com/symbols/NASDAQ-RFIL/,2026-09-06T07:14:29+00:00
2026-09-18,Time not supplied,TRT,Trio-Tech International,AMEX,United States,Jun/2026,,,N/A,0.02,,Insufficient EPS comparison,104665400.0,10.51,1.5458937198067646,73405.0,108236707.0,2.56,21.38,310.546875,-50.84190832553788,48.990419529270504,Neutral,-0.14400955921485092,-0.10159096325180039,Bearish,10.772500000000003,10.569,8.54259650000001,10.538550107758615,10.714396972006412,8.857025466183835,Mixed,9.607495708162414,11.937504291837591,Middle third,35.11328975517708,26.457974528310853,10.309814295527858,24.45263540537528,17.989627264952485,-19.77946788049941,-0.4900000000000002,10.943310008056905,0.761825699528574,7.248579443659126,0.5538478485910286,-8.369659982563215,-13.85245901639344,96.81647940074906,-0.06666666666666667,Neutral,Neutral,Sell,Unavailable,Neutral / mixed technical bias,7.018876065547626,14.001123934452373,33.217163981468836,Complete,https://www.nasdaq.com/market-activity/earnings?date=2026-09-18,https://www.tradingview.com/symbols/AMEX-TRT/,2026-09-06T07:14:29+00:00
2026-09-09,After hours,KEQU,Kewaunee Scientific Corporation,NASDAQ,United States,Jul/2026,,1.0,N/A,1.1,,Insufficient EPS comparison,105631088.0,36.99,0.5163043478261001,1076.0,106106225.00000001,33.273,57.88,11.171219908033535,-36.09191430545957,50.32081127646384,Neutral,0.1392204006210065,0.1727572230602586,Bearish,36.88825,36.66899600000004,37.74231499999998,37.012811126403385,36.91851117222118,38.5312371139019,Mixed,35.56641311520589,38.21008688479411,Middle third,23.333333333333346,31.592592592592638,16.84529450967745,28.33556277602282,24.554481027854735,-2.1335912219544717,-0.0799999999999983,36.8573738029541,0.7706494039087299,2.083399307674317,0.4008941877794337,2.1541010770505418,0.701562385148765,-9.338235294117636,-0.045454545454545456,Neutral,Neutral,Unavailable,Neutral,Neutral / mixed technical bias,33.45844077231565,40.52155922768436,9.54733503023615,Complete,https://www.nasdaq.com/market-activity/earnings?date=2026-09-09,https://www.tradingview.com/symbols/NASDAQ-KEQU/,2026-09-06T07:14:29+00:00
2026-09-09,Time not supplied,ANIX,"Anixa Biosciences, Inc.",NASDAQ,United States,Jul/2026,-0.08,1.0,9/10/2025,-0.07,-14.285714285714276,Forecast EPS decline,103770344.0,3.07,0.6557377049180334,368209.0,104450803.0,2.32,5.4566,32.327586206896555,-43.737858739874646,37.4839692846271,Neutral,-0.043316080201002194,0.02509806663248182,Bearish,3.3927499999999915,3.3416999999999994,3.164550000000005,3.3600767816323316,3.2905615453062436,3.1631135037313567,Negative / mixed,2.9605292809220836,3.8249707190778994,Lower third,6.583272806036059,12.588008463857584,19.636292812294247,13.839433835047316,23.072700182429386,-130.54586175555414,-0.6400000000000001,3.414447121131369,0.22524508490955117,7.336973449822513,1.1455521958628594,-10.364963503649635,17.175572519083957,4.778156996587019,-0.3333333333333333,Sell,Bearish,Strong Sell,Unavailable,Bearish technical bias,2.0377973484852263,4.102202651514773,33.62223620569295,Complete,https://www.nasdaq.com/market-activity/earnings?date=2026-09-09,https://www.tradingview.com/symbols/NASDAQ-ANIX/,2026-09-06T07:14:29+00:00
2026-09-15,Pre-market,VRA,"Vera Bradley, Inc.",NASDAQ,United States,Jul/2026,-0.08,1.0,9/11/2025,-0.02,-300.0,Forecast EPS decline,93277464.0,3.35,2.1341463414634236,89916.0,95268140.0,1.39,4.39,141.00719424460434,-23.69020501138951,50.44628097580921,Neutral,-0.05909188733992421,-0.08532663520055991,Bullish,3.2555000000000014,3.5416000000000007,3.1966249999999996,3.3057737460283674,3.427334019544507,3.2804214697996943,Mixed,3.045407163377844,3.4655928366221587,Upper third,58.97435897435894,52.00571272922692,18.07692021749687,17.08790381670048,18.56083147339048,47.22414190278482,0.20000000000000018,3.2631708089253624,0.14880740396989264,4.442012058802765,1.1730678157815428,-4.285714285714283,3.0769230769230798,29.343629343629356,0.13333333333333333,Buy,Neutral,Buy,Unavailable,Neutral / mixed technical bias,2.668078807338095,4.031921192661906,20.355856497370304,Complete,https://www.nasdaq.com/market-activity/earnings?date=2026-09-15,https://www.tradingview.com/symbols/NASDAQ-VRA/,2026-09-06T07:14:29+00:00
2026-09-21,Time not supplied,ISPR,Ispire Technology Inc.,NASDAQ,United States,Jun/2026,-0.02,1.0,9/15/2025,-0.26,92.3076923076923,Forecast EPS growth,87247080.0,1.54,1.3157894736842117,6000.0,88395066.0,1.01,3.87,52.475247524752476,-60.20671834625323,50.74550114261977,Neutral,-0.025014558873337256,-0.03222910451906965,Bullish,1.5299999999999987,1.5286000000000015,2.058475,1.5174600143552959,1.5688330678763005,2.0093832837989725,Mixed,1.3398421708158843,1.720157829184113,Middle third,51.259868576561246,42.670757335343914,17.40422087462096,23.03665525140088,12.676474769638913,-12.190339087063181,0.050000000000000044,1.5212564887386988,0.1452968904946544,9.434863019133404,0.40831603661233795,-2.531645569620255,-7.784431137724545,-18.08510638297872,0.045454545454545456,Neutral,Neutral,Unavailable,Neutral,Neutral / mixed technical bias,0.8741660010665365,2.2058339989334637,43.23597395671841,Complete,https://www.nasdaq.com/market-activity/earnings?date=2026-09-21,https://www.tradingview.com/symbols/NASDAQ-ISPR/,2026-09-06T07:14:29+00:00
2026-09-08,Time not supplied,UPXI,"Upexi, Inc.",NASDAQ,United States,Jun/2026,,,N/A,,,Insufficient EPS comparison,78594024.0,1.07,,1828562.0,84211532.0,0.54,7.75,98.14814814814814,-86.19354838709677,58.064276910824915,Neutral,0.058853564432631456,0.051976042281700156,Bullish,0.9526049999999999,0.8788119999999999,1.3314075000000012,0.9841461879861396,0.9480558141384466,1.8241012888913284,Mixed,0.6813709278409061,1.2238390721590937,Upper third,60.55361867438313,60.971850138027044,24.108596643994176,31.061803740979403,18.807493948008293,58.58463543049751,-0.010000000000000009,1.024839928606258,0.0827415770692598,7.732857670024281,0.33547371208147286,28.4976582202474,9.183673469387763,16.304347826086957,0.31212121212121213,Buy,Neutral,Strong Buy,Neutral,Neutral / mixed technical bias,0.6908304599600946,1.4491695400399056,35.43640561120611,Complete,https://www.nasdaq.com/market-activity/earnings?date=2026-09-08,https://www.tradingview.com/symbols/NASDAQ-UPXI/,2026-09-06T07:14:29+00:00
2026-09-10,Pre-market,VNCE,Vince Holding Corp.,NASDAQ,United States,Jul/2026,0.27,2.0,9/10/2025,0.38,-28.947368421052627,Forecast EPS decline,80681008.0,6.4,1.9108280254777086,64514.0,82222682.0,1.46,8.2,338.3561643835617,-21.95121951219511,49.497998464458355,Neutral,0.06579384960245882,0.08315972572437633,Bearish,6.3759999999999994,6.4681000000000015,4.260934999999998,6.472563981594666,6.233524655053437,4.666589423227828,Mixed,5.386567839617062,7.3654321603829365,Middle third,23.361823361823387,26.970560303893674,15.205721010826261,25.467453784725336,25.32873746944932,-17.51248988452653,0.15000000000000036,6.829189109716052,0.4831369272224228,7.549014487850355,0.483650174151247,-5.465288035450506,45.12471655328799,135.2941176470588,-0.024242424242424246,Neutral,Neutral,Buy,Sell,Neutral / mixed technical bias,4.185988459974878,8.614011540025123,34.593930312892546,Complete,https://www.nasdaq.com/market-activity/earnings?date=2026-09-10,https://www.tradingview.com/symbols/NASDAQ-VNCE/,2026-09-06T07:14:29+00:00
2026-09-29,Time not supplied,INTG,The Intergroup Corporation,NASDAQ,United States,Jun/2026,,1.0,N/A,-0.76,,Insufficient EPS comparison,77701040.0,36.17,0.027654867256651318,82455.0,77722527.99999999,16.8816,52.0,114.25694246990807,-30.44230769230769,57.643563445621936,Neutral,0.2821933149446565,-0.11974492526633901,Bullish,34.43049999999995,36.3199,34.25277649999997,34.58928573384473,35.23627658818969,33.257842756680695,Mixed,31.88388283206823,36.977117167931674,Upper third,76.90923639700482,67.45157118780146,12.86488701843505,14.788384622052149,12.352968337812058,78.58759098509235,4.160000000000004,34.81557995220467,2.705002554658798,7.478580466294714,0.6351491566393134,16.865912762520203,6.039284667253011,9.572856710087864,0.4242424242424242,Buy,Neutral,Strong Buy,Buy,Neutral / mixed technical bias,23.774121038227136,48.56587896177287,34.27116107761366,Complete,https://www.nasdaq.com/market-activity/earnings?date=2026-09-29,https://www.tradingview.com/symbols/NASDAQ-INTG/,2026-09-06T07:14:29+00:00
2026-09-17,Time not supplied,RSSS,"Research Solutions, Inc",NASDAQ,United States,Jun/2026,0.03,1.0,9/18/2025,0.07,-57.14285714285715,Forecast EPS decline,72392048.0,2.23,1.3636363636363547,48317.0,74587998.0,2.0,4.12,11.5,-45.87378640776699,51.09686886001109,Neutral,-0.00564679015891878,-0.005075680028454417,Bearish,2.2222499999999963,2.2376999999999976,2.4802250000000035,2.218111504632662,2.239066193063847,2.4622198346004667,Negative / mixed,2.1291653610949113,2.3153346389050813,Middle third,33.650793650793766,26.230158730158838,14.489581583074699,19.440273529658736,13.900697335822631,23.210256974631772,-0.020000000000000018,2.2285363306916715,0.07566669984610574,3.393125553637029,2.0697646524618536,0.4504504504504408,-0.8888888888888897,-7.468879668049798,-0.024242424242424246,Neutral,Neutral,Buy,Sell,Neutral / mixed technical bias,1.883251620367717,2.576748379632283,15.549254692030628,Complete,https://www.nasdaq.com/market-activity/earnings?date=2026-09-17,https://www.tradingview.com/symbols/NASDAQ-RSSS/,2026-09-06T07:14:29+00:00
2026-09-08,Time not supplied,NTRB,Nutriband Inc.,NASDAQ,United States,Jul/2026,,7.0,N/A,-2.12,,Insufficient EPS comparison,68438184.0,5.97,6.0390763765541715,96192.0,72571216.00000001,2.8,8.6259,113.21428571428571,-30.78983062636942,79.39691697282153,Overbought,0.5592763562830356,0.41025223406126504,Bullish,4.15642,3.469768000000002,3.961794999999999,4.353993864070241,3.802336023989104,4.146376752447852,Positive / mixed,2.450600042794652,5.862239957205348,At/above upper band,82.4805909111632,67.54362990089719,45.5034377734806,47.61669508982053,9.354133229656759,147.29927411732965,1.3035999999999994,5.03730525559679,0.4237073646052479,7.097275789032628,1.3986009918970357,106.5743944636678,65.83333333333333,43.165467625899275,0.5121212121212121,Strong Buy,Bullish,Strong Buy,Neutral,Bullish technical bias,4.028328929186198,7.911671070813801,32.52380353121945,Complete,https://www.nasdaq.com/market-activity/earnings?date=2026-09-08,https://www.tradingview.com/symbols/NASDAQ-NTRB/,2026-09-06T07:14:29+00:00
2026-09-21,Time not supplied,CSBR,"Champions Oncology, Inc.",NASDAQ,United States,Jul/2026,,1.0,N/A,-0.03,,Insufficient EPS comparison,73490056.0,5.22,-1.1363636363636458,10946.0,72524427.00000001,4.83,8.74,8.074534161490687,-40.2745995423341,50.48992611233898,Neutral,-0.09625196748425058,-0.15669161320670982,Bullish,5.044504999999998,5.511623999999997,6.085147999999999,5.142760766813557,5.4047113854510735,5.998301136893541,Negative / mixed,4.843443760821309,5.245566239178688,Upper third,60.929557007988414,51.222464294359746,16.944142247409314,24.931053369456308,16.894399783587247,146.48551254796257,0.2599,5.065084070448287,0.25562832509672273,4.89709435051193,1.8976457127006692,-2.7932960893854815,-7.936507936507939,-11.37521222410866,-0.06666666666666667,Neutral,Neutral,Sell,Unavailable,Neutral / mixed technical bias,4.048563850469488,6.391436149530511,22.441305546561523,Complete,https://www.nasdaq.com/market-activity/earnings?date=2026-09-21,https://www.tradingview.com/symbols/NASDAQ-CSBR/,2026-09-06T07:14:29+00:00
2026-09-14,Pre-market,HAIN,"The Hain Celestial Group, Inc.",NASDAQ,United States,Jun/2026,-0.03,1.0,9/15/2025,-0.02,-49.999999999999986,Forecast EPS decline,67247872.0,0.7479,0.37578848476714866,414254.0,67500583.00000001,0.483,2.17,54.84472049689442,-65.53456221198158,57.74711258550616,Neutral,0.0441480320026445,0.043509771901118946,Bullish,0.6802649999999989,0.603502,0.8220255000000013,0.6913239962648132,0.6518968900599303,0.9889948667684892,Mixed,0.4787739751378326,0.8817560248621652,Middle third,54.52176836443099,53.527203451560474,20.504910346868417,21.89145503529418,18.994974087777226,48.944929344888386,-0.045399999999999996,0.6764531344361997,0.07045854283717297,9.420850760418901,0.6279035998044082,41.11320754716981,-1.5921052631578947,8.391304347826097,0.26666666666666666,Buy,Neutral,Strong Buy,Unavailable,Neutral / mixed technical bias,0.4250183940923663,1.0707816059076336,43.1717617205019,Complete,https://www.nasdaq.com/market-activity/earnings?date=2026-09-14,https://www.tradingview.com/symbols/NASDAQ-HAIN/,2026-09-06T07:14:29+00:00
2026-10-05,Time not supplied,FEAM,"5E Advanced Materials, Inc.",NASDAQ,United States,Jun/2026,-0.28,7.0,N/A,,,Insufficient EPS comparison,65594052.0,1.56,-1.2658227848101276,101245.0,64763748.00000001,0.9001,7.5,73.31407621375403,-79.2,49.92200731697657,Neutral,0.03541018017234143,0.060485400484521126,Bearish,1.6609999999999991,1.4245999999999994,2.136224999999989,1.5825374322823287,1.5358196579318926,2.4530144334373842,Mixed,1.447748974211115,1.8742510257888834,Lower third,24.074074074074087,20.459309829794883,29.82041828793714,26.96774406644466,16.93990701856512,-79.10919084103415,-0.10999999999999988,1.8662518993210668,0.14269883302150616,9.147361091122189,0.4402980693335189,18.18181818181818,-20.40816326530612,-13.812154696132596,-0.17878787878787877,Sell,Neutral,Sell,Neutral,Neutral / mixed technical bias,0.9060717960970841,2.213928203902916,41.91847460916128,Complete,https://www.nasdaq.com/market-activity/earnings?date=2026-10-05,https://www.tradingview.com/symbols/NASDAQ-FEAM/,2026-09-06T07:14:29+00:00
2026-09-21,Time not supplied,HYFT,MindWalk Holdings Corp.,NASDAQ,United States,Jul/2026,-0.05,1.0,9/15/2025,-0.07,28.571428571428577,Forecast EPS growth,62126784.0,1.32,-0.7518796992481209,91944.0,62023235.0,0.99,2.99,33.33333333333335,-55.85284280936455,45.16044226830827,Neutral,-0.01610974074569871,-0.011133948767240982,Bearish,1.3702499999999989,1.407500000000001,1.5181999999999993,1.3637023043411716,1.3942313758678624,1.4429362300108521,Bearish alignment,1.2839670352850185,1.4565329647149792,Lower third,31.333333333333343,30.000000000000004,11.962564463085739,15.731141606356495,21.605843889271632,-76.60893758751854,-0.08999999999999986,1.3709625504718743,0.08949323348542758,6.779790415562695,1.2035972824023773,-3.6496350364963535,-27.86885245901639,13.793103448275875,-0.49090909090909096,Sell,Bearish,Strong Sell,Sell,Bearish technical bias,0.9098904833666716,1.7301095166333287,31.068902775252162,Complete,https://www.nasdaq.com/market-activity/earnings?date=2026-09-21,https://www.tradingview.com/symbols/NASDAQ-HYFT/,2026-09-06T07:14:29+00:00
2026-09-09,After hours,SKIL,Skillsoft Corp.,NYSE,United States,Jul/2026,0.54,1.0,9/09/2025,0.47,14.89361702127661,Forecast EPS growth,58288940.0,6.81,4.769230769230763,56238.0,61068874.0,3.43,18.45,98.5422740524781,-63.08943089430894,43.09598893493174,Neutral,-0.2648609383704592,-0.09419995501037283,Bearish,7.6865000000000006,7.2818,6.973949999999998,7.265658135394166,7.2867974941968425,8.19100502789716,Negative / mixed,5.859805991688831,9.51319400831117,Lower third,12.522206082061482,8.893475250689939,19.847860779806183,14.738422518609783,22.492720594227123,-92.94478982115935,-1.4699999999999998,7.5238077836828,0.6575707520821618,9.655958180354798,1.0191828487028698,-15.087281795511222,-3.8135593220339046,52.348993288590606,-0.3090909090909091,Sell,Bearish,Strong Sell,Buy,Bearish technical bias,3.796632253794453,9.823367746205546,44.24915926880392,Complete,https://www.nasdaq.com/market-activity/earnings?date=2026-09-09,https://www.tradingview.com/symbols/NYSE-SKIL/,2026-09-06T07:14:29+00:00
2026-09-21,Time not supplied,OPTT,"Ocean Power Technologies, Inc.",AMEX,United States,Jul/2026,0.03,1.0,9/15/2025,-0.04,175.00000000000003,Forecast turnaround to profit,52487972.0,0.1874,-3.5512094698919148,3424421.0,50624014.99999999,0.1307,0.72,43.38179035960215,-73.97222222222221,49.81537417114829,Neutral,-0.00559676102719997,-0.007162440171924011,Bullish,0.1871150000000001,0.19816600000000037,0.3395440000000005,0.18394568680502701,0.20794241835023675,0.31948326072343475,Negative / mixed,0.16351243446148828,0.2107175655385119,Middle third,40.87205801860974,26.343596059113253,21.952400120430347,21.030716446043275,19.685470302442432,-13.86599400385098,0.0031000000000000194,0.1892529639662815,0.016075722720389724,8.57829387427413,0.8094686449123184,8.323699421965332,-41.161695447409734,-54.414984188761856,-0.11212121212121212,Sell,Neutral,Sell,Neutral,Neutral / mixed technical bias,0.11373178378269269,0.26106821621730736,39.3106810124372,Complete,https://www.nasdaq.com/market-activity/earnings?date=2026-09-21,https://www.tradingview.com/symbols/AMEX-OPTT/,2026-09-06T07:14:29+00:00
2026-10-05,Time not supplied,NTWK,NetSol Technologies Inc.,NASDAQ,United States,Jun/2026,,7.0,N/A,0.22,,Insufficient EPS comparison,48693296.0,4.08,-0.48780487804877015,4859.0,48455769.0,2.73,5.75,49.45054945054945,-29.04347826086956,45.05419420975898,Neutral,-0.05577836245736201,-0.06871099777269461,Bullish,4.089,4.2879000000000005,3.7187750000000013,4.113757177719903,4.189996449892983,3.9280320226222822,Mixed,3.9710339031757345,4.206966096824266,Middle third,31.498980915323333,26.265525174190174,18.64342317180408,15.439395960613618,8.724887807568942,-59.58837435683677,0.020000000000000462,4.076523143383153,0.13299068180585644,3.259575534457265,0.3391545913951476,-5.116279069767436,-9.333333333333332,13.64902506963789,-0.17878787878787877,Sell,Neutral,Sell,Neutral,Neutral / mixed technical bias,3.4705601339008765,4.689439866099123,14.937251620076555,Complete,https://www.nasdaq.com/market-activity/earnings?date=2026-10-05,https://www.tradingview.com/symbols/NASDAQ-NTWK/,2026-09-06T07:14:29+00:00
2026-10-05,Time not supplied,POCI,"Precision Optics Corporation, Inc.",NASDAQ,United States,Jun/2026,,6.0,N/A,-0.18,,Insufficient EPS comparison,47829080.0,4.35,-0.45766590389017076,45070.0,47610179.00000001,3.55,6.15,22.535211267605625,-29.268292682926845,48.109087939103524,Neutral,-0.02556496440612399,-0.040519998549477486,Bullish,4.3447499999999994,4.491199999999995,4.598431500000007,4.369134341049861,4.49787308142214,4.618329043677906,Negative / mixed,4.13507227109197,4.554427728908029,Middle third,25.430473992003716,24.78835009822645,25.68291617730443,20.128241924344906,11.056929156713611,-1.1931273703964909,-0.20999999999999996,4.354185538060495,0.27690539997447045,6.365641378723459,1.2674460133240728,2.35294117647058,-23.280423280423285,-1.248581157775269,-0.3333333333333333,Sell,Neutral,Strong Sell,Unavailable,Neutral / mixed technical bias,3.081060044274966,5.6189399557250335,29.171033464943303,Complete,https://www.nasdaq.com/market-activity/earnings?date=2026-10-05,https://www.tradingview.com/symbols/NASDAQ-POCI/,2026-09-06T07:14:29+00:00
2026-09-09,Time not supplied,CULP,"Culp, Inc.",NASDAQ,United States,Jul/2026,0.44,1.0,9/10/2025,-0.02,2300.0,Forecast turnaround to profit,42866136.0,3.43,1.7804154302670638,21549.0,43629334.0,2.7,4.7999,27.037037037037038,-28.540177920373345,52.02020508473617,Neutral,-0.018774096488506586,-0.017046618358393197,Bearish,3.3825000000000016,3.430199999999995,3.354449999999998,3.395700578693733,3.3855927780312136,3.471291648230142,Mixed,3.2528658995483077,3.5121341004516955,Upper third,43.34049190117471,34.160092282470394,11.739710203860708,17.22200439802067,15.78696655003594,3.297209494014403,0.010000000000000231,3.375477809746759,0.1385627971508096,4.03973169535888,1.2273457345620649,-1.2295908083047762,7.1875,1.7804154302670638,0.28787878787878785,Buy,Neutral,Strong Buy,Neutral,Neutral / mixed technical bias,2.795025493551604,4.064974506448396,18.512376281294355,Complete,https://www.nasdaq.com/market-activity/earnings?date=2026-09-09,https://www.tradingview.com/symbols/NASDAQ-CULP/,2026-09-06T07:14:29+00:00
2026-09-24,Time not supplied,RAVE,"Rave Restaurant Group, Inc.",NASDAQ,United States,Jun/2026,,2.0,N/A,0.06,,Insufficient EPS comparison,43345276.0,3.04,-0.32786885245900943,18588.0,43203159.99999999,2.25,3.75,35.111111111111114,-18.933333333333337,40.82216569974788,Neutral,-0.02053551385072483,-0.019310595034063342,Bearish,3.086000000000004,3.178800000000001,2.986449999999995,3.1002704349073262,3.1112795509824296,2.9918601884596656,Mixed,3.0160285772627073,3.1559714227373004,Lower third,35.27911458874302,47.70741728121498,9.55225481182037,15.94356301722663,19.516117106947927,-155.17727013383873,-0.06999999999999984,3.0784897078759266,0.10312697913758016,3.392334840051979,1.1063956429868158,-6.027820710973721,7.80141843971632,7.99289520426288,-0.403030303030303,Sell,Neutral,Strong Sell,Sell,Neutral / mixed technical bias,2.5674128119099073,3.5125871880900927,15.545631187174106,Complete,https://www.nasdaq.com/market-activity/earnings?date=2026-09-24,https://www.tradingview.com/symbols/NASDAQ-RAVE/,2026-09-06T07:14:29+00:00
2026-10-06,Time not supplied,AXIL,"AXIL Brands, Inc.",AMEX,United States,Aug/2026,,1.0,N/A,0.04,,Insufficient EPS comparison,43665160.0,6.24,-2.500000000000002,18968.0,42573528.00000001,4.28,9.86,45.79439252336448,-36.71399594320486,50.02859438210026,Neutral,0.1404058212155901,0.11917408782673375,Bullish,6.2167499999999976,6.095112,6.497658999999988,6.288508083410808,6.214103081479043,6.380982514156274,Mixed,5.498423646592056,6.935076353407939,Middle third,37.548446279096424,51.42353052101717,30.664608875573755,30.356062459863875,14.686989648765758,25.528231628232277,0.1200000000000001,6.375003928034058,0.4539696981865607,7.2751554196564205,0.43111736402006484,10.247349823321557,-5.361340714339873,1.960784313725492,-0.08787878787878788,Neutral,Neutral,Sell,Neutral,Neutral / mixed technical bias,4.159649494843829,8.32035050515617,33.33895040314377,Complete,https://www.nasdaq.com/market-activity/earnings?date=2026-10-06,https://www.tradingview.com/symbols/AMEX-AXIL/,2026-09-06T07:14:29+00:00
2026-09-08,After hours,MIND,"MIND Technology, Inc.",NASDAQ,United States,Jul/2026,,,N/A,0.24,,Insufficient EPS comparison,40173624.0,4.57,3.3936651583710487,85028.0,41536983.0,4.2548,14.5,7.4081037886622125,-68.48275862068965,46.20144361352544,Neutral,-0.177179439106804,-0.20029003240859383,Bullish,4.563749999999995,4.919100000000008,7.208024999999993,4.582062429648846,4.979418323946803,6.593788703183877,Negative / mixed,4.142432127129403,4.985067872870587,Middle third,24.672716873751313,14.621407125345527,9.32417977380069,22.977918098087613,17.168811148038625,-14.412598074209647,0.040000000000000036,4.598008605823771,0.2515052214791466,5.5033965312723545,1.0109094713614488,-16.146788990825684,-33.089311859443626,-40.026246719160106,-0.1090909090909091,Sell,Neutral,Sell,Buy,Neutral / mixed technical bias,3.4174582848951776,5.722541715104823,25.21973118391297,Complete,https://www.nasdaq.com/market-activity/earnings?date=2026-09-08,https://www.tradingview.com/symbols/NASDAQ-MIND/,2026-09-06T07:14:29+00:00
2026-09-25,Time not supplied,LITS,"Lite Strategy, Inc.",NASDAQ,United States,Jun/2026,,1.0,N/A,,,Insufficient EPS comparison,33157954.0,1.14,9.615384615384603,159927.0,38788727.00000001,0.6888,3.4,65.50522648083623,-66.47058823529413,70.80709831433228,Overbought,0.030624300201812393,0.015307962453637877,Bullish,0.96815,0.9686900000000006,1.167322999999998,0.9959991465228385,0.9784407057553972,1.3558947776096835,Mixed,0.8278649829810736,1.1084350170189263,At/above upper band,85.00664780586617,73.90911414482493,18.59596585243443,24.062172523848794,13.483236411760185,149.14302799049068,0.15029999999999988,1.0090572953833081,0.06699245968683949,5.876531551477148,0.3837075389760889,18.01242236024844,38.85505481120584,2.702702702702685,0.4242424242424242,Buy,Neutral,Strong Buy,Buy,Neutral / mixed technical bias,0.8330019824937803,1.4469980175062194,26.92965065844032,Complete,https://www.nasdaq.com/market-activity/earnings?date=2026-09-25,https://www.tradingview.com/symbols/NASDAQ-LITS/,2026-09-06T07:14:29+00:00
2026-09-09,Pre-market,DXLG,"Destination XL Group, Inc.",NASDAQ,United States,Jul/2026,,,N/A,,,Insufficient EPS comparison,34711504.0,0.666,6.050955414012744,145964.0,36811881.0,0.435,1.58,53.103448275862085,-57.848101265822784,61.1474348514402,Neutral,0.005382774517724398,0.0011986602403794297,Bullish,0.6152449999999998,0.6170780000000002,0.6941585000000008,0.6192237393738405,0.623234774952685,0.7653889001229814,Mixed,0.5735662536176865,0.6569237463823131,At/above upper band,60.92967134303647,48.603581623945736,13.804519642722568,22.32499093593969,13.527335479863725,203.28645271528856,0.056599999999999984,0.6240597377962521,0.04522681879704876,6.790813633190504,1.360160575806653,17.58474576271187,-8.767123287671227,27.83109404990403,0.46969696969696967,Buy,Neutral,Strong Buy,Buy,Neutral / mixed technical bias,0.4587446794204725,0.8732553205795276,31.11941750443357,Complete,https://www.nasdaq.com/market-activity/earnings?date=2026-09-09,https://www.tradingview.com/symbols/NASDAQ-DXLG/,2026-09-06T07:14:29+00:00
2026-10-05,Time not supplied,FKWL,Franklin Wireless Corp.,NASDAQ,United States,Jun/2026,,6.0,N/A,-0.03,,Insufficient EPS comparison,29494874.0,2.4544,-1.937752207439361,8180.0,28923336.999999996,2.21,5.48,11.058823529411764,-55.211678832116796,50.90377439582918,Neutral,0.021785391928281772,0.016889866574156292,Bullish,2.449615000000003,2.4083460000000008,3.4436924999999996,2.4496470876983336,2.5074331572799555,3.236462417375192,Mixed,2.3568359016006224,2.542394098399384,Middle third,66.26609808102349,75.63458895996213,19.026003058537917,14.895101800902063,18.24926083879444,47.034800214581175,-0.04559999999999986,2.4351303377754325,0.07356095727436629,2.9971054952072316,0.6073610977049473,6.251082251082255,-11.393501805054147,-35.89301572376325,-0.11212121212121212,Sell,Neutral,Sell,Neutral,Neutral / mixed technical bias,2.1173013450968043,2.791498654903196,13.734462797555244,Complete,https://www.nasdaq.com/market-activity/earnings?date=2026-10-05,https://www.tradingview.com/symbols/NASDAQ-FKWL/,2026-09-06T07:14:29+00:00
2026-10-05,Time not supplied,NNVC,"NanoViricides, Inc.",AMEX,United States,Jun/2026,-0.11,1.0,9/29/2025,-0.13,15.384615384615389,Forecast EPS growth,29356456.0,1.12,-2.608695652173896,489457.0,28590636.000000004,0.85,2.2299,31.764705882352963,-49.77353244540114,25.407131316430664,Oversold,-0.08042654653874304,-0.06689173328005069,Bearish,1.2909999999999993,1.4370000000000007,1.2680879999999994,1.2841423960524772,1.3707148551964596,1.3524857691342482,Negative / mixed,1.1339140362730926,1.448085963726906,At/below lower band,4.86675180928055,4.50996371302885,25.391704351876843,11.899011996769325,28.87163003720703,-180.33418235608247,-0.20999999999999996,1.2882940255707862,0.08005254738148156,7.147548873346567,1.7712591483891889,-25.827814569536418,-25.333333333333325,22.47129579004922,-0.5575757575757576,Strong Sell,Bearish,Strong Sell,Sell,Bearish technical bias,0.7531531420503219,1.4868468579496783,32.75418374550698,Complete,https://www.nasdaq.com/market-activity/earnings?date=2026-10-05,https://www.tradingview.com/symbols/AMEX-NNVC/,2026-09-06T07:14:29+00:00
2026-09-09,Time not supplied,ATCH,"AtlasClear Holdings, Inc.",AMEX,United States,Jun/2026,-0.01,1.0,N/A,,,Insufficient EPS comparison,28789684.0,0.1896,-0.992167101827683,559305.0,28504045.0,0.1699,1.92,11.595055915244256,-90.125,48.792355572594005,Neutral,0.0002628830198267429,0.0007061921273430118,Bearish,0.19272500000000004,0.18796999999999983,0.23478350000000373,0.1906672501199044,0.19403927726277467,1.5319855472511117,Mixed,0.18580318665377968,0.1996468133462204,Lower third,20.16666666666663,18.166666666666636,9.364367648190827,15.012790633157696,14.81361981579539,-67.8448813982558,-0.005500000000000005,0.19320842192940077,0.009544339030382334,5.033934087754396,0.5342311290725447,3.6065573770491777,-17.31356301788051,-10.566037735849058,-0.403030303030303,Sell,Neutral,Strong Sell,Sell,Neutral / mixed technical bias,0.1458623439349515,0.23333765606504847,23.068384000552992,Complete,https://www.nasdaq.com/market-activity/earnings?date=2026-09-09,https://www.tradingview.com/symbols/AMEX-ATCH/,2026-09-06T07:14:29+00:00
2026-09-08,Time not supplied,AAME,Atlantic American Corporation,NASDAQ,United States,Jun/2026,,7.0,N/A,0.07,,Insufficient EPS comparison,27740230.0,1.36,,10121.0,27740230.999999996,1.25,3.46,8.800000000000008,-60.69364161849711,43.40914292154913,Neutral,-0.051069925182989806,-0.058764458959978415,Bullish,1.3902499999999995,1.525000000000002,2.2449199999999983,1.4065395505223262,1.54724004521033,2.044639168731434,Bearish alignment,1.256965529786878,1.523534470213121,Middle third,29.532247308754894,30.167349401416274,18.961690308115838,16.73405724585595,14.965757855180197,-42.42237428846782,0.010000000000000009,1.4127884519859923,0.09796840612141898,7.203559273633749,0.03296031930573928,-15.945611866501853,-21.839080459770106,-48.484848484848484,-0.4,Sell,Neutral,Strong Sell,Unavailable,Neutral / mixed technical bias,0.9110523632344225,1.8089476367655777,33.01085564452776,Complete,https://www.nasdaq.com/market-activity/earnings?date=2026-09-08,https://www.tradingview.com/symbols/NASDAQ-AAME/,2026-09-06T07:14:29+00:00
2026-09-10,Time not supplied,EONR,EON Resources Inc.,AMEX,United States,Jun/2026,,,N/A,-0.06,,Insufficient EPS comparison,28402008.0,0.555,-2.3574947220267357,212476.0,27732432.0,0.3272,1.58,69.62102689486555,-64.87341772151898,60.29975376007981,Neutral,0.013357185973679409,0.003404954279891207,Bullish,0.5054250000000001,0.5077640000000007,0.5693554999999998,0.5194864022737229,0.5260102691759385,0.5813202111905184,Mixed,0.44064232098778466,0.5702076790122156,Upper third,71.48800783162021,72.92694741399727,21.111097020986858,23.330881182408046,10.331425527434837,125.76800379452287,0.07440000000000002,0.5155673220846289,0.035264671073678894,6.35399478805025,0.35371494247362734,11.895161290322593,-14.903403863845439,-24.14924149241492,0.15454545454545454,Buy,Neutral,Buy,Neutral,Neutral / mixed technical bias,0.3933969754471469,0.7166030245528532,29.117662081595164,Complete,https://www.nasdaq.com/market-activity/earnings?date=2026-09-10,https://www.tradingview.com/symbols/AMEX-EONR/,2026-09-06T07:14:29+00:00
2026-09-22,Time not supplied,AYTU,"Aytu BioPharma, Inc. ",NASDAQ,United States,Jun/2026,-0.22,1.0,9/23/2025,-0.26,15.384615384615389,Forecast EPS growth,24525380.0,2.21,-3.2822757111597447,15882.0,23720389.0,1.6501,3.065,33.93127689230957,-27.89559543230016,43.75439469921546,Neutral,-0.0010305742574701071,0.013506306939733976,Bearish,2.3157750000000012,2.2409100000000017,2.3831480000000025,2.281591372859515,2.2713046310903295,2.3004597644568334,Negative / mixed,2.208398803848515,2.4231511961514873,Lower third,26.374828594307647,27.432484598644397,20.229988699780883,9.341356477601174,24.035982011021268,-104.51544006908624,-0.16000000000000014,2.3290468357906864,0.08454047136667928,3.8253606953248545,0.7717801189596858,1.3761467889908165,3.7558685446009425,-10.887096774193548,-0.6484848484848484,Strong Sell,Bearish,Strong Sell,Sell,Bearish technical bias,1.8225868906749454,2.5974131093250543,17.53000494683505,Complete,https://www.nasdaq.com/market-activity/earnings?date=2026-09-22,https://www.tradingview.com/symbols/NASDAQ-AYTU/,2026-09-06T07:14:29+00:00
2026-09-09,Time not supplied,PTN,"Palatin Technologies, Inc.",NASDAQ,United States,Jun/2026,,,N/A,,,Insufficient EPS comparison,23272916.0,12.7,-2.9051987767584158,257715.0,22596793.0,5.61,31.0,126.38146167557932,-59.03225806451613,68.52504762529874,Neutral,0.8328059500143432,0.4796443118015672,Bullish,10.312500000000007,9.56449800000001,16.063240499999992,10.659543499575907,10.62081380608017,14.658736314599723,Mixed,7.451948479750682,13.173051520249333,Upper third,79.97328086559834,82.73104019949163,33.32813729935171,29.033044169758,9.34855331801047,189.36395280207088,3.01,11.672038747871493,1.2533116936961963,9.868596013355878,1.7056058684781086,52.27817745803357,-11.12666200139958,-42.86999550157445,0.2909090909090909,Buy,Neutral,Buy,Buy,Neutral / mixed technical bias,6.9566042942638715,18.443395705736126,45.22358823414274,Complete,https://www.nasdaq.com/market-activity/earnings?date=2026-09-09,https://www.tradingview.com/symbols/NASDAQ-PTN/,2026-09-06T07:14:29+00:00
2026-09-09,Pre-market,CRMT,"America's Car-Mart, Inc.",NASDAQ,United States,Jul/2026,,,N/A,-0.69,,Insufficient EPS comparison,19146320.0,2.4,8.597285067873301,191121.0,20792384.0,1.38,37.74,73.91304347826089,-93.64069952305246,39.704232856865524,Neutral,-0.3227325246199215,-0.33562348881428267,Bullish,2.6519999999999984,3.0550000000000006,13.802124999999931,2.6025971266969408,3.645443489185808,13.48141333372768,Bearish alignment,1.8411091318802617,3.462890868119735,Middle third,13.500298151460946,10.80062529218936,31.950491101767636,13.308800807627964,24.269634418723406,-58.55779568374904,0.020000000000000018,2.625955975809814,0.29627079761319647,12.34461656721652,0.9585092831278774,-27.49244712990937,-69.46564885496184,-87.06199460916443,-0.17575757575757575,Sell,Neutral,Strong Sell,Buy,Neutral / mixed technical bias,1.042316643732585,3.757683356267415,56.57013984447562,Complete,https://www.nasdaq.com/market-activity/earnings?date=2026-09-09,https://www.tradingview.com/symbols/NASDAQ-CRMT/,2026-09-06T07:14:29+00:00
2026-10-05,Time not supplied,NEUP,Neuphoria Therapeutics Inc.,NASDAQ,United States,Jun/2026,-0.56,1.0,9/29/2025,-5.79,90.32815198618309,Forecast EPS growth,20321112.0,3.77,0.2659574468085168,21953.0,20375155.000000004,3.19,21.4004,18.181818181818187,-82.38350685033924,45.30929071308315,Neutral,-0.025174633090279563,-0.013174998782571739,Bearish,3.8415,3.770099999999993,4.282435000000014,3.8172181900672717,3.9210122985291984,4.763301193654102,Negative / mixed,3.6997572753187997,3.9832427246812,Lower third,7.936507936507932,8.641975308641978,22.720471661155695,19.9215785666449,14.452533965022193,-93.92090768676906,-0.14000000000000012,3.88830958719092,0.1516471874491372,4.0224718156269805,0.4471252451724233,-3.0848329048843213,-20.798319327731086,-15.848214285714294,-0.35454545454545455,Sell,Bearish,Strong Sell,Neutral,Bearish technical bias,3.0750652845871715,4.464934715412828,18.43328157593709,Complete,https://www.nasdaq.com/market-activity/earnings?date=2026-10-05,https://www.tradingview.com/symbols/NASDAQ-NEUP/,2026-09-06T07:14:29+00:00
2026-10-05,Time not supplied,BTLN,"Brightline Interactive, Inc.",NASDAQ,United States,Jun/2026,,7.0,N/A,,,Insufficient EPS comparison,19962908.0,0.9202,0.021739130434780214,65072.0,19967247.0,0.42,1.85,119.0952380952381,-50.259459459459464,50.08347323088879,Neutral,0.014539766774065432,0.022137504862009532,Bearish,0.9386800000000003,0.8775399999999998,0.8064100000000003,0.9290172575325237,0.883458037774878,0.8906726539803206,Positive / mixed,0.8635009710092244,1.013859028990776,Middle third,58.552845528455265,61.30081300813007,10.844704336844428,16.96036763109384,17.834282807846993,-47.33686067019395,-0.14980000000000004,0.9580148673119109,0.09512427938055588,10.337348335204943,0.4479719342884542,4.15393322014715,15.024999999999997,46.50533354561376,0.02121212121212121,Neutral,Neutral,Buy,Neutral,Neutral / mixed technical bias,0.48428578931047567,1.3561142106895243,47.37168123120238,Complete,https://www.nasdaq.com/market-activity/earnings?date=2026-10-05,https://www.tradingview.com/symbols/NASDAQ-BTLN/,2026-09-06T07:14:29+00:00
2026-09-11,Time not supplied,JVA,"Coffee Holding Co., Inc.",NASDAQ,United States,Jul/2026,,2.0,N/A,-0.21,,Insufficient EPS comparison,19808840.0,3.47,,21564.0,19808839.0,2.93,5.631,18.430034129692842,-38.376842479133366,48.70435085332592,Neutral,-0.01331672654836602,-0.01357910851603673,Bullish,3.483500000000003,3.461600000000002,3.7596700000000003,3.468407539473349,3.5432473892231644,3.782480211841252,Mixed,3.408326866501721,3.558673133498285,Middle third,40.89093701996941,31.408090117767642,13.672482754445664,10.544802990603836,15.84294657322809,-68.59729146777332,-0.05999999999999961,3.492602736477344,0.08077771750659375,2.3278881125819524,0.7283830935677058,2.058823529411773,-23.56828193832599,11.21794871794872,-0.11212121212121212,Sell,Neutral,Sell,Neutral,Neutral / mixed technical bias,3.099829995060275,3.8401700049397256,10.667723485294678,Complete,https://www.nasdaq.com/market-activity/earnings?date=2026-09-11,https://www.tradingview.com/symbols/NASDAQ-JVA/,2026-09-06T07:14:29+00:00
2026-10-06,Time not supplied,ARTW,"Art's-Way Manufacturing Co., Inc.",NASDAQ,United States,Aug/2026,,3.0,N/A,0.05,,Insufficient EPS comparison,15760720.0,3.32,9.567341011847788,91318.0,17268603.0,2.05,4.1699,61.95121951219513,-20.381783735821013,68.68020297031126,Neutral,0.14049397473955194,0.12786180072370734,Bullish,2.9535049999999976,2.5974020000000024,2.478300499999995,2.8823691078721083,2.7074552079139305,2.5353830819667045,Bullish alignment,2.621399501852089,3.285610498147906,At/above upper band,78.22666666666669,62.49679012345681,43.008688246980505,31.031513078986677,17.763373143347895,118.13824121197699,0.36999999999999966,2.871436576614605,0.23762263539970727,7.157308295171906,4.68823961269323,48.52592493177648,28.682170542635646,46.25550660792951,0.603030303030303,Strong Buy,Bullish,Strong Buy,Buy,Bullish technical bias,2.231076286445948,4.408923713554051,32.798907034760596,Complete,https://www.nasdaq.com/market-activity/earnings?date=2026-10-06,https://www.tradingview.com/symbols/NASDAQ-ARTW/,2026-09-06T07:14:29+00:00
2026-09-11,Time not supplied,IHT,InnSuites Hospitality Trust,AMEX,United States,Jul/2026,,8.0,N/A,-0.04,,Insufficient EPS comparison,12599798.0,1.36,1.492537313432837,1969.0,16372453.0,0.95,4.24,43.15789473684213,-67.9245283018868,39.60339234590902,Neutral,-0.08614706897776014,-0.07509643621589991,Bearish,1.4735000000000018,1.6195460000000004,1.3394314150000028,1.4509484916985484,1.5210900659603588,1.4920782068018146,Mixed,1.2151184991142445,1.731881500885759,Lower third,26.100257375502633,24.95069237316039,33.380958734153154,8.562332756067551,16.553410810658168,-64.98782842273157,-0.1499999999999999,1.3442409257992134,0.12057447483947983,8.865770208785282,0.014357119680337163,-19.999999999999993,-9.333333333333327,32.864400156311056,-0.2,Sell,Neutral,Sell,Unavailable,Neutral / mixed technical bias,0.8074583421685354,1.912541657831465,40.62806307584299,Complete,https://www.nasdaq.com/market-activity/earnings?date=2026-09-11,https://www.tradingview.com/symbols/AMEX-IHT/,2026-09-06T07:14:29+00:00
2026-09-24,Time not supplied,ASTC,Astrotech Corporation,NASDAQ,United States,Jun/2026,,2.0,N/A,-1.75,,Insufficient EPS comparison,15132539.0,7.37,2.646239554317554,35909.0,15532982.000000002,1.915,68.85,284.8563968668407,-89.2955700798838,44.483455295211535,Neutral,-0.45503535929734795,-0.5086543746716401,Bullish,7.789249999999998,8.197500000000002,6.670803999999992,7.564769179271884,8.640027579095179,7.77504627895446,Mixed,6.143594279625987,9.43490572037401,Middle third,24.11888389334145,16.294715936037026,25.613817594269754,24.812532847036127,14.89137843790123,-48.89335419385844,-0.13999999999999968,8.613247549538778,0.8550453150518977,11.601700339917201,1.0297373250745583,1.5151515151515196,-82.02439024390245,200.81632653061223,-0.15454545454545454,Sell,Neutral,Sell,Neutral,Neutral / mixed technical bias,3.451690121157315,11.288309878842686,53.16566999786547,Complete,https://www.nasdaq.com/market-activity/earnings?date=2026-09-24,https://www.tradingview.com/symbols/NASDAQ-ASTC/,2026-09-06T07:14:29+00:00
2026-09-10,Time not supplied,HSCS,HeartSciences Inc.,NASDAQ,United States,Jul/2026,-0.78,2.0,9/11/2025,-1.58,50.63291139240506,Forecast EPS growth,13102290.0,3.73,11.011904761904766,182892.0,14545102.0,1.63,3.83,128.83435582822088,-2.610966057441255,75.63549787401841,Overbought,0.28767051285509426,0.19015899788424198,Bullish,2.6852500000000186,2.5740999999999996,2.5231489999999996,2.8611352091923274,2.5808809505923214,2.685434967986234,Bullish alignment,1.6660470025556515,3.7044529974443856,At/above upper band,89.05816385660762,87.31595412017678,40.29293147879386,35.823868175296646,6.640305377640225,138.0591173472426,0.9300000000000002,2.811263683019802,0.30146736343179364,8.082234944552107,1.124673237079067,79.32692307692308,86.5,42.50238777459407,0.603030303030303,Strong Buy,Bullish,Strong Buy,Buy,Bullish technical bias,2.3485029875150434,5.111497012484957,37.03745341782725,Complete,https://www.nasdaq.com/market-activity/earnings?date=2026-09-10,https://www.tradingview.com/symbols/NASDAQ-HSCS/,2026-09-06T07:14:29+00:00
2026-09-24,Time not supplied,BTOC,Armlogi Holding Corp.,NASDAQ,United States,Jun/2026,,2.0,N/A,-0.13,,Insufficient EPS comparison,13866956.0,0.2903,-4.86645911846632,28185.0,13192126.0,0.225,1.45,29.022222222222215,-79.9793103448276,51.41563193731083,Neutral,0.0056922294140372975,0.00491994578215801,Bullish,0.2901325,0.28055300000000005,0.3662823150000001,0.28937848945240446,0.2867704288228104,0.5094420276370941,Mixed,0.27239462315411034,0.3078703768458897,Middle third,69.74576271186436,71.52542372881354,19.21934526883778,11.096329043502175,15.520563729910196,7.520546466848721,0.0023000000000000242,0.287777475067677,0.027201831980692148,9.370248701581863,1.167042085562383,12.519379844961238,-13.498212157330158,10.338274420372482,0.06666666666666667,Neutral,Neutral,Buy,Unavailable,Neutral / mixed technical bias,0.1656455459070077,0.4149544540929923,42.93987395556056,Complete,https://www.nasdaq.com/market-activity/earnings?date=2026-09-24,https://www.tradingview.com/symbols/NASDAQ-BTOC/,2026-09-06T07:14:29+00:00
2026-09-22,Time not supplied,NAII,"Natural Alternatives International, Inc.",NASDAQ,United States,Jun/2026,,1.0,N/A,-0.17,,Insufficient EPS comparison,13303485.0,2.08,-1.8867924528301903,8343.0,13052476.0,2.0,4.96,4.0000000000000036,-58.06451612903225,43.11043625578505,Neutral,-0.04243579614169768,-0.04380041364319349,Bullish,2.134999999999999,2.239121999999999,2.850798999999991,2.155789650661637,2.252589521272313,2.70872436038253,Bearish alignment,1.987690801373355,2.282309198626643,Lower third,24.036054319342018,24.14190334628023,19.98122131775321,22.75721944956325,15.079974244978574,-90.03977614356357,-0.06999999999999984,2.184469606526178,0.15338905364097347,7.374473732739109,0.2678863850910936,-9.565217391304337,-16.799999999999997,-23.809523809523803,-0.4454545454545455,Sell,Neutral,Strong Sell,Neutral,Neutral / mixed technical bias,1.3770830509125975,2.7829169490874026,33.794084090740505,Complete,https://www.nasdaq.com/market-activity/earnings?date=2026-09-22,https://www.tradingview.com/symbols/NASDAQ-NAII/,2026-09-06T07:14:29+00:00
2026-09-10,Time not supplied,SMXT,Solarmax Technology Inc.,NASDAQ,United States,Jun/2026,,2.0,N/A,-0.48,,Insufficient EPS comparison,13230780.0,2.63,-5.734767025089611,19692.0,12472025.000000002,2.6,15.24,1.1538461538461497,-82.74278215223097,28.676928142620298,Oversold,-0.4198738463565008,-0.35364084724277084,Bearish,3.4829999999999997,3.922440000000001,7.3352160000000035,3.3307141475662903,4.0132494755655745,7.5247141046023085,Bearish alignment,2.251431192340422,4.714568807659577,Lower third,6.826112024497019,7.994393037136689,29.183904728445707,9.281823101035101,32.81311434744933,-99.84924311866135,-1.0150000000000001,3.572141751130396,0.3166710384735446,12.040723896332494,1.2313810828049374,-39.456721915285456,-59.41358024691358,-68.27809137839533,-0.5575757575757576,Strong Sell,Bearish,Strong Sell,Sell,Bearish technical bias,1.1788309957947087,4.081169004205291,55.177528677007274,Complete,https://www.nasdaq.com/market-activity/earnings?date=2026-09-10,https://www.tradingview.com/symbols/NASDAQ-SMXT/,2026-09-06T07:14:29+00:00
2026-09-10,Time not supplied,REBN,"Reborn Coffee, Inc.",NASDAQ,United States,Jun/2026,,2.0,N/A,-1.02,,Insufficient EPS comparison,9691877.0,1.11,-5.932203389830495,67402.0,9116935.0,0.9068,2.95,22.40846934274372,-62.37288135593219,37.46311373277739,Neutral,-0.0589437321353814,-0.04028857015578807,Bearish,1.3317499999999987,1.3800600000000012,1.7700144999999998,1.300710571751782,1.4164767215886371,1.8113596663014455,Bearish alignment,1.1368840204139874,1.52661597958601,At/below lower band,13.908298542444895,17.935252325496247,12.0940855287028,16.87897723225398,26.93056112763738,-169.37620092069068,-0.19999999999999996,1.3398499695642314,0.12888646413971233,11.611393165739848,2.715304354832212,-21.830985915492946,-36.93181818181817,-33.92857142857142,-0.5575757575757576,Strong Sell,Bearish,Strong Sell,Sell,Bearish technical bias,0.5193680220245569,1.7006319779754433,53.21008810589578,Complete,https://www.nasdaq.com/market-activity/earnings?date=2026-09-10,https://www.tradingview.com/symbols/NASDAQ-REBN/,2026-09-06T07:14:29+00:00
2026-09-08,Time not supplied,SEGG,Sports Entertainment Gaming Global Corporation ,NASDAQ,United States,Jun/2026,,,N/A,-9.1,,Insufficient EPS comparison,8539856.0,2.73,4.198473282442743,16607.0,8898400.000000002,2.2501,43.3195,21.32794098040085,-93.69798820392664,41.578969506305974,Neutral,-0.35365334289208006,-0.48996054064356126,Bullish,2.588750000000002,3.919304000000001,7.057358999999996,2.8266209081229476,4.037880493845042,12.892378470855455,Negative / mixed,2.311335598787915,2.866164401212089,Upper third,45.71151453287296,47.23254867235695,33.653926585535785,14.047724899702255,21.264358680071556,91.20951110503273,0.22999999999999998,2.5511117307113667,0.36873093299287263,13.506627582156508,0.37931026606763957,-9.302325581395342,-77.8409090909091,-57.14285714285714,-0.04242424242424242,Neutral,Neutral,Sell,Buy,Neutral / mixed technical bias,1.0402625884884715,4.419737411511528,61.89514327881057,Complete,https://www.nasdaq.com/market-activity/earnings?date=2026-09-08,https://www.tradingview.com/symbols/NASDAQ-SEGG/,2026-09-06T07:14:29+00:00
2026-10-05,Time not supplied,MARPS,Marine Petroleum Trust,NASDAQ,United States,Jun/2026,,6.0,N/A,0.08,,Insufficient EPS comparison,8874200.0,4.43,-0.16001442383539538,4763.0,8860000.0,4.05,6.4899,9.382716049382722,-31.740088445122417,39.007077177805776,Neutral,-0.09387750470624301,-0.05208983891835152,Bearish,4.698479999999999,4.748866,4.747486500000006,4.640426198394048,4.7216257643245365,4.732853249132835,Negative / mixed,4.321898998885908,5.07506100111409,Lower third,28.128395061728366,29.056236815713934,24.141194978176838,12.548135054899047,35.50027951989256,-134.61916392936575,-0.4450000000000003,4.558190721669479,0.17858540859505,4.031273331716704,0.5804431012210876,-9.59183673469389,-9.59183673469389,-28.548387096774203,-0.49090909090909096,Sell,Bearish,Strong Sell,Sell,Bearish technical bias,3.611618847098566,5.248381152901434,18.47361518964862,Complete,https://www.nasdaq.com/market-activity/earnings?date=2026-10-05,https://www.tradingview.com/symbols/NASDAQ-MARPS/,2026-09-06T07:14:29+00:00
2026-09-11,Time not supplied,TPET,Trio Petroleum Corp.,AMEX,United States,Jul/2026,,2.0,N/A,-1.53,,Insufficient EPS comparison,8755161.0,1.76,-1.1235955056179785,87423.0,8656790.000000002,1.6801,22.5,4.755669305398502,-92.17777777777778,33.29387504414524,Neutral,-0.18658466447775424,-0.1947595737533166,Bullish,1.9954700000000023,2.401826000000004,5.263561250000002,1.9894948211781218,2.4248744340006225,5.441831973165072,Bearish alignment,1.5670011301857565,2.423938869814248,Lower third,14.167046548143658,20.10181406614566,26.643276322647015,11.285904767592694,26.505933022173412,-85.10610968260892,-0.10299999999999998,1.975182943796221,0.16706636349535348,9.492407016781447,0.4201336641117835,-24.786324786324784,-47.600333452423484,-90.68783068783068,-0.5121212121212121,Strong Sell,Neutral,Strong Sell,Neutral,Neutral / mixed technical bias,0.9944057432015356,2.525594256798464,43.49967368173093,Complete,https://www.nasdaq.com/market-activity/earnings?date=2026-09-11,https://www.tradingview.com/symbols/AMEX-TPET/,2026-09-06T07:14:29+00:00
2026-09-09,Time not supplied,ALZN,"Alzamend Neuro, Inc.",NASDAQ,United States,Jul/2026,-0.56,1.0,9/10/2025,-1.28,56.25,Forecast EPS growth,8203729.0,1.66,-2.35294117647059,63178.0,8010700.0,0.84,2.68,97.61904761904762,-38.05970149253732,61.65552772449801,Neutral,0.08238961200077122,0.08258402057598785,Bearish,1.5815899999999998,1.388636000000001,1.599834500000005,1.5793977094328726,1.4512744716860195,2.651980971844846,Positive / mixed,1.4183106822650533,1.7448693177349464,Upper third,88.40725806451614,83.71998207885305,35.62597795119683,20.524601227372713,16.348383788086206,102.11988811059474,0.09999999999999987,1.6099668917991532,0.09944165981426752,5.990461434594429,0.5261045380659259,16.901408450704228,44.34782608695652,-12.92945187516392,0.28787878787878785,Buy,Neutral,Strong Buy,Neutral,Neutral / mixed technical bias,1.2043010666690708,2.115698933330929,27.45174297174272,Complete,https://www.nasdaq.com/market-activity/earnings?date=2026-09-09,https://www.tradingview.com/symbols/NASDAQ-ALZN/,2026-09-06T07:14:29+00:00
2026-10-05,Time not supplied,AMST,Amesite Inc.,NASDAQ,United States,Jun/2026,,6.0,N/A,-0.18,,Insufficient EPS comparison,6975591.0,1.07,0.4694835680751282,52117.0,7008341.0,0.77,4.78,38.96103896103897,-77.61506276150627,52.41622205855696,Neutral,0.006469499056193984,0.0008380841379099886,Bullish,1.0381250000000002,1.056062,1.5914655000000004,1.0490891698951061,1.0870291240149115,1.5780815692575099,Mixed,0.9140871045808755,1.162162895419125,Middle third,38.28828828828829,36.63663663663663,22.496179503054588,23.877920982090398,11.37974721025202,43.27311106972154,,1.0904962948888783,0.08853142657580011,8.273965100542066,0.27167419738902526,1.9047619047619064,-21.323529411764707,-38.857142857142854,,Unavailable,Neutral,Unavailable,Unavailable,Insufficient technical data,0.664298036333971,1.4757019636660291,37.91607137065692,Complete,https://www.nasdaq.com/market-activity/earnings?date=2026-10-05,https://www.tradingview.com/symbols/NASDAQ-AMST/,2026-09-06T07:14:29+00:00
2026-09-25,Time not supplied,MITQ,"Moving iMage Technologies, Inc.",AMEX,United States,Jun/2026,,1.0,N/A,-0.02,,Insufficient EPS comparison,5855291.0,0.6073,3.106960950764004,8095.0,6037213.000000001,0.4201,1.66,44.56081885265413,-63.415662650602414,60.649066147947885,Neutral,0.01246511503844927,0.007346332789985871,Bullish,0.5656120000000006,0.5641168000000003,0.6197853150000002,0.5741361471960961,0.5700890341470142,0.6208150061772802,Mixed,0.5101203542864456,0.6211036457135555,Upper third,55.498721227621445,59.3432767800473,27.82560321963378,28.755107120666757,15.26526545788443,106.63106731600105,0.06729999999999992,0.5672647053856278,0.03243930073679384,5.341561129062051,0.2816680874754258,13.471599402092664,-1.7313915857605247,14.326054216867458,0.5151515151515151,Strong Buy,Bullish,Strong Buy,Buy,Bullish technical bias,0.45864444888220546,0.7559555511177944,24.478108203160634,Complete,https://www.nasdaq.com/market-activity/earnings?date=2026-09-25,https://www.tradingview.com/symbols/AMEX-MITQ/,2026-09-06T07:14:29+00:00
2026-09-21,Time not supplied,PMCB,"PharmaCyte  Biotech, Inc.",NASDAQ,United States,Jul/2026,,1.0,N/A,-0.09,,Insufficient EPS comparison,5274424.0,0.4865,-0.9769997964583811,45369.0,5222893.0,0.4702,1.51,3.466609953211397,-67.78145695364238,31.083629321006825,Neutral,-0.030910593267487685,-0.030650200096328142,Bearish,0.5249100000000001,0.6010340000000004,0.7335417499999989,0.5276910776502851,0.5878894377527983,0.7485814243460731,Bearish alignment,0.4786373342025837,0.5711826657974165,Lower third,16.615838799069788,14.55894531516468,45.59612825890865,9.461893743460232,21.34424194185616,-123.97651968587142,-0.04650000000000004,0.526463680714527,0.03455766016411633,7.103321719242822,0.5790296540677825,-20.18047579983594,-33.35616438356164,-25.326170376055252,-0.4454545454545455,Sell,Bearish,Strong Sell,Neutral,Bearish technical bias,0.32813690645737686,0.6448630935426232,32.551509464054085,Complete,https://www.nasdaq.com/market-activity/earnings?date=2026-09-21,https://www.tradingview.com/symbols/NASDAQ-PMCB/,2026-09-06T07:14:29+00:00
2026-09-28,Time not supplied,NCPL,Netcapital Inc.,NASDAQ,United States,Jul/2026,,2.0,N/A,-1.27,,Insufficient EPS comparison,4933189.0,0.5774,-8.14508431434935,15295193.0,4531377.0,0.2065,2.75,179.6125907990315,-79.00363636363636,52.700374615254496,Neutral,0.08411237511119107,0.04586866209350608,Bullish,0.4643849999999999,0.4574280000000001,0.6114979999999997,0.5414168291203948,0.5057726589569197,0.9238524491003489,Mixed,0.026946257888603553,0.9018237421113962,Middle third,57.110051227698285,65.80025736594423,44.073681189390825,37.91833930455781,17.67335867335016,51.487884608351344,0.3386,0.6118034349697515,0.17511255196537384,30.327771382988196,0.18468037036888119,32.7966881324747,-42.83168316831683,24.172043010752688,0.06666666666666667,Neutral,Neutral,Buy,Unavailable,Neutral / mixed technical bias,0.0,1.3798665245182136,138.97930802185897,Complete,https://www.nasdaq.com/market-activity/earnings?date=2026-09-28,https://www.tradingview.com/symbols/NASDAQ-NCPL/,2026-09-06T07:14:29+00:00
2026-09-21,Time not supplied,YYAI,AiRWA Inc.,NASDAQ,United States,Jul/2026,,1.0,N/A,,,Insufficient EPS comparison,3815372.0,0.8417,1.0686839577329514,155749.0,3856146.0,0.7603,118000.0,10.706300144679727,-99.99928669491526,26.54939380696031,Oversold,-17.540948495353497,-23.412240895573007,Bullish,1.1192150000001828,68.26908600003303,528.1958741045967,10.203334759469701,86.12918437096207,31104.782380850207,Bearish alignment,0.6015438871294105,1.636886112870955,Lower third,9.1103700959203,7.56519778937081,30.44823973744663,22.999472215533917,42.71925872486645,-89.33502658172026,-0.23329999999999995,1.363493521978861,4.446100332215006,528.2286244760611,0.24670877295693353,-64.02991452991452,-99.49234016887817,-99.8947875,-0.2181818181818182,Sell,Neutral,Strong Sell,Buy,Neutral / mixed technical bias,0.0,21.216291319743572,2420.647655903953,Complete,https://www.nasdaq.com/market-activity/earnings?date=2026-09-21,https://www.tradingview.com/symbols/NASDAQ-YYAI/,2026-09-06T07:14:29+00:00
2026-09-08,Time not supplied,BRTX,"BioRestorative Therapies, Inc.",NASDAQ,United States,Jun/2026,-0.15,1.0,8/12/2025,-0.3,50.0,Forecast EPS growth,3969361.0,0.148,2.9923451635351412,806665.0,3770769.0000000005,0.1425,1.73,3.8596491228070295,-91.44508670520231,24.29473333860676,Oversold,-0.02397654339783578,-0.02129975505706834,Bearish,0.2051674999999999,0.266313,0.5161192049999995,0.20511396466860682,0.2474306823732047,0.5413028884313861,Bearish alignment,0.16253011880696422,0.24780488119303556,At/below lower band,7.946135308234151,9.840779074828674,27.482776666183163,10.372868251759797,33.454900278522366,-291.8058718177024,-0.0673,0.17617862223169872,0.02135915551489275,14.431861834386995,1.5035287955870718,-32.11009174311927,-64.7451167222487,-30.646672914714156,-0.4212121212121212,Sell,Neutral,Strong Sell,Neutral,Neutral / mixed technical bias,0.05012005307267048,0.2458799469273295,66.13509927522266,Complete,https://www.nasdaq.com/market-activity/earnings?date=2026-09-08,https://www.tradingview.com/symbols/NASDAQ-BRTX/,2026-09-06T07:14:29+00:00
2026-09-10,Time not supplied,IPST,"IP Strategy Holdings, Inc.",NASDAQ,United States,Jun/2026,,,N/A,-99.99,,Insufficient EPS comparison,2980117.0,3.725,-9.806295399515735,54355.0,2687878.0,1.54,532.0,141.8831168831169,-99.29981203007519,45.67235062229679,Neutral,0.11354067205094065,0.6290676513395785,Bearish,5.657255,3.689401999999999,24.085845499999994,5.003634621900839,4.692706886090958,56.212634067388905,Mixed,-1.3504519332200235,12.664961933220024,Middle third,3.8092170412531794,6.616588495760566,49.20485689180028,35.34679653606235,15.14954670904587,-45.05762782581425,-5.925000000000001,9.311944497766477,1.864029475374055,50.04105974158537,0.16904184637049072,69.31818181818181,-0.40106951871658086,-68.95833333333333,-0.3333333333333333,Sell,Neutral,Strong Sell,Unavailable,Neutral / mixed technical bias,0.0,12.267056168530429,229.31694412162224,Complete,https://www.nasdaq.com/market-activity/earnings?date=2026-09-10,https://www.tradingview.com/symbols/NASDAQ-IPST/,2026-09-06T07:14:29+00:00
2026-09-08,Time not supplied,SHPH,"Shuttle Pharmaceuticals Holdings, Inc.",NASDAQ,United States,Jun/2026,,7.0,N/A,-32.9,,Insufficient EPS comparison,3574705.0,3.5,0.5747126436781614,9081.0,2230144.0000000005,2.5764,55.9,35.84847073435802,-93.73881932021467,46.3781798852803,Neutral,-0.07919186009983914,-0.039496241121817745,Bearish,3.795999999999997,3.5698000000000003,9.543454999999987,3.652497991584999,3.973498853037356,22.11123683182194,Negative / mixed,3.138903355662131,4.4530966443378635,Lower third,17.58681106260508,16.42059233445772,25.49594991925119,31.589685199861584,18.062078793304472,-77.56627577883084,-0.2599999999999998,3.7674562109950265,0.3794805619552009,10.842301770148598,0.10204758174987837,-13.151364764267996,-26.655490360435877,-58.96834701055099,-0.4,Sell,Bearish,Strong Sell,Unavailable,Bearish technical bias,1.7610016000759126,5.238998399924087,49.68566856925964,Complete,https://www.nasdaq.com/market-activity/earnings?date=2026-09-08,https://www.tradingview.com/symbols/NASDAQ-SHPH/,2026-09-06T07:14:29+00:00
2026-09-10,Time not supplied,SNYR,Synergy CHC Corp.,NASDAQ,United States,Jun/2026,-0.01,1.0,8/14/2025,0.17,-105.88235294117648,Forecast swing to loss,1638987.0,0.1025,-6.818181818181825,703616.0,1527238.0000000002,0.0819,2.96,25.152625152625152,-96.53716216216216,37.91894006032094,Neutral,-0.016640837543080697,-0.0193129019107885,Bullish,0.1155,0.15832599999999922,0.9138285000000009,0.11914941067865198,0.17193918138726735,0.9234081077562585,Bearish alignment,0.0733488908806104,0.15765110911938962,Middle third,38.35447692590549,31.378929950358515,14.71316830270133,21.715467997748636,22.34044674758085,-46.04165312181715,0.0015999999999999903,0.13801016075996536,0.016782066689765677,16.372747990015295,0.09743621458888295,-41.5954415954416,-54.70614228899691,-92.4074074074074,-0.37575757575757573,Sell,Neutral,Strong Sell,Buy,Neutral / mixed technical bias,0.0255949090763518,0.1794050909236482,75.02935699868118,Complete,https://www.nasdaq.com/market-activity/earnings?date=2026-09-10,https://www.tradingview.com/symbols/NASDAQ-SNYR/,2026-09-06T07:14:29+00:00
2026-09-28,Time not supplied,MSS,Maison Solutions Inc.,NASDAQ,United States,Jul/2026,0.57,2.0,9/22/2025,2.0,-71.50000000000001,Forecast EPS decline,1265902.0,1.51,2.027027027027029,82508.0,1291562.0,1.24,197.995,21.7741935483871,-99.23735447864846,42.877986117442276,Neutral,-0.1568104294320969,-0.21227454731109416,Bullish,1.507749999999996,2.0849099999999994,9.290765000000048,1.5798834174748368,2.2949884565396785,11.837825867746755,Negative / mixed,1.2943378400781538,1.721162159921838,Middle third,9.07407407407407,8.580246913580245,36.30674229152135,41.07854872807634,16.031157352154555,-16.389931837820257,0.030000000000000027,1.734242074379979,0.28813228109501055,19.08160801953712,0.01937723108649154,3.4246575342465784,-74.1880341880342,-86.75438596491227,-0.04242424242424242,Neutral,Neutral,Sell,Buy,Neutral / mixed technical bias,0.18961201172182074,2.8303879882781793,87.44291313100526,Complete,https://www.nasdaq.com/market-activity/earnings?date=2026-09-28,https://www.tradingview.com/symbols/NASDAQ-MSS/,2026-09-06T07:14:29+00:00
2026-09-07,Time not supplied,FRGT,"Freight Technologies, Inc.",NASDAQ,United States,Jun/2026,,1.0,N/A,0.5,,Insufficient EPS comparison,623616.0,1.07,-1.8348623853211024,63367.0,657818.0000000001,1.02,51.5,4.90196078431373,-97.92233009708737,24.66456759506781,Oversold,-0.4834167721835856,-0.4851240375013076,Bullish,1.667000000000001,2.8325000000000014,6.235849999999992,1.7128284170462322,2.5351070398829076,78.76383043141756,Bearish alignment,0.8233626371479332,2.5106373628520684,Lower third,6.348807329199492,4.733219122834849,24.625273216158224,11.975723834478348,30.38125680526635,-122.74008011444363,-0.5699999999999998,2.0983417039455317,0.2787717253357957,26.053432274373428,0.7064916241603255,-68.98550724637681,-74.59216868900339,-81.3913043478261,-0.4,Sell,Neutral,Strong Sell,Unavailable,Neutral / mixed technical bias,0.0,2.3474925329647225,119.39182551072172,Complete,https://www.nasdaq.com/market-activity/earnings?date=2026-09-07,https://www.tradingview.com/symbols/NASDAQ-FRGT/,2026-09-06T07:14:29+00:00
