category,category_reason,business_name,legal_name,abn,head_office,website,registration_status,registered_until,registration_groups,has_nt_presence,has_darwin_presence,nt_outlets,darwin_outlets,outlet_phone,source_url
disability_company,Pty Ltd / Pty Limited with core disability registration groups,A ONE SUPPORT SERVICES PTY LTD,A One Support Services Pty Ltd,46674956006,"LARRAKEYAH, NT, 0820, AU",,Approved,11 March 2029,"Assist-Life Stage, Transition; Assist-Personal Activities; Daily Tasks/Shared Living; Development-Life Skills; Group/Centre Activities; Household Tasks; Participate Community; Plan Management; Supported Independent Living",yes,yes,A One Support Services Pty Ltd,A One Support Services Pty Ltd,+61473034970,https://www.ndiscommission.gov.au/provider-registration/find-registered-provider
disability_company,Pty Ltd / Pty Limited with core disability registration groups,A PLUS DISABILITY AND AGED CARE SERVICES PTY LTD,A Plus Disability and Aged Care Services Pty Ltd,49678165298,"MILLNER, NT, 0810, AU",,Approved,01 September 2028,"Assist Access/Maintain Employ; Assist-Life Stage, Transition; Assist-Personal Activities; Assist-Travel/Transport; Daily Tasks/Shared Living; Development-Life Skills; Group/Centre Activities; Household Tasks; Innov Community Participation; Participate Community; Spec Support Employ; Supported Independent Living; Vehicle modifications",yes,yes,A Plus Disability and Aged Care Services Pty Ltd,A Plus Disability and Aged Care Services Pty Ltd,,https://www.ndiscommission.gov.au/provider-registration/find-registered-provider
disability_company,Pty Ltd / Pty Limited with core disability registration groups,A1 LIFESTYLE SERVICES PTY LTD,A1 LIFESTYLE SERVICES PTY LTD,39635645411,"ANULA, NT, 0812, AU",https://www.a1lifestyleservices.com.au,Approved,06 December 2026,"Assist-Life Stage, Transition; Assist-Personal Activities; Development-Life Skills; Participate Community",yes,yes,,,,https://www.ndiscommission.gov.au/provider-registration/find-registered-provider
disability_company,Pty Ltd / Pty Limited with core disability registration groups,ABILITY CARE SOLUTIONS PTY LTD,ABILITY CARE SOLUTIONS PTY LTD,42640807101,"PARAP, NT, 0820, AU",,Approved,02 July 2027,Specialised Disability Accommodation,yes,yes,Ability Care Solutions | Shoobridge | harris,Ability Care Solutions | Shoobridge | harris,+610477318920,https://www.ndiscommission.gov.au/provider-registration/find-registered-provider
disability_company,Pty Ltd / Pty Limited with core disability registration groups,ABILITY TO ACHIEVE (ATA) PTY LTD,ABILITY TO ACHIEVE (ATA) PTY LTD,37627814322,"PARAP, NT, 0820, AU",,Approved,14 March 2028,"Assist Personal Activities High; Assist-Life Stage, Transition; Assist-Personal Activities; Assist-Travel/Transport; Community Nursing Care; Daily Tasks/Shared Living; Development-Life Skills; Group/Centre Activities; Household Tasks; Innov Community Participation; Participate Community; Supported Independent Living",yes,yes,Ability To Achieve (ATA),Ability To Achieve (ATA),+610499265584,https://www.ndiscommission.gov.au/provider-registration/find-registered-provider
disability_company,Pty Ltd / Pty Limited with core disability registration groups,Above and Beyond Life Solutions,Ng Sidhu Pty Ltd,40666316945,"MOIL, NT, 0810, AU",https://www.aboveandbeyondlifesolutions.com.au/,Approved,30 July 2027,Assist Personal Activities High; Assist-Personal Activities; Assist-Travel/Transport; Community Nursing Care; Daily Tasks/Shared Living; Development-Life Skills; Group/Centre Activities; Household Tasks; Innov Community Participation; Participate Community; Supported Independent Living,yes,yes,Above And Beyond Life Solutions,Above And Beyond Life Solutions,,https://www.ndiscommission.gov.au/provider-registration/find-registered-provider
disability_company,Pty Ltd / Pty Limited with core disability registration groups,ACEE HEALTH SERVICES,Acee Services Pty Ltd.,23684187915,"PALMERSTON CITY, NT, 0830, AU",,Approved,28 April 2028,"Assist Personal Activities High; Assist-Life Stage, Transition; Assist-Personal Activities; Assist-Travel/Transport; Community Nursing Care; Daily Tasks/Shared Living; Development-Life Skills; Group/Centre Activities; Household Tasks; Innov Community Participation; Participate Community; Supported Independent Living",yes,yes,ACEE Health Services | ACEE Health Services - Mobile,ACEE Health Services | ACEE Health Services - Mobile,+610400669092,https://www.ndiscommission.gov.au/provider-registration/find-registered-provider
disability_company,Pty Ltd / Pty Limited with core disability registration groups,AJS AUSTRALIA DISABILITY SERVICES PTY LTD,Ajs Australia Disability Services Pty Ltd,39670059060,"KARAMA, NT, 0812, AU",,Approved,08 November 2027,"Assist Personal Activities High; Assist-Life Stage, Transition; Assist-Personal Activities; Assist-Travel/Transport; Community Nursing Care; Daily Tasks/Shared Living; Development-Life Skills; Group/Centre Activities; Household Tasks; Innov Community Participation; Participate Community; Supported Independent Living",yes,yes,AJS AUSTRALIA DISABILITY SERVICES PTY LTD,AJS AUSTRALIA DISABILITY SERVICES PTY LTD,+610416831983,https://www.ndiscommission.gov.au/provider-registration/find-registered-provider
disability_company,Pty Ltd / Pty Limited with core disability registration groups,ALL PEOPLE HOLISTIC SUPPORT PTY LTD,All People Holistic Support Pty Ltd,91688660657,"DRIVER, NT, 0830, AU",,Approved,12 March 2029,Accommodation/Tenancy; Assist-Personal Activities; Assist-Travel/Transport; Daily Tasks/Shared Living; Development-Life Skills; Group/Centre Activities; Household Tasks; Innov Community Participation; Participate Community; Supported Independent Living,yes,yes,All People Holistic Support ? NT Mobile Service,All People Holistic Support ? NT Mobile Service,+610424949085,https://www.ndiscommission.gov.au/provider-registration/find-registered-provider
disability_company,Pty Ltd / Pty Limited with core disability registration groups,AMAZING GRACE COMMUNITY SERVICES PTY. LTD.,AMAZING GRACE COMMUNITY SERVICES PTY. LTD.,80632289813,"WINNELLIE, NT, 0820, AU",https://www.amazingcommunityservices.com.au,Approved,30 August 2027,"Accommodation/Tenancy; Assist Access/Maintain Employ; Assist Personal Activities High; Assist-Life Stage, Transition; Assist-Personal Activities; Assist-Travel/Transport; Assistive Prod-Household Task; Daily Tasks/Shared Living; Development-Life Skills; Group/Centre Activities; Household Tasks; Innov Community Participation; Participate Community; Supported Independent Living",yes,yes,"130 Stanley Road, Howard Springs, 130 Stanley Road, HOWARD SPRINGS, NT, 0835, AU | 31 Landsborough Street, Bakwell, 31 Landsborough Street, BAKEWELL, NT, 0832, AU | 49 Gairdner Boulevard, 49 Gairdner Boulevard, ANDREWS FARM, SA, 5114, AU | AMAZING GRACE COMMUNITY SERVICES HEAD OFFICE, Unit 2B, 390 Stuart Highway, WINNELLIE, NT, 0820, AU | 40 Hodge Street, Johnston, NT 0832, AU","130 Stanley Road, Howard Springs, 130 Stanley Road, HOWARD SPRINGS, NT, 0835, AU | 31 Landsborough Street, Bakwell, 31 Landsborough Street, BAKEWELL, NT, 0832, AU | 49 Gairdner Boulevard, 49 Gairdner Boulevard, ANDREWS FARM, SA, 5114, AU | AMAZING GRACE COMMUNITY SERVICES HEAD OFFICE, Unit 2B, 390 Stuart Highway, WINNELLIE, NT, 0820, AU | 40 Hodge Street, Johnston, NT 0832, AU",+610889329246,https://www.ndiscommission.gov.au/provider-registration/find-registered-provider
disability_company,Pty Ltd / Pty Limited with core disability registration groups,ANI'S CARE PTY LTD,Ani's Care Pty Ltd,62657496592,"MILLNER, NT, 0810, AU",https://www.anis-care.com.au,Approved,20 December 2025,"Accommodation/Tenancy; Assist-Life Stage, Transition; Assist-Personal Activities; Assist-Travel/Transport; Daily Tasks/Shared Living; Development-Life Skills; Household Tasks; Innov Community Participation; Participate Community; Supported Independent Living",yes,yes,ANI'S CARE PTY LTD,ANI'S CARE PTY LTD,+610450438175,https://www.ndiscommission.gov.au/provider-registration/find-registered-provider
disability_company,Pty Ltd / Pty Limited with core disability registration groups,APEX AID HEALTH CARE PTY LTD,Apex Aid Health Care Pty Ltd,84677907881,"LEANYER, NT, 0812, AU",,Approved,14 April 2028,"Assist Personal Activities High; Assist-Life Stage, Transition; Assist-Personal Activities; Assist-Travel/Transport; Assistive Prod-Household Task; Community Nursing Care; Daily Tasks/Shared Living; Development-Life Skills; Group/Centre Activities; Household Tasks; Innov Community Participation; Participate Community; Personal Mobility Equipment; Specialised Disability Accommodation; Supported Independent Living",yes,yes,APEX AID HEALTH CARE,APEX AID HEALTH CARE,+610420662691,https://www.ndiscommission.gov.au/provider-registration/find-registered-provider
disability_company,Pty Ltd / Pty Limited with core disability registration groups,ARK SUPPORT COORDINATORS PTY LTD,ARK SUPPORT COORDINATORS PTY LTD,68656292063,"NEW TOWN, TAS, 7008, AU",https://arkplanit.com,Approved,30 July 2029,"Assist-Life Stage, Transition; Support Coordination",yes,yes,"Northern Territory, AU","Darwin, AU",+610476271819,https://www.ndiscommission.gov.au/provider-registration/find-registered-provider
disability_company,Pty Ltd / Pty Limited with core disability registration groups,ASSAD CARE SERVICES,Assad Care NT Pty Ltd,23655962655,"PALMERSTON CITY, NT, 0830, AU",https://www.assadcarent.com,Approved,21 August 2026,Accommodation/Tenancy; Assist-Personal Activities; Assist-Travel/Transport; Daily Tasks/Shared Living; Development-Life Skills; Group/Centre Activities; Household Tasks; Interpret/Translate; Participate Community; Support Coordination; Supported Independent Living; Therapeutic Supports,yes,yes,,,,https://www.ndiscommission.gov.au/provider-registration/find-registered-provider
disability_company,Pty Ltd / Pty Limited with core disability registration groups,AUSTRALIA ONE SUPPORT SERVICES,Australia One Care Pty Ltd,51662131697,"COCONUT GROVE, NT, 0810, AU",,Approved,16 April 2027,Assist-Personal Activities; Assist-Travel/Transport; Daily Tasks/Shared Living; Development-Life Skills; Group/Centre Activities; Household Tasks; Innov Community Participation; Participate Community; Supported Independent Living,yes,yes,AUSTRALIA ONE CARE PTY LTD,AUSTRALIA ONE CARE PTY LTD,+610456413333,https://www.ndiscommission.gov.au/provider-registration/find-registered-provider
disability_company,Pty Ltd / Pty Limited with core disability registration groups,AWANA CARE,Awana Care Pty Ltd,16655517043,"WOODROFFE, NT, 0830, AU",https://www.awanacare.com.au,Approved,07 May 2027,"Accommodation/Tenancy; Assist-Life Stage, Transition; Assist-Personal Activities; Assist-Travel/Transport; Daily Tasks/Shared Living; Development-Life Skills; Group/Centre Activities; Household Tasks; Innov Community Participation; Participate Community; Specialised Disability Accommodation; Supported Independent Living",yes,yes,Awana Home,Awana Home,+610422420650,https://www.ndiscommission.gov.au/provider-registration/find-registered-provider
disability_company,Pty Ltd / Pty Limited with core disability registration groups,Bal Cor,Balanced Coordination Support Services Pty Ltd,96657770066,"WINNELLIE, NT, 0820, AU",https://www.balcor.com.au,Approved,13 January 2029,"Accommodation/Tenancy; Assist Access/Maintain Employ; Assist-Life Stage, Transition; Assist-Personal Activities; Assist-Travel/Transport; Behaviour Support; Daily Tasks/Shared Living; Development-Life Skills; Group/Centre Activities; Household Tasks; Innov Community Participation; Participate Community; Supported Independent Living",yes,yes,"BALANCED COORDINATION SUPPORT SERVICES PTY LTD, AU","BALANCED COORDINATION SUPPORT SERVICES PTY LTD, AU",+610477065677,https://www.ndiscommission.gov.au/provider-registration/find-registered-provider
disability_company,Pty Ltd / Pty Limited with core disability registration groups,BARAKA 4U PTY LTD,Baraka 4u Pty Ltd,36686848019,"ANULA, NT, 0812, AU",,Approved,18 August 2028,"Assist-Life Stage, Transition; Assist-Personal Activities; Assist-Travel/Transport; Daily Tasks/Shared Living; Development-Life Skills; Group/Centre Activities; Household Tasks; Participate Community; Supported Independent Living",yes,yes,"Baraka 4U Pty Ltd, AU","Baraka 4U Pty Ltd, AU",+610469099395,https://www.ndiscommission.gov.au/provider-registration/find-registered-provider
disability_company,Pty Ltd / Pty Limited with core disability registration groups,BDMS COMMUNITY SERVICES PTY LTD,BDMS COMMUNITY SERVICES PTY LTD,34648955837,"WINNELLIE, NT, 0820, AU",https://www.bdmscommunityservices.com.au,Approved,29 April 2029,Assist Personal Activities High; Assist-Personal Activities; Assist-Travel/Transport; Assistive Prod-Household Task; Community Nursing Care; Daily Tasks/Shared Living; Group/Centre Activities; Household Tasks; Innov Community Participation; Participate Community; Specialised Disability Accommodation; Supported Independent Living,yes,yes,"BDMS Community Services, Head office","BDMS Community Services, Head office",+611300108512,https://www.ndiscommission.gov.au/provider-registration/find-registered-provider
disability_company,Pty Ltd / Pty Limited with core disability registration groups,BEING MENTORS PTY LTD,BEING MENTORS PTY LTD,99643633943,"BURLEIGH HEADS, QLD, 4220, AU",https://www.beingmentors.com.au,Approved,20 October 2028,"Assist Access/Maintain Employ; Assist-Life Stage, Transition; Assist-Personal Activities; Behaviour Support; Daily Tasks/Shared Living; Development-Life Skills; Early Childhood Supports; Group/Centre Activities; Innov Community Participation; Participate Community; Supported Independent Living; Therapeutic Supports",yes,yes,"Being Mentors - NT, Unit 6, 69 Progress Drive, NIGHTCLIFF, NT, 0810, AU","Being Mentors - NT, Unit 6, 69 Progress Drive, NIGHTCLIFF, NT, 0810, AU",+610433844332,https://www.ndiscommission.gov.au/provider-registration/find-registered-provider
disability_company,Pty Ltd / Pty Limited with core disability registration groups,Better Connections NT PTY LTD,BETTER CONNECTIONS NT PTY LTD,96629424915,"COOLALINGA, NT, 0839, AU",,Approved,24 April 2028,"Assist Access/Maintain Employ; Assist-Life Stage, Transition; Assist-Personal Activities; Assist-Travel/Transport; Daily Tasks/Shared Living; Development-Life Skills; Group/Centre Activities; Participate Community; Supported Independent Living",yes,yes,"Better Connections NT, 36, 465 Stuart Highway, COOLALINGA, NT, 0839, AU","Better Connections NT, 36, 465 Stuart Highway, COOLALINGA, NT, 0839, AU",+610418988770,https://www.ndiscommission.gov.au/provider-registration/find-registered-provider
disability_company,Pty Ltd / Pty Limited with core disability registration groups,BETTER N BEYOND,SAS INITIATIVE PTY LTD,78641701108,"WINNELLIE, NT, 0820, AU",https://www.betternbeyond.com.au,Approved,22 July 2028,"Accommodation/Tenancy; Assist Access/Maintain Employ; Assist Personal Activities High; Assist-Life Stage, Transition; Assist-Personal Activities; Assist-Travel/Transport; Behaviour Support; Community Nursing Care; Daily Tasks/Shared Living; Development-Life Skills; Group/Centre Activities; Household Tasks; Innov Community Participation; Participate Community; Support Coordination; Supported Independent Living; Therapeutic Supports",yes,yes,"Better n Beyond, T 13,, 60 Winnellie Road, WINNELLIE, NT, 0820, AU","Better n Beyond, T 13,, 60 Winnellie Road, WINNELLIE, NT, 0820, AU",+610493719206,https://www.ndiscommission.gov.au/provider-registration/find-registered-provider
disability_company,Pty Ltd / Pty Limited with core disability registration groups,Better Rehabilitation,BETTER REHABILITATION PTY. LTD.,80602022435,"MAROUBRA, NSW, 2035, AU",https://www.betterrehab.com.au,Approved,13 July 2029,Behaviour Support; Early Childhood Supports; Ex Phys Pers Training; Therapeutic Supports,yes,yes,"Better Rehab - Darwin NT, AU","Better Rehab - Darwin NT, AU",+611300073422,https://www.ndiscommission.gov.au/provider-registration/find-registered-provider
disability_company,Pty Ltd / Pty Limited with core disability registration groups,BLUEGUM ABILITY SERVICES PTY LTD,BLUEGUM ABILITY SERVICES PTY LTD,47665282100,"STUART PARK, NT, 0820, AU",https://www.bluegumability.com,Approved,27 March 2027,"Assist-Life Stage, Transition; Assist-Personal Activities; Assist-Travel/Transport; Daily Tasks/Shared Living; Development-Life Skills; Group/Centre Activities; Household Tasks; Participate Community; Supported Independent Living",yes,yes,SIL,SIL,+610439675904,https://www.ndiscommission.gov.au/provider-registration/find-registered-provider
disability_company,Pty Ltd / Pty Limited with core disability registration groups,BORS COMMUNITY SERVICES,Bors Community Services Pty Ltd,81669522230,"PALMERSTON CITY, NT, 0830, AU",,Approved,25 October 2027,"Assist Access/Maintain Employ; Assist Personal Activities High; Assist-Life Stage, Transition; Assist-Personal Activities; Assist-Travel/Transport; Community Nursing Care; Daily Tasks/Shared Living; Development-Life Skills; Group/Centre Activities; Household Tasks; Innov Community Participation; Participate Community; Spec Support Employ; Supported Independent Living",yes,yes,BORS COMMUNITY SERVICES,BORS COMMUNITY SERVICES,,https://www.ndiscommission.gov.au/provider-registration/find-registered-provider
disability_company,Pty Ltd / Pty Limited with core disability registration groups,BRAVO CARE SERVICES PTY LTD,BRAVO CARE SERVICES PTY LTD,42654044185,"ROSEBERY, NT, 0832, AU",https://www.bravocare.net,Approved,10 November 2026,"Accommodation/Tenancy; Assist Access/Maintain Employ; Assist-Life Stage, Transition; Assist-Personal Activities; Assist-Travel/Transport; Daily Tasks/Shared Living; Development-Life Skills; Group/Centre Activities; Household Tasks; Innov Community Participation; Participate Community; Supported Independent Living",yes,yes,32 McAulay St Rosebery NT 0832 Australia,32 McAulay St Rosebery NT 0832 Australia,+610481248980,https://www.ndiscommission.gov.au/provider-registration/find-registered-provider
disability_company,Pty Ltd / Pty Limited with core disability registration groups,BRIDGE OF HOPE CARE PTY LTD,Bridge of Hope Care Pty Ltd,35688070224,"ANULA, NT, 0812, AU",,Approved,12 May 2029,"Assist Personal Activities High; Assist-Life Stage, Transition; Assist-Personal Activities; Assist-Travel/Transport; Community Nursing Care; Daily Tasks/Shared Living; Development-Life Skills; Group/Centre Activities; Household Tasks; Innov Community Participation; Participate Community; Supported Independent Living",yes,yes,BRIDGE OF HOPE CARE PTY LTD,BRIDGE OF HOPE CARE PTY LTD,,https://www.ndiscommission.gov.au/provider-registration/find-registered-provider
disability_company,Pty Ltd / Pty Limited with core disability registration groups,BRIGHTER FUTURES CONSULTING PTY LTD,BRIGHTER FUTURES CONSULTING PTY LTD,75641339915,"WINNELLIE, NT, 0820, AU",,Approved,25 August 2028,"Assist-Life Stage, Transition; Behaviour Support; Group/Centre Activities; Participate Community; Support Coordination; Therapeutic Supports",yes,yes,"T27, Level 1, 60 Winnellie Road, 60 Winnellie Road, WINNELLIE, NT, 0820, AU","T27, Level 1, 60 Winnellie Road, 60 Winnellie Road, WINNELLIE, NT, 0820, AU",+610457944506,https://www.ndiscommission.gov.au/provider-registration/find-registered-provider
disability_company,Pty Ltd / Pty Limited with core disability registration groups,BRIGHTWAY ABILITIES PTY LTD,Brightway Abilities Pty Ltd,60681859763,"ROSEBERY, NT, 0832, AU",,Approved,10 July 2028,"Accommodation/Tenancy; Assist Access/Maintain Employ; Assist-Life Stage, Transition; Assist-Personal Activities; Assist-Travel/Transport; Community Nursing Care; Daily Tasks/Shared Living; Development-Life Skills; Group/Centre Activities; Household Tasks; Innov Community Participation; Participate Community; Spec Support Employ; Specialised Disability Accommodation; Supported Independent Living",yes,yes,Brightway Abilities,Brightway Abilities,+610422121973,https://www.ndiscommission.gov.au/provider-registration/find-registered-provider
disability_company,Pty Ltd / Pty Limited with core disability registration groups,BROAD CARE INCLUSIVE DISABILITY SERVICES,BROAD CARE ENTERPRISES PTY LTD,65646669703,"WINNELLIE, NT, 0820, AU",https://26/119 reichardt road winellie 0820,Approved,13 October 2028,"Accommodation/Tenancy; Assist Access/Maintain Employ; Assist Personal Activities High; Assist-Life Stage, Transition; Assist-Personal Activities; Assist-Travel/Transport; Daily Tasks/Shared Living; Development-Life Skills; Household Tasks; Innov Community Participation; Participate Community; Specialised Disability Accommodation; Support Coordination; Supported Independent Living",yes,yes,"Broad Care Inclusive Disability Services, 26, 119, REICHARDT ROAD WINNELLIE, NT, 0820, AU","Broad Care Inclusive Disability Services, 26, 119, REICHARDT ROAD WINNELLIE, NT, 0820, AU",+610402301932,https://www.ndiscommission.gov.au/provider-registration/find-registered-provider
disability_company,Pty Ltd / Pty Limited with core disability registration groups,BUILD UP NT PTY LTD,Build up NT Pty Ltd,27665035834,"WINNELLIE, NT, 0820, AU",,Approved,01 July 2027,Behaviour Support; Therapeutic Supports,yes,yes,"Build Up NT Main Office, 143 Coonawarra Road, WINNELLIE, NT, 0820, AU","Build Up NT Main Office, 143 Coonawarra Road, WINNELLIE, NT, 0820, AU",,https://www.ndiscommission.gov.au/provider-registration/find-registered-provider
disability_company,Pty Ltd / Pty Limited with core disability registration groups,CAMERON WELLNESS CENTRE PTY LTD,CAMERON WELLNESS CENTRE PTY LTD,23650769734,"PALMERSTON CITY, NT, 0830, AU",https://www.cameronwellnesscentre.com.au,Approved,06 March 2028,"Assist-Life Stage, Transition; Assist-Personal Activities; Assist-Travel/Transport; Daily Tasks/Shared Living; Development-Life Skills; Early Childhood Supports; Ex Phys Pers Training; Group/Centre Activities; Home Modification; Household Tasks; Innov Community Participation; Participate Community; Therapeutic Supports",yes,yes,"Geelong, Level 1 Suite 5A, 168 Little Malop Street, GEELONG, VIC, 3220, AU | Melbourne, 855 Plenty Road, SOUTH MORANG, VIC, 3752, AU | Darwin, 15 Palmerston Circuit, PALMERSTON CITY, NT, 0830, AU","Geelong, Level 1 Suite 5A, 168 Little Malop Street, GEELONG, VIC, 3220, AU | Melbourne, 855 Plenty Road, SOUTH MORANG, VIC, 3752, AU | Darwin, 15 Palmerston Circuit, PALMERSTON CITY, NT, 0830, AU",+611800000292,https://www.ndiscommission.gov.au/provider-registration/find-registered-provider
disability_company,Pty Ltd / Pty Limited with core disability registration groups,CARE 24,IC DISABILITY HOME CARE PTY LTD,66640461392,"WILLIAMS LANDING, VIC, 3027, AU",https://www.care24seven.com.au,Approved,02 December 2027,"Assist Personal Activities High; Assist-Life Stage, Transition; Assist-Personal Activities; Assist-Travel/Transport; Community Nursing Care; Daily Tasks/Shared Living; Development-Life Skills; Group/Centre Activities; Household Tasks; Innov Community Participation; Participate Community; Specialised Disability Accommodation; Supported Independent Living",yes,yes,"Palmerston Office, 1 Palmerston Circuit, PALMERSTON CITY, NT, 0830, AU","Palmerston Office, 1 Palmerston Circuit, PALMERSTON CITY, NT, 0830, AU",+610430083507,https://www.ndiscommission.gov.au/provider-registration/find-registered-provider
disability_company,Pty Ltd / Pty Limited with core disability registration groups,CARE DOVE,Care Dove Pty Ltd,71670582528,"WINNELLIE, NT, 0820, AU",,Approved,17 October 2027,"Assist-Life Stage, Transition; Assist-Personal Activities; Assist-Travel/Transport; Daily Tasks/Shared Living; Development-Life Skills; Group/Centre Activities; Household Tasks; Innov Community Participation; Participate Community; Plan Management; Supported Independent Living",yes,yes,,,,https://www.ndiscommission.gov.au/provider-registration/find-registered-provider
disability_company,Pty Ltd / Pty Limited with core disability registration groups,CARE NT PTY LTD,CARE NT PTY LTD,33638567950,"DARWIN CITY, NT, 0800, AU",,Approved,24 September 2027,"Assist Personal Activities High; Assist-Life Stage, Transition; Assist-Personal Activities; Assist-Travel/Transport; Community Nursing Care; Daily Tasks/Shared Living; Group/Centre Activities; Household Tasks; Innov Community Participation; Participate Community; Supported Independent Living",yes,yes,Care NT PTY LTD | CARE NT PTY LTD,Care NT PTY LTD | CARE NT PTY LTD,+610484060517,https://www.ndiscommission.gov.au/provider-registration/find-registered-provider
disability_company,Pty Ltd / Pty Limited with core disability registration groups,CARE TEAM DISABILITY SERVICES PTY LTD,Care Team Disability Services Pty Ltd,90659727447,"YARRAWONGA, NT, 0830, AU",https://careteamservices.com.au,Approved,25 March 2029,"Assist Access/Maintain Employ; Assist Personal Activities High; Assist-Life Stage, Transition; Assist-Personal Activities; Assist-Travel/Transport; Community Nursing Care; Daily Tasks/Shared Living; Development-Life Skills; Group/Centre Activities; Household Tasks; Innov Community Participation; Participate Community; Support Coordination; Supported Independent Living",yes,yes,"Care Team Disability Services, Unit 5, 41 Georgina Crescent, YARRAWONGA, NT, 0830, AU","Care Team Disability Services, Unit 5, 41 Georgina Crescent, YARRAWONGA, NT, 0830, AU",,https://www.ndiscommission.gov.au/provider-registration/find-registered-provider
disability_company,Pty Ltd / Pty Limited with core disability registration groups,Carer Mates,TOPEND COMMUNITY CARE PTY LTD,72653370837,"JINGILI, NT, 0810, AU",https://www.carermates.com.au/,Approved,16 September 2028,"Assist Personal Activities High; Assist-Life Stage, Transition; Assist-Personal Activities; Assist-Travel/Transport; Community Nursing Care; Daily Tasks/Shared Living; Development-Life Skills; Group/Centre Activities; Household Tasks; Innov Community Participation; Participate Community; Supported Independent Living",yes,yes,"Carer Mates, 5 Hong Street, GILLEN, NT, 0870, AU","Carer Mates, 5 Hong Street, GILLEN, NT, 0870, AU",+610426299563,https://www.ndiscommission.gov.au/provider-registration/find-registered-provider
disability_company,Pty Ltd / Pty Limited with core disability registration groups,CERTITUDE COMMUNITY SUPPORT SERVICES PTY LTD.,CERTITUDE COMMUNITY SUPPORT SERVICES PTY LTD.,40647030386,"BAKEWELL, NT, 0832, AU",,Approved,30 November 2026,Assist-Personal Activities; Assist-Travel/Transport; Daily Tasks/Shared Living; Development-Life Skills; Household Tasks; Participate Community; Supported Independent Living,yes,yes,Certitude Community Support Services,Certitude Community Support Services,+610469930594,https://www.ndiscommission.gov.au/provider-registration/find-registered-provider
disability_company,Pty Ltd / Pty Limited with core disability registration groups,Changing Lives Community Services,Changing Lives Community Services Pty Ltd,96659395310,"ROSEBERY, NT, 0832, AU",https://www.changinglivesnt.com.au,Approved,23 April 2029,"Accommodation/Tenancy; Assist Access/Maintain Employ; Assist Personal Activities High; Assist-Life Stage, Transition; Assist-Personal Activities; Assist-Travel/Transport; Community Nursing Care; Daily Tasks/Shared Living; Development-Life Skills; Group/Centre Activities; Household Tasks; Innov Community Participation; Participate Community; Support Coordination; Supported Independent Living",yes,yes,Changing Lives Community Services,Changing Lives Community Services,+610426456607,https://www.ndiscommission.gov.au/provider-registration/find-registered-provider
disability_company,Pty Ltd / Pty Limited with core disability registration groups,Community Assist,CR CONSULTING PTY LTD,13602002273,"NORWOOD, SA, 5067, AU",https://www.communityassist.com.au,Approved,10 July 2026,"Assist-Life Stage, Transition; Behaviour Support; Ex Phys Pers Training; Support Coordination; Therapeutic Supports",yes,yes,"Community Assist - Darwin, Common Property, 12 Salonika Street, PARAP, NT, 0820, AU","Community Assist - Darwin, Common Property, 12 Salonika Street, PARAP, NT, 0820, AU",+611300500834,https://www.ndiscommission.gov.au/provider-registration/find-registered-provider
disability_company,Pty Ltd / Pty Limited with core disability registration groups,COMPASSION AND WISDOM CARE,COMPASSION AND WISDOM CARE PTY LTD,71651398051,"BAKEWELL, NT, 0832, AU",,Approved,06 March 2027,Assist Personal Activities High; Assist-Personal Activities; Assist-Travel/Transport; Community Nursing Care; Daily Tasks/Shared Living; Development-Life Skills; Group/Centre Activities; Household Tasks; Innov Community Participation; Participate Community; Supported Independent Living,yes,yes,Compassion and wisdom care,Compassion and wisdom care,+610481979397,https://www.ndiscommission.gov.au/provider-registration/find-registered-provider
disability_company,Pty Ltd / Pty Limited with core disability registration groups,COMPASSION COMMUNITY CARE (NT) PTY LTD,Compassion Community Care (NT) Pty Ltd,17657044329,"YARRAWONGA, NT, 0830, AU",https://www.cpms.org.au,Approved,30 March 2026,Assist Access/Maintain Employ; Assist Prod-Pers Care/Safety; Assist-Personal Activities; Assist-Travel/Transport; Assistive Equip-Recreation; Daily Tasks/Shared Living; Development-Life Skills; Group/Centre Activities; Household Tasks; Innov Community Participation; Participate Community; Personal Mobility Equipment; Supported Independent Living,yes,yes,"Darwin SIL Home, 1 Roberts Place, MILLNER, NT, 0810, AU | CPMS Milingimbi Centre, 1 Roberts Place, MILLNER, NT, 0810, AU | SIL House Gove, 8 Jasmine Close, NHULUNBUY, NT, 0880, AU | Nhulunbuy SIL Home, 8 Jasmine Close, NHULUNBUY, NT, 0880, AU","Darwin SIL Home, 1 Roberts Place, MILLNER, NT, 0810, AU | CPMS Milingimbi Centre, 1 Roberts Place, MILLNER, NT, 0810, AU | SIL House Gove, 8 Jasmine Close, NHULUNBUY, NT, 0880, AU | Nhulunbuy SIL Home, 8 Jasmine Close, NHULUNBUY, NT, 0880, AU",+610473818298,https://www.ndiscommission.gov.au/provider-registration/find-registered-provider
disability_company,Pty Ltd / Pty Limited with core disability registration groups,Dr Alfred?s Home Care & Individual Nursing,Dr Alfred's Home Care & Individual Nursing Pty Ltd,71663566756,"NORTH TAMWORTH, NSW, 2340, AU",https://www.alfredsupport.com.au,Approved,18 December 2026,"Accommodation/Tenancy; Assist Access/Maintain Employ; Assist Personal Activities High; Assist-Life Stage, Transition; Assist-Personal Activities; Assist-Travel/Transport; Community Nursing Care; Daily Tasks/Shared Living; Development-Life Skills; Group/Centre Activities; Household Tasks; Innov Community Participation; Participate Community; Specialised Disability Accommodation; Supported Independent Living",yes,yes,Alfred's Support Services (Palmerston nt),Alfred's Support Services (Rosebery) | Alfred's Support Services (Karama) | Alfred's Support Services (Rosebery TAS) | Alfred's Support Services (Yarrawonga) | Alfred's Support Services (Howard Springs) | Alfred's Support Services (Darwin City) | Alfred's Support Services (Palmerston) | Alfred's Support Services (Palmerston nt),+610487124664,https://www.ndiscommission.gov.au/provider-registration/find-registered-provider
disability_company,Pty Ltd / Pty Limited with core disability registration groups,Early Start Australia,EARLY START AUSTRALIA PTY LTD,56616435575,"WEST PERTH, WA, 6005, AU",https://www.earlystartaustralia.com.au,Approved,27 September 2026,"Assist-Life Stage, Transition; Comms & Info Equipment; Early Childhood Supports; Ex Phys Pers Training; Participate Community; Therapeutic Supports",yes,yes,"NT | Durack, 5/6 Woodlake Boulevarde, DURACK, NT, 0830, AU | NT | Fannie Bay, 7 Keith Lane, FANNIE BAY, NT, 0820, AU","NT | Fannie Bay, 7 Keith Lane, FANNIE BAY, NT, 0820, AU",+610395968781,https://www.ndiscommission.gov.au/provider-registration/find-registered-provider
disability_company,Pty Ltd / Pty Limited with core disability registration groups,Endless Possibilities NT (EPNT),Endless Possibilities NT Pty Ltd,15642703259,"WINNELLIE, NT, 0820, AU",https://www.epnt.com.au/,Approved,02 December 2027,"Assist Access/Maintain Employ; Assist Prod-Pers Care/Safety; Assist-Life Stage, Transition; Assist-Personal Activities; Assist-Travel/Transport; Daily Tasks/Shared Living; Development-Life Skills; Group/Centre Activities; Household Tasks; Participate Community; Specialised Disability Accommodation; Supported Independent Living",yes,yes,"Endless Possibilities NT, Unit 17, 41 Sadgroves Crescent, WINNELLIE, NT, 0820, AU","Endless Possibilities NT, Unit 17, 41 Sadgroves Crescent, WINNELLIE, NT, 0820, AU",+610431044443,https://www.ndiscommission.gov.au/provider-registration/find-registered-provider
disability_company,Pty Ltd / Pty Limited with core disability registration groups,Eunoia Lane,FEO SKILLS DEVELOPMENT PTY LTD,76630450636,"WINNELLIE, NT, 0820, AU",https://www.eunoialane.com.au,Approved,25 August 2028,"Accommodation/Tenancy; Assist Access/Maintain Employ; Assist Prod-Pers Care/Safety; Assist-Life Stage, Transition; Assist-Personal Activities; Assist-Travel/Transport; Assistive Equip-Recreation; Assistive Prod-Household Task; Comms & Info Equipment; Custom Prosthetics; Daily Tasks/Shared Living; Development-Life Skills; Early Childhood Supports; Group/Centre Activities; Home Modification; Household Tasks; Innov Community Participation; Participate Community; Spec Support Employ; Specialised Driver Training; Support Coordination; Supported Independent Living; Therapeutic Supports; Vision Equipment",yes,yes,"Eunoia Lane - Broome, 3/26 Robinson St, BROOME, WA, 6725, AU | Eunoia Lane - Alice Springs, 7/1 Stott St, ALICE SPRINGS, NT, 0870, AU | Eunoia Lane - Cairns, 14 Spence Street, CAIRNS CITY, QLD, 4870, AU","Eunoia Lane - Broome, 3/26 Robinson St, BROOME, WA, 6725, AU | Eunoia Lane - Alice Springs, 7/1 Stott St, ALICE SPRINGS, NT, 0870, AU | Eunoia Lane - Cairns, 14 Spence Street, CAIRNS CITY, QLD, 4870, AU",,https://www.ndiscommission.gov.au/provider-registration/find-registered-provider
disability_company,Pty Ltd / Pty Limited with core disability registration groups,Fly2 Health Group,Fly2 Health Group Pty Ltd,76656481202,"MOORABBIN, VIC, 3189, AU",https://fly2health.com.au,Approved,07 November 2026,Behaviour Support; Early Childhood Supports; Therapeutic Supports,yes,yes,"Fly2Health NT Dundee Beach, Dundee Beach, DUNDEE BEACH, NT, 0840, AU | Fly2Health NT Ali Curung, Ali Curung, ALI CURUNG, NT, 0872, AU | Fly2Health NT Numbulwar, Numbulwar, NUMBULWAR, NT, 0822, AU | Fly2Health NT Tennant Creek, Tennant Creek, TENNANT CREEK, NT, 0860, AU | Fly2Health Group - Northern Territory, 1 Palmerston Circuit, PALMERSTON CITY, NT, 0830, AU | Fly2Health NT Darwin, 1 Palmerston Circuit, PALMERSTON CITY, NT, 0830, AU | Fly2Health NT Alice Springs, Alice Springs, ALICE SPRINGS, NT, 0870, AU | Fly2Health NT Gunbalanya, Gunbalanya, GUNBALANYA, NT, 0822, AU","Fly2Health VIC Yarrawonga, Yarrawonga, YARRAWONGA, VIC, 3730, AU | Fly2Health Group - Northern Territory, 1 Palmerston Circuit, PALMERSTON CITY, NT, 0830, AU | Fly2Health NT Darwin, 1 Palmerston Circuit, PALMERSTON CITY, NT, 0830, AU | Fly2Health NSW Narrabri, 30 Maitland Street, NARRABRI, NSW, 2390, AU",+611300163665,https://www.ndiscommission.gov.au/provider-registration/find-registered-provider
disability_company,Pty Ltd / Pty Limited with core disability registration groups,Golden Glow Corporation (Nt) Pty Ltd Wan,GOLDEN GLOW CORPORATION (NT) PTY. LTD.,41097382600,"BERRIMAH, NT, 0828, AU",https://www.goldenglownursing.com.au,Approved,14 November 2027,"Assist Personal Activities High; Assist-Life Stage, Transition; Assist-Personal Activities; Assist-Travel/Transport; Assistive Prod-Household Task; Community Nursing Care; Daily Tasks/Shared Living; Household Tasks; Participate Community; Supported Independent Living",yes,yes,"Golden Glow Nursing Darwin, 6 Moo Street, BERRIMAH, NT, 0828, AU | Golden Glow Nursing Fitzer House, AU | Golden Glow Nursing Muirhead House, AU","Golden Glow Nursing Darwin, 6 Moo Street, BERRIMAH, NT, 0828, AU",+610889272756,https://www.ndiscommission.gov.au/provider-registration/find-registered-provider
disability_company,Pty Ltd / Pty Limited with core disability registration groups,HANDS ON PEOPLE,HANDS ON PEOPLE PTY LTD,46634228363,"BRISBANE CITY, QLD, 4000, AU",https://www.handsonpeople.com.au,Approved,04 September 2026,"Accommodation/Tenancy; Assist Access/Maintain Employ; Assist Personal Activities High; Assist-Life Stage, Transition; Assist-Personal Activities; Assist-Travel/Transport; Community Nursing Care; Daily Tasks/Shared Living; Development-Life Skills; Group/Centre Activities; Household Tasks; Innov Community Participation; Participate Community; Plan Management; Support Coordination; Supported Independent Living; Therapeutic Supports",yes,yes,"Darwin Brach-  Hands on People, 37 Changsha Crescent, MUIRHEAD, NT, 0810, AU","Darwin Brach-  Hands on People, 37 Changsha Crescent, MUIRHEAD, NT, 0810, AU",+610481590333,https://www.ndiscommission.gov.au/provider-registration/find-registered-provider
disability_company,Pty Ltd / Pty Limited with core disability registration groups,HEALING TOUCH SUPPORT SERVICES,Healing Touch Support Services Pty Ltd.,58673882810,"LEANYER, NT, 0812, AU",https://htsupport.com.au,Approved,01 April 2028,Assist Personal Activities High; Assist-Personal Activities; Assist-Travel/Transport; Community Nursing Care; Daily Tasks/Shared Living; Development-Life Skills; Group/Centre Activities; Household Tasks; Innov Community Participation; Participate Community; Supported Independent Living,yes,yes,Mobile Outlet,Mobile Outlet,+610457077866,https://www.ndiscommission.gov.au/provider-registration/find-registered-provider
disability_company,Pty Ltd / Pty Limited with core disability registration groups,Healthscope Independence Services,HEALTHSCOPE OPERATIONS PTY LTD,85006405152,"GLEN WAVERLEY, VIC, 3150, AU",https://www.healthscopeindependenceservices.com.au,Approved,16 April 2028,"Assist Personal Activities High; Assist-Life Stage, Transition; Assist-Personal Activities; Assist-Travel/Transport; Daily Tasks/Shared Living; Development-Life Skills; Household Tasks; Participate Community; Supported Independent Living",yes,yes,"Johnston House, 10 Balikpapan Court, JOHNSTON, NT, 0832, AU | Alawa House, 187 Trower Road, ALAWA, NT, 0810, AU | Rosebery House, 38 Haydon Street, ROSEBERY, NT, 0832, AU","Alawa House, 187 Trower Road, ALAWA, NT, 0810, AU | Rosebery House, 38 Haydon Street, ROSEBERY, NT, 0832, AU",+610385518888,https://www.ndiscommission.gov.au/provider-registration/find-registered-provider
disability_company,Pty Ltd / Pty Limited with core disability registration groups,HEART TO HOLD FOUNDATION PTY LTD,Heart to Hold Foundation Pty Ltd,78661838615,"PROSPECT, SA, 5082, AU",https://www.heart2hold.com.au,Approved,18 December 2026,"Assist-Life Stage, Transition; Assist-Personal Activities; Assist-Travel/Transport; Community Nursing Care; Daily Tasks/Shared Living; Development-Life Skills; Group/Centre Activities; Household Tasks; Innov Community Participation; Participate Community; Specialised Disability Accommodation; Support Coordination; Supported Independent Living; Therapeutic Supports",yes,yes,"Heart to Hold Foundation - NT, Shop 1, 1 Palmerston Circuit, PALMERSTON CITY, NT, 0830, AU","Heart to Hold Foundation - NT, Shop 1, 1 Palmerston Circuit, PALMERSTON CITY, NT, 0830, AU",+610870926014,https://www.ndiscommission.gov.au/provider-registration/find-registered-provider
disability_company,Pty Ltd / Pty Limited with core disability registration groups,HELP FOR ALL PTY LTD,HELP FOR ALL PTY LTD,99646907100,"DARWIN CITY, NT, 0800, AU",,Approved,12 August 2028,"Assist Access/Maintain Employ; Assist Prod-Pers Care/Safety; Assist-Life Stage, Transition; Assist-Personal Activities; Assist-Travel/Transport; Assistive Prod-Household Task; Daily Tasks/Shared Living; Development-Life Skills; Group/Centre Activities; Household Tasks; Innov Community Participation; Participate Community; Plan Management; Spec Support Employ; Supported Independent Living; Therapeutic Supports",yes,yes,HELP FOR ALL Therapeutic Supports | HELP FOR ALL,HELP FOR ALL Therapeutic Supports | HELP FOR ALL,+610478000553,https://www.ndiscommission.gov.au/provider-registration/find-registered-provider
disability_company,Pty Ltd / Pty Limited with core disability registration groups,Home Grown Lawn Mowing PTY LTD,HOME GROWN LAWN MOWING PTY LTD,19651004956,"GRAY, NT, 0830, AU",https://www.homegrownlawnmowing.com.au/,Approved,30 January 2026,Household Tasks,yes,yes,HOME GROWN LAWN MOWING PTY LTD,HOME GROWN LAWN MOWING PTY LTD,+610432494382,https://www.ndiscommission.gov.au/provider-registration/find-registered-provider
disability_company,Pty Ltd / Pty Limited with core disability registration groups,Homeville Nursing and Disability Services,Homeville Care Pty Ltd,70669301919,"YARRAWONGA, NT, 0830, AU",https://www.homevillecare.com.au,Approved,19 June 2028,"Assist Personal Activities High; Assist-Life Stage, Transition; Assist-Personal Activities; Assist-Travel/Transport; Community Nursing Care; Daily Tasks/Shared Living; Development-Life Skills; Group/Centre Activities; Household Tasks; Innov Community Participation; Participate Community; Supported Independent Living",yes,yes,Homeville Care Pty Ltd,Homeville Care Pty Ltd,+610452553057,https://www.ndiscommission.gov.au/provider-registration/find-registered-provider
disability_company,Pty Ltd / Pty Limited with core disability registration groups,Hope Ability,HOPE ONLINE PTY LTD,64630243659,"WOOLNER, NT, 0820, AU",https://www.hopeability.com.au.,Approved,29 June 2029,"Accommodation/Tenancy; Assist Access/Maintain Employ; Assist Personal Activities High; Assist-Life Stage, Transition; Assist-Personal Activities; Assist-Travel/Transport; Community Nursing Care; Daily Tasks/Shared Living; Development-Life Skills; Group/Centre Activities; Household Tasks; Innov Community Participation; Participate Community; Plan Management; Spec Support Employ; Support Coordination; Supported Independent Living; Therapeutic Supports",yes,yes,"Katherine House, 9 Shaw Street, KATHERINE SOUTH, NT, 0850, AU | Berrima House, Apartment 45, 69 Boulter Road, BERRIMAH, NT, 0828, AU | Tiwi House 2, 354 Trower Road, TIWI, NT, 0810, AU | Hope Ability - Head Office, Unit 15, 16 Charlton Court, WOOLNER, NT, 0820, AU | Kamish House, 5 Gillon Court, BAKEWELL, NT, 0832, AU","Tiwi House 2, 354 Trower Road, TIWI, NT, 0810, AU | Kamish House, 5 Gillon Court, BAKEWELL, NT, 0832, AU",+610430100520,https://www.ndiscommission.gov.au/provider-registration/find-registered-provider
disability_company,Pty Ltd / Pty Limited with core disability registration groups,INCLUSIVE SUPPORTS NT PTY LTD,Inclusive Supports NT Pty Ltd,38684232004,"COOLALINGA, NT, 0839, AU",https://www.isupportsnt.com.au,Approved,23 April 2029,"Assist Access/Maintain Employ; Assist-Life Stage, Transition; Assist-Personal Activities; Assist-Travel/Transport; Daily Tasks/Shared Living; Development-Life Skills; Group/Centre Activities; Household Tasks; Innov Community Participation; Participate Community; Supported Independent Living",yes,yes,"Mobile, AU","Mobile, AU",+610486266537,https://www.ndiscommission.gov.au/provider-registration/find-registered-provider
disability_company,Pty Ltd / Pty Limited with core disability registration groups,Independent Living,Independent Living NT Pty Ltd,85678399561,"KARAMA, NT, 0812, AU",,Approved,21 July 2028,Assist-Personal Activities; Assist-Travel/Transport; Daily Tasks/Shared Living; Development-Life Skills; Group/Centre Activities; Household Tasks; Innov Community Participation; Participate Community; Supported Independent Living,yes,yes,Mobile,Mobile,+610458651147,https://www.ndiscommission.gov.au/provider-registration/find-registered-provider
disability_company,Pty Ltd / Pty Limited with core disability registration groups,IRIS Collective,SYNORO PTY LTD,93649384565,"ALICE SPRINGS, NT, 0870, AU",https://www.iriscollective.com.au,Approved,17 July 2028,"Assist-Life Stage, Transition; Behaviour Support; Support Coordination; Therapeutic Supports",yes,yes,"Dawrin, Apartment 105, 5 McCourt Road, YARRAWONGA, NT, 0830, AU | IRIS Collective Head Office, Suite 4A, Helm House, 40 Bath Street, ALICE SPRINGS, NT, 0870, AU","Dawrin, Apartment 105, 5 McCourt Road, YARRAWONGA, NT, 0830, AU",+611800717511,https://www.ndiscommission.gov.au/provider-registration/find-registered-provider
disability_company,Pty Ltd / Pty Limited with core disability registration groups,ITEC Health,INDIVIDUAL EMPOWERMENT NETWORK PTY LTD,25061370769,"CAIRNS NORTH, QLD, 4870, AU",https://www.itecgroup.com.au,Approved,05 November 2028,"Assist Access/Maintain Employ; Assist Personal Activities High; Assist Prod-Pers Care/Safety; Assist-Life Stage, Transition; Assist-Personal Activities; Assist-Travel/Transport; Behaviour Support; Community Nursing Care; Daily Tasks/Shared Living; Development-Life Skills; Group/Centre Activities; Household Tasks; Innov Community Participation; Participate Community; Plan Management; Spec Support Employ; Support Coordination; Supported Independent Living; Therapeutic Supports",yes,yes,"ITEC Health Darwin, Apartment 210, 12 Salonika Street, PARAP, NT, 0820, AU","ITEC Health Darwin, Apartment 210, 12 Salonika Street, PARAP, NT, 0820, AU",+610881260800,https://www.ndiscommission.gov.au/provider-registration/find-registered-provider
disability_company,Pty Ltd / Pty Limited with core disability registration groups,JMJ Disability,JMJ DISABILITY SERV PTY LIMITED,94639301161,"WOOLNER, NT, 0820, AU",https://jmjds.com.au,Approved,31 July 2028,"Assist Personal Activities High; Assist-Life Stage, Transition; Assist-Personal Activities; Assist-Travel/Transport; Daily Tasks/Shared Living; Development-Life Skills; Group/Centre Activities; Household Tasks; Innov Community Participation; Participate Community; Specialised Disability Accommodation; Supported Independent Living",yes,yes,"JMJ Disability Serv PTY Limited 1, 12 Kurrajong Court, KATHERINE EAST, NT, 0850, AU | 7 Finnis Place, 7 Finniss Place, KATHERINE EAST, NT, 0850, AU | JMJ Disability Serv PTY Limited 5, 22 Finniss Place, KATHERINE EAST, NT, 0850, AU | JMJ Disability Serv PTY Limited 2, 22 Sovereign Circuit, COCONUT GROVE, NT, 0810, AU | JMJ Disability Serv Pty Limited 3, 2 Damabila Drive, LYONS, NT, 0810, AU | JMJ Disability Serv PTY Limited, 16 Stutterd Street, KATHERINE SOUTH, NT, 0850, AU | JMJ Disability Serv Pty Limited 4, 11 Warbird Street, ZUCCOLI, NT, 0832, AU | 34 Oatgrass, 34 Oatgrass Street, ZUCCOLI, NT, 0832, AU","JMJ Disability Serv PTY Limited 2, 22 Sovereign Circuit, COCONUT GROVE, NT, 0810, AU | 8/48 Woods Street Darwin, Unit 8, 48 Woods Street, DARWIN CITY, NT, 0800, AU | JMJ Disability Serv PTY Limited 4, 52 Parer Drive, WAGAMAN, NT, 0810, AU | 1 Odegard Drive Roseberry, 1 Odegaard Drive, ROSEBERY, NT, 0832, AU",+610414336949,https://www.ndiscommission.gov.au/provider-registration/find-registered-provider
disability_company,Pty Ltd / Pty Limited with core disability registration groups,JUST CARE SERVICES PTY LTD,Just Care Services Pty Ltd,74666663341,"LEANYER, NT, 0812, AU",https://www.justcareservices.com.au/,Approved,16 April 2027,"Assist-Life Stage, Transition; Assist-Personal Activities; Assist-Travel/Transport; Daily Tasks/Shared Living; Development-Life Skills; Group/Centre Activities; Household Tasks; Participate Community; Supported Independent Living",yes,yes,,,,https://www.ndiscommission.gov.au/provider-registration/find-registered-provider
disability_company,Pty Ltd / Pty Limited with core disability registration groups,JUST MERCY HEALTHCARE GROUP PTY LTD,JUST MERCY HEALTHCARE GROUP PTY LTD,65650896709,"PRESTONS, NSW, 2170, AU",https://www.justmercyhealthcaregroup.com.au,Approved,14 May 2029,"Assist Access/Maintain Employ; Assist Personal Activities High; Assist-Life Stage, Transition; Assist-Personal Activities; Assist-Travel/Transport; Community Nursing Care; Daily Tasks/Shared Living; Household Tasks; Participate Community; Plan Management",yes,yes,Darwin NT,Darwin NT,+610451334303,https://www.ndiscommission.gov.au/provider-registration/find-registered-provider
disability_company,Pty Ltd / Pty Limited with core disability registration groups,KAIZAN CARE PTY LTD,Kaizan Care Pty Ltd,13675149005,"LEANYER, NT, 0812, AU",,Approved,13 August 2028,"Assist-Life Stage, Transition; Assist-Personal Activities; Assist-Travel/Transport; Daily Tasks/Shared Living; Development-Life Skills; Group/Centre Activities; Household Tasks; Innov Community Participation; Participate Community; Supported Independent Living",yes,yes,Kaizan Care Pty Ltd,Kaizan Care Pty Ltd,,https://www.ndiscommission.gov.au/provider-registration/find-registered-provider
disability_company,Pty Ltd / Pty Limited with core disability registration groups,KPM EXERCISE PHYSIOLOGY,Kelvin M Pty Ltd,65663256488,"MUIRHEAD, NT, 0810, AU",https://www.kpmexercise.com.au,Approved,08 August 2027,Assist-Travel/Transport; Development-Life Skills; Ex Phys Pers Training; Group/Centre Activities; Household Tasks; Innov Community Participation; Participate Community,yes,yes,Snap Fitness Casuarina (gym),Snap Fitness Casuarina (gym),+610414745681,https://www.ndiscommission.gov.au/provider-registration/find-registered-provider
disability_company,Pty Ltd / Pty Limited with core disability registration groups,LANDING SPOT PTY LTD,Landing Spot Pty Ltd,66650006858,"DARWIN CITY, NT, 0800, AU",https://landingspot.com.au,Approved,01 August 2028,Behaviour Support; Early Childhood Supports; Therapeutic Supports,yes,yes,Landing Spot Clinic,Landing Spot Clinic,+611300289197,https://www.ndiscommission.gov.au/provider-registration/find-registered-provider
disability_company,Pty Ltd / Pty Limited with core disability registration groups,Leap in!,Leap In! Australia Pty Ltd,92622499898,"BRISBANE CITY, QLD, 4000, AU",https://www.leapin.com.au,Approved,22 January 2027,"Assist-Life Stage, Transition; Plan Management",yes,yes,"Leap in! Fannie Bay, Fannie Bay, FANNIE BAY, NT, 0820, AU | Leap in! Darwin, Darwin, DARWIN, NT, 0800, AU | Leap in! Berrimah, Berrimah, BERRIMAH, NT, 0828, AU","Leap in! Fannie Bay, Fannie Bay, FANNIE BAY, NT, 0820, AU | Leap in! Darwin, Darwin, DARWIN, NT, 0800, AU | Leap in! Maitland, Maitland, MAITLAND, NSW, 2320, AU",+611300057878,https://www.ndiscommission.gov.au/provider-registration/find-registered-provider
disability_company,Pty Ltd / Pty Limited with core disability registration groups,LED CARE PTY LTD,Led Care Pty Ltd,36666334747,"PRESTON, VIC, 3072, AU",,Approved,22 January 2027,"Accommodation/Tenancy; Assist-Life Stage, Transition; Assist-Personal Activities; Assist-Travel/Transport; Community Nursing Care; Daily Tasks/Shared Living; Development-Life Skills; Group/Centre Activities; Household Tasks; Innov Community Participation; Participate Community; Plan Management; Support Coordination; Supported Independent Living",yes,yes,"Led Care-Northern Territory, 1 Palmerston Circuit, PALMERSTON CITY, NT, 0830, AU","Led Care-Northern Territory, 1 Palmerston Circuit, PALMERSTON CITY, NT, 0830, AU",+611300967250,https://www.ndiscommission.gov.au/provider-registration/find-registered-provider
disability_company,Pty Ltd / Pty Limited with core disability registration groups,Life Prospects Consulting,Life Choice Pty Ltd,73670272296,"PALMERSTON CITY, NT, 0830, AU",https://www.lifeprospectsconsulting.com.au,Approved,05 June 2028,"Assist-Life Stage, Transition; Behaviour Support; Early Childhood Supports; Support Coordination; Therapeutic Supports",yes,yes,"114/1 Palmerston Circuit, Level 1, 114/1 Palmerston Circuit, PALMERSTON CITY, NT, 0830, AU","114/1 Palmerston Circuit, Level 1, 114/1 Palmerston Circuit, PALMERSTON CITY, NT, 0830, AU",+610466710243,https://www.ndiscommission.gov.au/provider-registration/find-registered-provider
disability_company,Pty Ltd / Pty Limited with core disability registration groups,LIFE+ SUPPORT SERVICES PTY LTD,Sh Support Services Pty Ltd,70683015581,"ALAWA, NT, 0810, AU",,Approved,25 August 2028,Assist-Personal Activities; Assist-Travel/Transport; Daily Tasks/Shared Living; Development-Life Skills; Group/Centre Activities; Household Tasks; Innov Community Participation; Participate Community; Supported Independent Living,yes,yes,SH Support Services Pty Ltd,SH Support Services Pty Ltd,+610432692261,https://www.ndiscommission.gov.au/provider-registration/find-registered-provider
disability_company,Pty Ltd / Pty Limited with core disability registration groups,LIMITLESS NT,PREMIER FINTECH PTY LTD,81641874553,"HICKMAN STREET WINNELLIE, NT, 0820, AU",https://www.limitlessaustralia.com.au/,Approved,18 September 2027,Assist Prod-Pers Care/Safety; Assist-Travel/Transport; Assistive Equip-Recreation; Assistive Prod-Household Task; Comms & Info Equipment; Hearing Equipment; Personal Mobility Equipment; Plan Management; Vision Equipment,yes,yes,Limitless NT,Limitless NT,+610466448675,https://www.ndiscommission.gov.au/provider-registration/find-registered-provider
disability_company,Pty Ltd / Pty Limited with core disability registration groups,Linkup Australia Pty Ltd,LINKUP AUSTRALIA PTY LTD,44627356325,"ALICE SPRINGS, NT, 0870, AU",https://linkup.net.au,Approved,23 December 2027,Accommodation/Tenancy; Assist Access/Maintain Employ; Assist Personal Activities High; Assist-Personal Activities; Assist-Travel/Transport; Community Nursing Care; Daily Tasks/Shared Living; Development-Life Skills; Group/Centre Activities; Household Tasks; Innov Community Participation; Participate Community; Spec Support Employ; Specialised Disability Accommodation; Supported Independent Living,yes,yes,"Alice Springs Office, 2b/70, Todd St, ALICE SPRINGS., NT, 0870, AU | Flynn Drive, 73 Flynn Drive, GILLEN, NT, 0870, AU | Kempe, 2 Kempe Street, THE GAP, NT, 0870, AU | Darwin Office, 117 Mitchell Street, LARRAKEYAH, NT, 0820, AU","Darwin Office, 117 Mitchell Street, LARRAKEYAH, NT, 0820, AU",+610404382203,https://www.ndiscommission.gov.au/provider-registration/find-registered-provider
disability_company,Pty Ltd / Pty Limited with core disability registration groups,LIVE FREELY PTY LTD,Live Freely Pty Ltd,72680441847,"JINGILI, NT, 0810, AU",https://www.livefreely.com.au,Approved,25 August 2028,"Assist Access/Maintain Employ; Assist-Life Stage, Transition; Assist-Personal Activities; Assist-Travel/Transport; Daily Tasks/Shared Living; Development-Life Skills; Group/Centre Activities; Household Tasks; Innov Community Participation; Participate Community; Supported Independent Living",yes,yes,Live Freely Pty Ltd,Live Freely Pty Ltd,,https://www.ndiscommission.gov.au/provider-registration/find-registered-provider
disability_company,Pty Ltd / Pty Limited with core disability registration groups,LIVE WELL CARE AND SUPPORT PTY LTD,Live Well Care and Support Pty Ltd,79681625294,"ROSEBERY, NT, 0832, AU",https://www.livewellsupport.com.au,Approved,29 January 2029,"Assist Access/Maintain Employ; Assist-Life Stage, Transition; Assist-Personal Activities; Assist-Travel/Transport; Daily Tasks/Shared Living; Development-Life Skills; Group/Centre Activities; Household Tasks; Participate Community; Supported Independent Living",yes,yes,Head Office,Head Office,+610408116985,https://www.ndiscommission.gov.au/provider-registration/find-registered-provider
disability_company,Pty Ltd / Pty Limited with core disability registration groups,LIVE-IN SUPPORT SERVICES AUSTRALIA,Live-In Support Services Australia Pty Ltd.,43677725889,"MILLNER, NT, 0810, AU",,Approved,14 April 2028,"Assist Personal Activities High; Assist-Life Stage, Transition; Assist-Personal Activities; Assist-Travel/Transport; Community Nursing Care; Daily Tasks/Shared Living; Development-Life Skills; Group/Centre Activities; Household Tasks; Innov Community Participation; Participate Community; Supported Independent Living",yes,yes,Live-In Support Services Australia,Live-In Support Services Australia,+610450313524,https://www.ndiscommission.gov.au/provider-registration/find-registered-provider
disability_company,Pty Ltd / Pty Limited with core disability registration groups,Living Life NT,Living Life NT Pty Ltd,24662116127,"ANULA, NT, 0812, AU",,Approved,17 July 2028,"Assist Access/Maintain Employ; Assist-Life Stage, Transition; Assist-Personal Activities; Assist-Travel/Transport; Daily Tasks/Shared Living; Development-Life Skills; Group/Centre Activities; Household Tasks; Innov Community Participation; Participate Community; Supported Independent Living",yes,yes,LIVING LIFE NT,LIVING LIFE NT,+610447280059,https://www.ndiscommission.gov.au/provider-registration/find-registered-provider
disability_company,Pty Ltd / Pty Limited with core disability registration groups,LN HEALTHCARE SERVICES PTY LTD,Ln Healthcare Services Pty Ltd,74658410229,"ROSEBERY, NT, 0832, AU",,Approved,15 April 2027,"Assist-Life Stage, Transition; Assist-Personal Activities; Assist-Travel/Transport; Community Nursing Care; Daily Tasks/Shared Living; Development-Life Skills; Group/Centre Activities; Household Tasks; Innov Community Participation; Participate Community; Supported Independent Living",yes,yes,LN HEALTHCARE SERVICES PTY LTD,LN HEALTHCARE SERVICES PTY LTD,+610416941973,https://www.ndiscommission.gov.au/provider-registration/find-registered-provider
disability_company,Pty Ltd / Pty Limited with core disability registration groups,LOVING ARMS CARE PTY LTD,LOVING ARMS CARE PTY LTD,93626262208,"DARWIN CITY, NT, 0800, AU",https://www.lovingarmscare.com.au,Approved,25 June 2027,"Assist Access/Maintain Employ; Assist-Life Stage, Transition; Assist-Personal Activities; Assist-Travel/Transport; Daily Tasks/Shared Living; Development-Life Skills; Group/Centre Activities; Household Tasks; Innov Community Participation; Participate Community; Plan Management; Supported Independent Living; Therapeutic Supports",yes,yes,Loving Arms Care PTY LTD | Loving Arms Care In Toowoomba,Loving Arms Care PTY LTD | Loving Arms Care In Toowoomba,+610451341132,https://www.ndiscommission.gov.au/provider-registration/find-registered-provider
disability_company,Pty Ltd / Pty Limited with core disability registration groups,Magnum Support Services,GEM SERVICES GROUP PTY LTD,74611793983,"SOUTH MORANG, VIC, 3752, AU",https://magnumsupports.com.au,Approved,08 September 2028,"Accommodation/Tenancy; Assist Access/Maintain Employ; Assist Personal Activities High; Assist Prod-Pers Care/Safety; Assist-Life Stage, Transition; Assist-Personal Activities; Assist-Travel/Transport; Assistive Prod-Household Task; Community Nursing Care; Daily Tasks/Shared Living; Development-Life Skills; Group/Centre Activities; Home Modification; Household Tasks; Innov Community Participation; Participate Community; Plan Management; Spec Support Employ; Support Coordination; Supported Independent Living; Therapeutic Supports",yes,yes,"Magnum Support Services - Plan Management - Ciccone NT 0870, Power Street, BRAITLING, NT, 0870, AU | Magnum Support Services - Plan Management - Papunya NT 0872, Tula Road, PAPUNYA, NT, 0872, AU | Magnum Support Services - Plan Management - Howard Springs NT 0835, Whitewood Rd, HOWARD SPRINGS, NT, 0835, AU | Magnum Support Services - Plan Management - Ali Curung NT 0860, Jangala St, ALI CURUNG, NT, 0872, AU | Magnum Support Services - Plan Management - Bayview NT 0820, Bayview Blvd, BAYVIEW, NT, 0820, AU | Magnum Support Services - Plan Management - Bynoe NT, Gee Rd, BYNOE, NT, 0822, AU | Magnum Support Services - Plan Management - Atitjere NT, Mica Rd, ATITJERE, NT, 0872, AU | Magnum Support Services - Plan Management - Daly River NT 0822, Wooliana Rd, DALY RIVER, NT, 0822, AU","Magnum Support Services - Plan Management - Rosebery VIC 3424, Smith Street, ROSEBERY, VIC, 3424, AU | Magnum Support Services - Plan Management - Howard Springs NT 0835, Whitewood Rd, HOWARD SPRINGS, NT, 0835, AU | Magnum Support Services - Plan Management - Leanyer NT 0810, Leanyer Dr, LEANYER, NT, 0810, AU | Magnum Support Services - Plan Management - Jingili NT 0810, Jingili Terrace, JINGILI, NT, 0810, AU | Magnum Support Services - Plan Management - Rapid Creek NT 0810, Clarke Cres, RAPID CREEK, NT, 0810, AU | Magnum Support Services - Plan Management - Nightcliff NT 0810, Bauhinia St, NIGHTCLIFF, NT, 0810, AU | Magnum Support Services - Plan Management - Bakewell NT 0832, Ayers Road, BAKEWELL, NT, 0832, AU | Magnum Support Services - Plan Management - Virginia NT 0838, Virginia Road, VIRGINIA, NT, 0838, AU",+611300931313,https://www.ndiscommission.gov.au/provider-registration/find-registered-provider
disability_company,Pty Ltd / Pty Limited with core disability registration groups,Maya Disability & Community Services,Maya Disability & Community Services Pty Ltd.,19672074261,"COCONUT GROVE, NT, 0810, AU",,Approved,29 October 2027,"Assist Access/Maintain Employ; Assist Personal Activities High; Assist-Life Stage, Transition; Assist-Personal Activities; Assist-Travel/Transport; Community Nursing Care; Daily Tasks/Shared Living; Development-Life Skills; Group/Centre Activities; Household Tasks; Innov Community Participation; Participate Community; Supported Independent Living",yes,yes,"Maya Disability & Community Services, 1 Palmerston Circuit, PALMERSTON CITY, NT, 0830, AU","Maya Disability & Community Services, 1 Palmerston Circuit, PALMERSTON CITY, NT, 0830, AU",+610482694480,https://www.ndiscommission.gov.au/provider-registration/find-registered-provider
disability_company,Pty Ltd / Pty Limited with core disability registration groups,MED AT ED HOME SUPPORT SERVICES PTY LTD,Med at Ed Home Support Services Pty Ltd,99680037325,"HOWARD SPRINGS, NT, 0835, AU",,Approved,30 May 2028,"Assist Access/Maintain Employ; Assist Personal Activities High; Assist-Life Stage, Transition; Assist-Personal Activities; Assist-Travel/Transport; Community Nursing Care; Daily Tasks/Shared Living; Development-Life Skills; Group/Centre Activities; Household Tasks; Innov Community Participation; Participate Community; Spec Support Employ; Supported Independent Living",yes,yes,Med at Ed Home Support Services Pty Ltd,Med at Ed Home Support Services Pty Ltd,+610401479905,https://www.ndiscommission.gov.au/provider-registration/find-registered-provider
disability_company,Pty Ltd / Pty Limited with core disability registration groups,Medika Care & Support Services,BK COMMUNITY SERVICE PTY LTD,14652206169,"WINNELLIE, NT, 0820, AU",https://medikaservices.com.au,Approved,22 November 2026,"Assist Access/Maintain Employ; Assist Personal Activities High; Assist Prod-Pers Care/Safety; Assist-Life Stage, Transition; Assist-Personal Activities; Assist-Travel/Transport; Community Nursing Care; Daily Tasks/Shared Living; Development-Life Skills; Group/Centre Activities; Household Tasks; Innov Community Participation; Participate Community; Personal Mobility Equipment; Spec Support Employ; Specialised Disability Accommodation; Support Coordination; Supported Independent Living",yes,yes,Medika Care & Support Services,Medika Care & Support Services,+610455678504,https://www.ndiscommission.gov.au/provider-registration/find-registered-provider
disability_company,Pty Ltd / Pty Limited with core disability registration groups,METANOIA RAYS PTY LTD,Metanoia Rays Pty Ltd,33660316790,"WINNELLIE, NT, 0820, AU",https://www.metanoiarays.com.au,Approved,18 January 2027,"Accommodation/Tenancy; Assist Access/Maintain Employ; Assist Personal Activities High; Assist Prod-Pers Care/Safety; Assist-Life Stage, Transition; Assist-Personal Activities; Assist-Travel/Transport; Community Nursing Care; Daily Tasks/Shared Living; Development-Life Skills; Early Childhood Supports; Group/Centre Activities; Household Tasks; Innov Community Participation; Participate Community; Specialised Disability Accommodation; Support Coordination; Supported Independent Living",yes,yes,"Darwin Office, 14 Winnellie Road, WINNELLIE, NT, 0820, AU | Brisbane Office, Tingalpa Central, 1631 Wynnum Road, TINGALPA, QLD, 4173, AU | Adelaide, AU","Darwin Office, 14 Winnellie Road, WINNELLIE, NT, 0820, AU | Brisbane Office, Tingalpa Central, 1631 Wynnum Road, TINGALPA, QLD, 4173, AU | Adelaide, AU",+611300141111,https://www.ndiscommission.gov.au/provider-registration/find-registered-provider
disability_company,Pty Ltd / Pty Limited with core disability registration groups,Michael Abdallah Pty Ltd T/A NATIONAL DISABILITY HEALTHCARE SUPPORT (NDHS),Michael Abdallah Pty Ltd,45665147759,"RESERVOIR, VIC, 3073, AU",https://ndhs.au,Approved,26 February 2027,"Assist Access/Maintain Employ; Assist-Life Stage, Transition; Assist-Personal Activities; Assist-Travel/Transport; Daily Tasks/Shared Living; Development-Life Skills; Ex Phys Pers Training; Group/Centre Activities; Home Modification; Household Tasks; Innov Community Participation; Participate Community; Spec Support Employ; Supported Independent Living; Therapeutic Supports",yes,yes,"GreenAcres NT, Coolalinga Lpo, 452 Stuart Highway, COOLALINGA, NT, 0839, AU","GreenAcres NT, Coolalinga Lpo, 452 Stuart Highway, COOLALINGA, NT, 0839, AU",+610468788576,https://www.ndiscommission.gov.au/provider-registration/find-registered-provider
disability_company,Pty Ltd / Pty Limited with core disability registration groups,ML HEALTHCARE SERVICE PTY LTD,Ml Healthcare Service Pty Ltd,32660939319,"WINNELLIE, NT, 0820, AU",,Approved,22 October 2027,"Assist Access/Maintain Employ; Assist Personal Activities High; Assist-Life Stage, Transition; Assist-Personal Activities; Assist-Travel/Transport; Community Nursing Care; Daily Tasks/Shared Living; Development-Life Skills; Group/Centre Activities; Household Tasks; Innov Community Participation; Participate Community; Spec Support Employ; Supported Independent Living",yes,yes,"HEALTHCARE SERVICE PTY LTD, AU","HEALTHCARE SERVICE PTY LTD, AU",,https://www.ndiscommission.gov.au/provider-registration/find-registered-provider
disability_company,Pty Ltd / Pty Limited with core disability registration groups,MOTION MINDS COLLECTIVES PTY LTD,Motion Minds Collectives Pty Ltd,24674653340,"FANNIE BAY, NT, 0820, AU",,Approved,18 July 2028,"Assist-Life Stage, Transition; Behaviour Support; Development-Life Skills; Early Childhood Supports; Support Coordination; Therapeutic Supports",yes,yes,Motion Minds Collectives Pty Ltd,Motion Minds Collectives Pty Ltd,,https://www.ndiscommission.gov.au/provider-registration/find-registered-provider
disability_company,Pty Ltd / Pty Limited with core disability registration groups,MSJ (NT) PTY LTD,MSJ (NT) PTY LTD,48638378024,"FORTITUDE VALLEY, QLD, 4006, AU",https://www.msjaustralia.com.au,Approved,02 September 2028,"Accommodation/Tenancy; Assist Access/Maintain Employ; Assist-Life Stage, Transition; Assist-Personal Activities; Assist-Travel/Transport; Daily Tasks/Shared Living; Development-Life Skills; Group/Centre Activities; Household Tasks; Innov Community Participation; Participate Community; Supported Independent Living",yes,yes,"Darwin, 3 Mansfield Street, PALMERSTON CITY, NT, 0830, AU","Darwin, 3 Mansfield Street, PALMERSTON CITY, NT, 0830, AU",+610423965520,https://www.ndiscommission.gov.au/provider-registration/find-registered-provider
disability_company,Pty Ltd / Pty Limited with core disability registration groups,MY THERAPY CREW,FIVE SOLAS PTY LTD,70636477042,"UPPER MOUNT GRAVATT, QLD, 4122, AU",https://www.mytherapycrew.com.au,Approved,19 December 2028,Behaviour Support; Early Childhood Supports; Therapeutic Supports,yes,yes,"My Therapy Crew Darwin, Apartment 16, 641 Stuart Highway, BERRIMAH, NT, 0828, AU","My Therapy Crew Darwin, Apartment 16, 641 Stuart Highway, BERRIMAH, NT, 0828, AU",+610731553778,https://www.ndiscommission.gov.au/provider-registration/find-registered-provider
disability_company,Pty Ltd / Pty Limited with core disability registration groups,MYCARESCOPE PTY LTD.,MYCARESCOPE PTY LTD.,63644150934,"FARRAR, NT, 0830, AU",https://www.mycarescope.com.au,Approved,26 September 2028,"Accommodation/Tenancy; Assist Access/Maintain Employ; Assist Personal Activities High; Assist Prod-Pers Care/Safety; Assist-Life Stage, Transition; Assist-Personal Activities; Assist-Travel/Transport; Community Nursing Care; Daily Tasks/Shared Living; Development-Life Skills; Group/Centre Activities; Household Tasks; Innov Community Participation; Participate Community; Spec Support Employ; Support Coordination; Supported Independent Living",yes,yes,"MyCareScope SIL Home, 37 Inverway Circuit, FARRAR, NT, 0830, AU","MyCareScope SIL Home, 37 Inverway Circuit, FARRAR, NT, 0830, AU",,https://www.ndiscommission.gov.au/provider-registration/find-registered-provider
disability_company,Pty Ltd / Pty Limited with core disability registration groups,MYHEALTH SOLUTIONS PTY LTD,Myhealth Solutions Pty Ltd,16688791951,"PARAP, NT, 0820, AU",https://www.myhealthsolution.com.au,Approved,13 November 2028,"Assist Access/Maintain Employ; Assist-Life Stage, Transition; Assist-Personal Activities; Assist-Travel/Transport; Behaviour Support; Daily Tasks/Shared Living; Development-Life Skills; Early Childhood Supports; Group/Centre Activities; Household Tasks; Innov Community Participation; Participate Community; Spec Support Employ; Support Coordination; Supported Independent Living; Therapeutic Supports",yes,yes,MyHealth Solutions,MyHealth Solutions,+610466882681,https://www.ndiscommission.gov.au/provider-registration/find-registered-provider
disability_company,Pty Ltd / Pty Limited with core disability registration groups,MyIntegra Plan Management and Support Coordination,Integrated Care Pty Ltd,62149233634,"WEST PERTH, WA, 6005, AU",https://myintegra.com.au,Approved,29 November 2027,"Assist-Life Stage, Transition; Plan Management; Support Coordination",yes,yes,"# MyIntegra Plan Management - Alawa, Alawa, ALAWA, NT, 0810, AU | # MyIntegra Plan Management - Brinkin, Brinkin, BRINKIN, NT, 0810, AU | # MyIntegra Plan Management - Casuarina, Casuarina, CASUARINA, NT, 0810, AU | # MyIntegra Plan Management - Darwin, Darwin, DARWIN, NT, 0800, AU | # MyIntegra Plan Management - Jingili, Jingili, JINGILI, NT, 0810, AU | # MyIntegra Plan Management - Nakara, Nakara, NAKARA, NT, 0810, AU | # MyIntegra Plan Management - Nightcliff, Nightcliff, NIGHTCLIFF, NT, 0810, AU | # MyIntegra Plan Management - Lyons, Lyons, LYONS, NT, 0810, AU","# MyIntegra Plan Management - Alawa, Alawa, ALAWA, NT, 0810, AU | # MyIntegra Plan Management - Casuarina, Casuarina, CASUARINA, NT, 0810, AU | # MyIntegra Plan Management - Darwin, Darwin, DARWIN, NT, 0800, AU | # MyIntegra Plan Management - Jingili, Jingili, JINGILI, NT, 0810, AU | # MyIntegra Plan Management - Nightcliff, Nightcliff, NIGHTCLIFF, NT, 0810, AU | # MyIntegra Plan Management - Anula, Anula, ANULA, NT, 0812, AU | # MyIntegra Plan Management - Coconut Grove, Coconut Grove, COCONUT GROVE, NT, 0810, AU | # MyIntegra Plan Management - Wagaman, Wagaman, WAGAMAN, NT, 0810, AU",+611800696347,https://www.ndiscommission.gov.au/provider-registration/find-registered-provider
disability_company,Pty Ltd / Pty Limited with core disability registration groups,NORTHERN CARE SERVICES PTY LTD,NORTHERN CARE SERVICES PTY LTD,81640810500,"DARWIN CITY, NT, 0800, AU",https://www.northerncareservices.com.au,Approved,08 August 2028,"Accommodation/Tenancy; Assist Access/Maintain Employ; Assist Personal Activities High; Assist Prod-Pers Care/Safety; Assist-Life Stage, Transition; Assist-Personal Activities; Assist-Travel/Transport; Assistive Prod-Household Task; Comms & Info Equipment; Daily Tasks/Shared Living; Development-Life Skills; Group/Centre Activities; Household Tasks; Innov Community Participation; Participate Community; Specialised Disability Accommodation; Supported Independent Living",yes,yes,Main Office,Main Office,+610405961217,https://www.ndiscommission.gov.au/provider-registration/find-registered-provider
disability_company,Pty Ltd / Pty Limited with core disability registration groups,NT PSYCHOSOCIAL RECOVERY AND SUPPORT SERVICES PTY LTD,NT Psychosocial Recovery and Support Services Pty Ltd,13691470505,"DRIVER, NT, 0830, AU",https://www.ntpsychosocialrecovery.com.au,Approved,07 May 2029,"Assist-Life Stage, Transition; Assist-Personal Activities; Assist-Travel/Transport; Daily Tasks/Shared Living; Development-Life Skills; Group/Centre Activities; Household Tasks; Innov Community Participation; Participate Community; Supported Independent Living",yes,yes,NT Psychosocial Recovery and Support Services Pty Ltd Office,NT Psychosocial Recovery and Support Services Pty Ltd Office,+610459549874,https://www.ndiscommission.gov.au/provider-registration/find-registered-provider
disability_company,Pty Ltd / Pty Limited with core disability registration groups,OUTREACH PHYSIOTHERAPY PTY LTD,OUTREACH PHYSIOTHERAPY PTY LTD,72647674502,"PARAP, NT, 0820, AU",https://www.outreachphysiotherapy.com,Approved,04 January 2026,Early Childhood Supports; Therapeutic Supports,yes,yes,,,,https://www.ndiscommission.gov.au/provider-registration/find-registered-provider
disability_company,Pty Ltd / Pty Limited with core disability registration groups,PATCHES Therapy Services,REGIONAL DISABILITY SERVICES AUSTRALIA PTY LTD,30623115453,"SUBIACO, WA, 6008, AU",https://www.patches.com.au,Approved,18 October 2027,"Assist Prod-Pers Care/Safety; Assist-Life Stage, Transition; Assistive Prod-Household Task; Behaviour Support; Comms & Info Equipment; Custom Prosthetics; Early Childhood Supports; Ex Phys Pers Training; Hearing Equipment; Home Modification; Innov Community Participation; Personal Mobility Equipment; Support Coordination; Therapeutic Supports; Vision Equipment",yes,yes,"Patches Therapy Services - Darwin, 631 Stuart Highway, BERRIMAH, NT, 0828, AU","Patches Therapy Services - Darwin, 631 Stuart Highway, BERRIMAH, NT, 0828, AU",+610862800856,https://www.ndiscommission.gov.au/provider-registration/find-registered-provider
disability_company,Pty Ltd / Pty Limited with core disability registration groups,POSITIVE PRACTICES NT,POSITIVE PRACTICES NORTHERN TERRITORY PTY LTD,14644475114,"WINNELLIE, NT, 0820, AU",https://www.positivepractices.com.au,Approved,26 August 2028,"Assist-Life Stage, Transition; Behaviour Support; Development-Life Skills; Early Childhood Supports; Therapeutic Supports",yes,yes,"Positive Practices, 116 Coonawarra Road, WINNELLIE, NT, 0820, AU","Positive Practices, 116 Coonawarra Road, WINNELLIE, NT, 0820, AU",+610408186521,https://www.ndiscommission.gov.au/provider-registration/find-registered-provider
disability_company,Pty Ltd / Pty Limited with core disability registration groups,PRISM COMMUNITY CARE,PRISM COMMUNITY CARE AND SERVICES PTY LTD,92655602029,"KARAMA, NT, 0812, AU",https://www.prismcommunitycare.com.au,Approved,16 May 2027,Accommodation/Tenancy; Assist Personal Activities High; Assist-Personal Activities; Assist-Travel/Transport; Community Nursing Care; Daily Tasks/Shared Living; Development-Life Skills; Group/Centre Activities; Household Tasks; Innov Community Participation; Participate Community; Supported Independent Living,yes,yes,,,,https://www.ndiscommission.gov.au/provider-registration/find-registered-provider
disability_company,Pty Ltd / Pty Limited with core disability registration groups,PROPROJECT SOLUTION PTY LTD,Proproject Solution Pty Ltd,81674984135,"WINNELLIE, NT, 0820, AU",,Approved,29 July 2027,Assist Prod-Pers Care/Safety; Home Modification; Household Tasks,yes,yes,PROPROJECT SOLUTION PTY LTD,PROPROJECT SOLUTION PTY LTD,,https://www.ndiscommission.gov.au/provider-registration/find-registered-provider
disability_company,Pty Ltd / Pty Limited with core disability registration groups,PURPLE SDA HOMES PTY LTD,Purple Sda Homes Pty Ltd,20684833029,"WINNELLIE, NT, 0820, AU",,Approved,18 November 2028,Specialised Disability Accommodation,yes,yes,,,,https://www.ndiscommission.gov.au/provider-registration/find-registered-provider
disability_company,Pty Ltd / Pty Limited with core disability registration groups,PURPLE SUPPORT,PURPLE SUPPORT PTY LTD,53640516856,"WINNELLIE, NT, 0820, AU",https://www.purplesupport.com.au,Approved,08 November 2027,"Assist Access/Maintain Employ; Assist Personal Activities High; Assist-Life Stage, Transition; Assist-Personal Activities; Assist-Travel/Transport; Daily Tasks/Shared Living; Development-Life Skills; Group/Centre Activities; Household Tasks; Innov Community Participation; Participate Community; Spec Support Employ; Support Coordination; Supported Independent Living",yes,yes,"Purple Support, 36 Coonawarra Road, WINNELLIE, NT, 0820, AU","Purple Support, 36 Coonawarra Road, WINNELLIE, NT, 0820, AU",+610879698513,https://www.ndiscommission.gov.au/provider-registration/find-registered-provider
disability_company,Pty Ltd / Pty Limited with core disability registration groups,RABI SUPPORT SERVICES,Family Friendly Care Pty Ltd,92676901438,"YARRAWONGA, NT, 0830, AU",,Approved,12 August 2028,"Assist Personal Activities High; Assist-Life Stage, Transition; Assist-Personal Activities; Assist-Travel/Transport; Community Nursing Care; Daily Tasks/Shared Living; Development-Life Skills; Group/Centre Activities; Household Tasks; Innov Community Participation; Participate Community; Specialised Disability Accommodation; Supported Independent Living",yes,yes,"Family Friendly Care, 13 Redshank Court, BAKEWELL, NT, 0832, AU","Family Friendly Care, 13 Redshank Court, BAKEWELL, NT, 0832, AU",+610436368126,https://www.ndiscommission.gov.au/provider-registration/find-registered-provider
disability_company,Pty Ltd / Pty Limited with core disability registration groups,REGIS AGED CARE PTY LTD,REGIS AGED CARE PTY LTD,75125223645,"CAMBERWELL, VIC, 3124, AU",https://www.regis.com.au,Approved,21 November 2026,"Assist Personal Activities High; Assist-Life Stage, Transition; Community Nursing Care; Daily Tasks/Shared Living; Participate Community; Supported Independent Living",yes,yes,"Regis Tiwi, Tiwi Residential Care, 11 Creswell Street, TIWI, NT, 0810, AU","Regis Tiwi, Tiwi Residential Care, 11 Creswell Street, TIWI, NT, 0810, AU | Regis Alawarra Lodge, Milpara, 220 Middleborough Road, BLACKBURN SOUTH, VIC, 3130, AU",+610295796711,https://www.ndiscommission.gov.au/provider-registration/find-registered-provider
disability_company,Pty Ltd / Pty Limited with core disability registration groups,Sacred Business Services Pty Ltd,SACRED BUSINESS SERVICES PTY LTD,72630144811,"KATHERINE EAST, NT, 0850, AU",https://sacredbusinessservices.com.au/,Approved,29 April 2029,"Accommodation/Tenancy; Assist Access/Maintain Employ; Assist-Life Stage, Transition; Assist-Personal Activities; Assist-Travel/Transport; Daily Tasks/Shared Living; Development-Life Skills; Group/Centre Activities; Household Tasks; Innov Community Participation; Participate Community; Support Coordination; Supported Independent Living",yes,yes,"Room 9 - Suite 55 Harry Geise Building   1 Willeroo Street,Tiwi, NT, Harry's Place, 1 Willeroo Street, TIWI, NT, 0810, AU | 56 parer dr, AU","Room 9 - Suite 55 Harry Geise Building   1 Willeroo Street,Tiwi, NT, Harry's Place, 1 Willeroo Street, TIWI, NT, 0810, AU",+610493171122,https://www.ndiscommission.gov.au/provider-registration/find-registered-provider
disability_company,Pty Ltd / Pty Limited with core disability registration groups,SAHARA COMMUNITY SUPPORT PTY LTD,Sahara Community Support Pty Ltd,35678485580,"ALAWA, NT, 0810, AU",https://www.saharacommunitysupport.com.au,Approved,14 February 2028,"Assist-Life Stage, Transition; Assist-Personal Activities; Assist-Travel/Transport; Community Nursing Care; Daily Tasks/Shared Living; Development-Life Skills; Group/Centre Activities; Household Tasks; Innov Community Participation; Participate Community; Supported Independent Living",yes,yes,Sahara Community Support Pty Ltd,Sahara Community Support Pty Ltd,+610420422687,https://www.ndiscommission.gov.au/provider-registration/find-registered-provider
disability_company,Pty Ltd / Pty Limited with core disability registration groups,SAL CONSULTING NT PTY LTD,SAL CONSULTING NT PTY LTD,13634298776,"WINNELLIE, NT, 0820, AU",https://www.salconsulting.com.au,Approved,26 August 2028,"Assist-Life Stage, Transition; Behaviour Support; Early Childhood Supports; Therapeutic Supports",yes,yes,"Darwin, Suite 24 & 25, The Point, 60 Winnellie Road, WINNELLIE, NT, 0820, AU | Perth, 11 Wentworth Parade, SUCCESS, WA, 6164, AU","Darwin, Suite 24 & 25, The Point, 60 Winnellie Road, WINNELLIE, NT, 0820, AU | Perth, 11 Wentworth Parade, SUCCESS, WA, 6164, AU",+611300851795,https://www.ndiscommission.gov.au/provider-registration/find-registered-provider
disability_company,Pty Ltd / Pty Limited with core disability registration groups,SASCO CARE PTY LTD,Sasco Care Pty Ltd,83692160982,"WAGAMAN, NT, 0810, AU",,Approved,07 May 2029,"Accommodation/Tenancy; Assist-Life Stage, Transition; Assist-Personal Activities; Assist-Travel/Transport; Daily Tasks/Shared Living; Development-Life Skills; Group/Centre Activities; Household Tasks; Innov Community Participation; Participate Community; Supported Independent Living",yes,yes,,,,https://www.ndiscommission.gov.au/provider-registration/find-registered-provider
disability_company,Pty Ltd / Pty Limited with core disability registration groups,Shaping Futures NT Pty Ltd,SHAPING FUTURES NT PTY LTD,19166170930,"NIGHTCLIFF, NT, 0810, AU",https://www.shapingfutures.com.au,Approved,03 January 2026,Specialised Disability Accommodation,yes,yes,,,,https://www.ndiscommission.gov.au/provider-registration/find-registered-provider
disability_company,Pty Ltd / Pty Limited with core disability registration groups,STRIVE SUPPORT GROUP,Strive Support Group Pty Ltd,61665772789,"COCONUT GROVE, NT, 0810, AU",,Approved,07 October 2028,Assist-Personal Activities; Assist-Travel/Transport; Development-Life Skills; Participate Community,yes,yes,,,,https://www.ndiscommission.gov.au/provider-registration/find-registered-provider
disability_company,Pty Ltd / Pty Limited with core disability registration groups,SUPPORTPLACE,SUPPORTPLACE PTY LTD,95641058924,"ROSEBERY, NT, 0832, AU",https://www.supportplacevic.com.au,Approved,10 March 2028,Assist-Personal Activities; Community Nursing Care; Daily Tasks/Shared Living; Development-Life Skills; Household Tasks; Participate Community; Supported Independent Living,yes,yes,West Metro | Cranbourne West,West Metro | Cranbourne West,+610411659141,https://www.ndiscommission.gov.au/provider-registration/find-registered-provider
disability_company,Pty Ltd / Pty Limited with core disability registration groups,SYDNEY 24/7 CARE PTY LTD,Sydney 24/7 Care Pty Ltd,90676089884,"LEANYER, NT, 0812, AU",https://www.sydney247care.com.au,Approved,28 June 2027,"Assist Access/Maintain Employ; Assist Prod-Pers Care/Safety; Assist-Life Stage, Transition; Assist-Personal Activities; Assist-Travel/Transport; Daily Tasks/Shared Living; Development-Life Skills; Group/Centre Activities; Household Tasks; Innov Community Participation; Participate Community; Supported Independent Living",yes,yes,"Sydney 24/7 care pty ltd, 49 Humbert Street, LEANYER, NT, 0812, AU","Sydney 24/7 care pty ltd, 49 Humbert Street, LEANYER, NT, 0812, AU",+610455355481,https://www.ndiscommission.gov.au/provider-registration/find-registered-provider
disability_company,Pty Ltd / Pty Limited with core disability registration groups,Territory Health and Support PTY LTD,TERRITORY HEALTH AND SUPPORT PTY LTD,83639047662,"COCONUT GROVE, NT, 0810, AU",https://www.thsnt.com.au,Approved,11 December 2027,"Accommodation/Tenancy; Assist Access/Maintain Employ; Assist Personal Activities High; Assist-Life Stage, Transition; Assist-Personal Activities; Daily Tasks/Shared Living; Development-Life Skills; Group/Centre Activities; Household Tasks; Participate Community; Spec Support Employ; Support Coordination; Supported Independent Living",yes,yes,Territory Health and Support PTY LTD,Territory Health and Support PTY LTD,+610431461125,https://www.ndiscommission.gov.au/provider-registration/find-registered-provider
disability_company,Pty Ltd / Pty Limited with core disability registration groups,THE HOME OF HEARTS AND ARTS COMMUNITY SERVICE PTY LTD,The Home of Hearts and Arts Community Service Pty Ltd,91674091911,"STUART PARK, NT, 0820, AU",,Approved,21 July 2028,Assist-Personal Activities; Assist-Travel/Transport; Daily Tasks/Shared Living; Development-Life Skills; Group/Centre Activities; Household Tasks; Participate Community; Supported Independent Living,yes,yes,,,,https://www.ndiscommission.gov.au/provider-registration/find-registered-provider
disability_company,Pty Ltd / Pty Limited with core disability registration groups,The Little Tree Group Pty Ltd,The Little Tree Group Pty Ltd,14675031991,"LARRAKEYAH, NT, 0820, AU",https://www.thelittletree.com.au,Approved,13 September 2027,Behaviour Support; Therapeutic Supports,yes,yes,"The Little Tree Group, AU","The Little Tree Group, AU",+610405093036,https://www.ndiscommission.gov.au/provider-registration/find-registered-provider
disability_company,Pty Ltd / Pty Limited with core disability registration groups,TIWI SUPPORT SERVICES PTY LTD,TIWI SUPPORT SERVICES PTY LTD,36655294447,"NIGHTCLIFF, NT, 0810, AU",https://www.tiwisupport.com.au,Approved,10 March 2026,Assist-Personal Activities; Assist-Travel/Transport; Daily Tasks/Shared Living; Development-Life Skills; Group/Centre Activities; Household Tasks; Innov Community Participation; Participate Community; Supported Independent Living,yes,yes,,,,https://www.ndiscommission.gov.au/provider-registration/find-registered-provider
disability_company,Pty Ltd / Pty Limited with core disability registration groups,TK COMMUNITY CARE SERVICES PTY LTD,TK COMMUNITY CARE SERVICES PTY LTD,99624923753,"WINNELLIE, NT, 0820, AU",https://www.tkcommunitycare.com.au,Approved,18 May 2029,"Accommodation/Tenancy; Assist Access/Maintain Employ; Assist Personal Activities High; Assist-Life Stage, Transition; Assist-Personal Activities; Assist-Travel/Transport; Behaviour Support; Community Nursing Care; Daily Tasks/Shared Living; Development-Life Skills; Group/Centre Activities; Household Tasks; Innov Community Participation; Participate Community; Support Coordination; Supported Independent Living",yes,yes,"TK COMMUNITY CARE SERVICES 12 Raymond Street Gunn, 12 Raymond Street, GUNN, NT, 0832, AU | TK COMMUNITY CARE SERVICES 5 Leary Street Bellamack, 5 Leary Street, BELLAMACK, NT, 0832, AU | 20 Tiwi Gardens, Tiwi, 20 Tiwi Gardens, TIWI, NT, 0810, AU | TK COMMUNITY CARE SERVICES 19 Bailey Street Muirhead, 19 Bailey Circuit, MUIRHEAD, NT, 0810, AU | TK COMMUNITY CARE SERVICES PTY LTD, Unit 2B, 390 Stuart Highway, WINNELLIE, NT, 0820, AU | 13 Haultain Crescent Durack, 13 Haultain Crescent, DURACK, NT, 0830, AU | TK COMMUNITY CARE SERVICES 6 Leary Street Bellamack, 6 Leary Street, BELLAMACK, NT, 0832, AU","TK COMMUNITY CARE SERVICES 12 Raymond Street Gunn, 12 Raymond Street, GUNN, NT, 0832, AU | TK COMMUNITY CARE SERVICES 5 Leary Street Bellamack, 5 Leary Street, BELLAMACK, NT, 0832, AU | 20 Tiwi Gardens, Tiwi, 20 Tiwi Gardens, TIWI, NT, 0810, AU | TK COMMUNITY CARE SERVICES 19 Bailey Street Muirhead, 19 Bailey Circuit, MUIRHEAD, NT, 0810, AU | TK COMMUNITY CARE SERVICES PTY LTD, Unit 2B, 390 Stuart Highway, WINNELLIE, NT, 0820, AU | 13 Haultain Crescent Durack, 13 Haultain Crescent, DURACK, NT, 0830, AU | TK COMMUNITY CARE SERVICES 6 Leary Street Bellamack, 6 Leary Street, BELLAMACK, NT, 0832, AU",+610491474859,https://www.ndiscommission.gov.au/provider-registration/find-registered-provider
disability_company,Pty Ltd / Pty Limited with core disability registration groups,TOP END ALLIED HEALTH SERVICES PTY LTD,TOP END ALLIED HEALTH SERVICES PTY LTD,50626343468,"YARRAWONGA, NT, 0830, AU",https://www.topendalliedhealth.com.au,Approved,24 July 2027,"Assist-Life Stage, Transition; Assist-Personal Activities; Assist-Travel/Transport; Daily Tasks/Shared Living; Development-Life Skills; Group/Centre Activities; Household Tasks; Innov Community Participation; Participate Community; Support Coordination; Supported Independent Living; Therapeutic Supports",yes,yes,Top End Allied Health Services,Top End Allied Health Services,+610456440135,https://www.ndiscommission.gov.au/provider-registration/find-registered-provider
disability_company,Pty Ltd / Pty Limited with core disability registration groups,Top End Support Coordination,KETRAND PTY LTD,78642061121,"COCONUT GROVE, NT, 0810, AU",https://www.topendsupportcoordination.com,Approved,31 October 2027,"Assist Access/Maintain Employ; Assist-Life Stage, Transition; Assist-Personal Activities; Assist-Travel/Transport; Development-Life Skills; Household Tasks; Innov Community Participation; Participate Community; Support Coordination",yes,yes,,,,https://www.ndiscommission.gov.au/provider-registration/find-registered-provider
disability_company,Pty Ltd / Pty Limited with core disability registration groups,TOUCHING LIVES COMMUNITY SERVICES,TOUCHING LIVES COMMUNITY SERVICES PTY LTD,87647494371,"MUIRHEAD, NT, 0810, AU",https://www.touchinglivescommunityservices.com.au,Approved,13 December 2027,"Accommodation/Tenancy; Assist Personal Activities High; Assist-Life Stage, Transition; Assist-Personal Activities; Assist-Travel/Transport; Daily Tasks/Shared Living; Development-Life Skills; Household Tasks; Innov Community Participation; Participate Community; Support Coordination; Supported Independent Living",yes,yes,"Zuccoli House, AU | Anula House, AU | Gunn House, AU | Ruby House, AU | Office Space, AU","Anula House, AU",+610483874808,https://www.ndiscommission.gov.au/provider-registration/find-registered-provider
disability_company,Pty Ltd / Pty Limited with core disability registration groups,TOWARDS THE HORIZON PTY LTD,Towards the Horizon Pty Ltd,80641064020,"RAPID CREEK, NT, 0810, AU",https://www.towardsthehorizon.com.au,Approved,15 October 2027,Behaviour Support; Therapeutic Supports,yes,yes,"TOWARDS THE HORIZON, Apartment 20 Cliffside, 82 Nightcliff Road, RAPID CREEK, NT, 0810, AU","TOWARDS THE HORIZON, Apartment 20 Cliffside, 82 Nightcliff Road, RAPID CREEK, NT, 0810, AU",+610460320151,https://www.ndiscommission.gov.au/provider-registration/find-registered-provider
disability_company,Pty Ltd / Pty Limited with core disability registration groups,TRACKS Care,Tracks Care Pty Ltd,51677826738,"WINNELLIE, NT, 0820, AU",https://www.trackscare.com.au,Approved,09 December 2028,"Assist Access/Maintain Employ; Assist-Life Stage, Transition; Assist-Personal Activities; Assist-Travel/Transport; Daily Tasks/Shared Living; Development-Life Skills; Group/Centre Activities; Household Tasks; Innov Community Participation; Participate Community; Spec Support Employ; Supported Independent Living",yes,yes,"Head Office, Unit 1, 111 Coonawarra Road, WINNELLIE, NT, 0820, AU | Physical, Unit 1, 111 Coonawarra Road, WINNELLIE, NT, 0820, AU","Head Office, Unit 1, 111 Coonawarra Road, WINNELLIE, NT, 0820, AU | Physical, Unit 1, 111 Coonawarra Road, WINNELLIE, NT, 0820, AU",+610497356574,https://www.ndiscommission.gov.au/provider-registration/find-registered-provider
disability_company,Pty Ltd / Pty Limited with core disability registration groups,TRAUMA INFORMED CARE,BAFRJOMA HEALTH PTY LTD,37647513586,"STUART PARK, NT, 0820, AU",https://www.traumainformedsupports.com.au,Approved,18 December 2026,"Accommodation/Tenancy; Assist Personal Activities High; Assist-Life Stage, Transition; Assist-Personal Activities; Assist-Travel/Transport; Community Nursing Care; Daily Tasks/Shared Living; Development-Life Skills; Group/Centre Activities; Household Tasks; Innov Community Participation; Participate Community; Plan Management; Supported Independent Living",yes,yes,TRAUMA INFORMED CARE,TRAUMA INFORMED CARE,+610477703109,https://www.ndiscommission.gov.au/provider-registration/find-registered-provider
disability_company,Pty Ltd / Pty Limited with core disability registration groups,TRINITY SCOPE AND SUPPORTS,Trinity Scope and Support Services Pty Ltd,23644676040,"ZUCCOLI, NT, 0832, AU",,Approved,21 August 2027,"Assist-Life Stage, Transition; Assist-Personal Activities; Assist-Travel/Transport; Daily Tasks/Shared Living; Development-Life Skills; Group/Centre Activities; Household Tasks; Innov Community Participation; Participate Community; Supported Independent Living",yes,yes,"Territory Care, 42 Duwun Road, ROSEBERY, NT, 0832, AU","Territory Care, 42 Duwun Road, ROSEBERY, NT, 0832, AU",+610466403056,https://www.ndiscommission.gov.au/provider-registration/find-registered-provider
disability_company,Pty Ltd / Pty Limited with core disability registration groups,TRUELINK COMMUNITY SERVICES PTY LTD,TRUELINK COMMUNITY SERVICES PTY LTD,97631869942,"YARRAWONGA, NT, 0830, AU",https://www.truelinkcommunityservices.com.au,Approved,04 November 2027,"Accommodation/Tenancy; Assist Access/Maintain Employ; Assist Personal Activities High; Assist-Life Stage, Transition; Assist-Personal Activities; Assist-Travel/Transport; Community Nursing Care; Daily Tasks/Shared Living; Development-Life Skills; Group/Centre Activities; Household Tasks; Innov Community Participation; Participate Community; Specialised Disability Accommodation; Support Coordination; Supported Independent Living",yes,yes,"Damascene Crescent , Bellamack- SIL | LLyod Creek STA | Mcaulay Street","Damascene Crescent , Bellamack- SIL | LLyod Creek STA | Mcaulay Street",+610436527156,https://www.ndiscommission.gov.au/provider-registration/find-registered-provider
disability_company,Pty Ltd / Pty Limited with core disability registration groups,Trusted Community Support Pty Ltd,Territory Care Services Pty Ltd,12673540335,"GRAY, NT, 0830, AU",https://www.tcscare.com.au,Approved,08 November 2027,Assist Access/Maintain Employ; Assist-Personal Activities; Assist-Travel/Transport; Daily Tasks/Shared Living; Development-Life Skills; Group/Centre Activities; Household Tasks; Innov Community Participation; Participate Community; Supported Independent Living,yes,yes,Mobile,Mobile,+610484128529,https://www.ndiscommission.gov.au/provider-registration/find-registered-provider
disability_company,Pty Ltd / Pty Limited with core disability registration groups,Unidex Healthcare Recruitment,UNIDEX CONSULTING PTY LTD,22097510926,"SOUTHPORT, QLD, 4215, AU",https://www.unidexhealthcare.com.au,Approved,18 February 2028,"Assist Personal Activities High; Assist-Life Stage, Transition; Assist-Personal Activities; Assist-Travel/Transport; Community Nursing Care; Daily Tasks/Shared Living; Development-Life Skills; Ex Phys Pers Training; Group/Centre Activities; Household Tasks; Innov Community Participation; Participate Community; Plan Management; Supported Independent Living",yes,yes,"Unidex Healthcare - Darwin, 25 Parap Road, PARAP, NT, 0820, AU","Unidex Healthcare - Darwin, 25 Parap Road, PARAP, NT, 0820, AU",+610388770500,https://www.ndiscommission.gov.au/provider-registration/find-registered-provider
disability_company,Pty Ltd / Pty Limited with core disability registration groups,Unique Care and Support Services,Unique Care and Support Services Pty Ltd,71671669122,"RAPID CREEK, NT, 0810, AU",,Approved,08 November 2027,"Assist Access/Maintain Employ; Assist-Life Stage, Transition; Assist-Personal Activities; Assist-Travel/Transport; Daily Tasks/Shared Living; Development-Life Skills; Group/Centre Activities; Household Tasks; Innov Community Participation; Participate Community; Supported Independent Living",yes,yes,"Mobile, AU","Mobile, AU",+610421596955,https://www.ndiscommission.gov.au/provider-registration/find-registered-provider
disability_company,Pty Ltd / Pty Limited with core disability registration groups,UNITED NT DISABILITY SERVICES PTY LTD,UNITED NT DISABILITY SERVICES PTY LTD,15639893477,"WINNELLIE, NT, 0820, AU",https://www.unitedntds.com.au,Approved,07 February 2028,"Assist Personal Activities High; Assist-Life Stage, Transition; Assist-Personal Activities; Assist-Travel/Transport; Daily Tasks/Shared Living; Development-Life Skills; Household Tasks; Participate Community; Specialised Disability Accommodation; Supported Independent Living",yes,yes,"SIL- 13 Furnell Crescent Malak, 13 Furnell Crescent, MALAK, NT, 0812, AU | UNIVA Disability Services-QLD Headoffice, 10 Ruiz Court, AUGUSTINE HEIGHTS, QLD, 4300, AU | SIL house-43 Bailey Circuit Driver, 43 Bailey Circuit, DRIVER, NT, 0830, AU | United NT Disability, PO BOX 1896, PALMERSTON, NT, 0831, AU | SIL-60 Langton Road, AU | SIL 6 Blacktop Street Zuccoli, 6 Blacktop Street, ZUCCOLI, NT, 0832, AU | SIL-12 Banksia Street, 12 Banksia Street, ZUCCOLI, NT, 0832, AU | 26 Tahoe Street-Logan Reserve SIL House, 26 Tahoe Street, LOGAN RESERVE, QLD, 4133, AU","SIL- 13 Furnell Crescent Malak, 13 Furnell Crescent, MALAK, NT, 0812, AU | UNIVA Disability Services-QLD Headoffice, 10 Ruiz Court, AUGUSTINE HEIGHTS, QLD, 4300, AU | SIL house-43 Bailey Circuit Driver, 43 Bailey Circuit, DRIVER, NT, 0830, AU | United NT Disability, PO BOX 1896, PALMERSTON, NT, 0831, AU | SIL-60 Langton Road, AU | SIL 6 Blacktop Street Zuccoli, 6 Blacktop Street, ZUCCOLI, NT, 0832, AU | SIL-12 Banksia Street, 12 Banksia Street, ZUCCOLI, NT, 0832, AU | 26 Tahoe Street-Logan Reserve SIL House, 26 Tahoe Street, LOGAN RESERVE, QLD, 4133, AU",+610879247095,https://www.ndiscommission.gov.au/provider-registration/find-registered-provider
disability_company,Pty Ltd / Pty Limited with core disability registration groups,UNITY IN DIVERSITY SERVICES PTY LTD,Unity in Diversity Services Pty Ltd,13661557642,"TIWI, NT, 0810, AU",,Approved,24 September 2028,"Assist Access/Maintain Employ; Assist Personal Activities High; Assist-Life Stage, Transition; Assist-Personal Activities; Assist-Travel/Transport; Community Nursing Care; Daily Tasks/Shared Living; Development-Life Skills; Group/Centre Activities; Household Tasks; Innov Community Participation; Participate Community; Spec Support Employ; Specialised Disability Accommodation; Support Coordination; Supported Independent Living",yes,yes,UNITY IN DIVERSITY SERVICES PTY LTD,UNITY IN DIVERSITY SERVICES PTY LTD,,https://www.ndiscommission.gov.au/provider-registration/find-registered-provider
disability_company,Pty Ltd / Pty Limited with core disability registration groups,UNLIMITED COMMUNITY CARE SERVICES PTY LTD,Unlimited Community Care Services Pty Ltd,39694132271,"STUART PARK, NT, 0820, AU",,Approved,10 August 2029,"Accommodation/Tenancy; Assist Access/Maintain Employ; Assist-Life Stage, Transition; Assist-Personal Activities; Assist-Travel/Transport; Daily Tasks/Shared Living; Development-Life Skills; Early Childhood Supports; Group/Centre Activities; Household Tasks; Innov Community Participation; Participate Community; Spec Support Employ; Support Coordination; Therapeutic Supports",yes,yes,"UNLIMITED COMMUNITY CARE SERVICES PTY LTD, AU","UNLIMITED COMMUNITY CARE SERVICES PTY LTD, AU",+610415041241,https://www.ndiscommission.gov.au/provider-registration/find-registered-provider
disability_company,Pty Ltd / Pty Limited with core disability registration groups,Veritable Pty. Ltd.,Veritable Pty. Ltd.,16630970419,"CICCONE, NT, 0870, AU",https://www.veritable.com.au,Approved,21 October 2027,"Assist-Life Stage, Transition; Behaviour Support; Support Coordination; Therapeutic Supports",yes,yes,"Veritable - Central Australia, 10 Hele Crescent, CICCONE, NT, 0870, AU | Veritable - Top End, 10 Pavonia Place, NIGHTCLIFF, NT, 0810, AU","Veritable - Top End, 10 Pavonia Place, NIGHTCLIFF, NT, 0810, AU",+610439118283,https://www.ndiscommission.gov.au/provider-registration/find-registered-provider
disability_company,Pty Ltd / Pty Limited with core disability registration groups,VITAL TIME CARE PTY LTD,VITAL TIME CARE PTY LTD,28642331959,"PALMERSTON CITY, NT, 0830, AU",https://www.vitaltimecare.com.au,Approved,14 October 2028,"Accommodation/Tenancy; Assist Access/Maintain Employ; Assist Personal Activities High; Assist-Life Stage, Transition; Assist-Personal Activities; Assist-Travel/Transport; Community Nursing Care; Daily Tasks/Shared Living; Development-Life Skills; Group/Centre Activities; Household Tasks; Innov Community Participation; Participate Community; Supported Independent Living",yes,yes,,,,https://www.ndiscommission.gov.au/provider-registration/find-registered-provider
disability_company,Pty Ltd / Pty Limited with core disability registration groups,WERISE SUPPORT PTY LTD,Werise Support Pty Ltd,67682375748,"STUART PARK / DARWIN, NT, 0820, AU",,Approved,23 April 2028,"Assist Personal Activities High; Assist-Life Stage, Transition; Assist-Personal Activities; Assist-Travel/Transport; Community Nursing Care; Daily Tasks/Shared Living; Development-Life Skills; Group/Centre Activities; Household Tasks; Participate Community; Supported Independent Living",yes,yes,WeRise Support Pty Ltd,WeRise Support Pty Ltd,+610432298248,https://www.ndiscommission.gov.au/provider-registration/find-registered-provider
disability_company,Pty Ltd / Pty Limited with core disability registration groups,westlink cleaning pty ltd,Westlink Cleaning Pty Ltd,21645574385,"MILLNER, NT, 0810, AU",https://westlinkservices.com.au,Approved,13 November 2028,Household Tasks,yes,yes,Mobiler services,Mobiler services,+610416187900,https://www.ndiscommission.gov.au/provider-registration/find-registered-provider
disability_company,Pty Ltd / Pty Limited with core disability registration groups,Woollybutt Specialist Services,WOOLLYBUTT INVESTMENTS PTY LTD,24644212260,"YARRAWONGA, NT, 0830, AU",https://www.woollybutt.au,Approved,21 May 2029,Behaviour Support; Therapeutic Supports,yes,yes,,,,https://www.ndiscommission.gov.au/provider-registration/find-registered-provider
disability_company,Pty Ltd / Pty Limited with core disability registration groups,YOU ARE IMPORTANT PTY. LTD.,YOU ARE IMPORTANT PTY. LTD.,39609413550,"WOODROFFE, NT, 0830, AU",,Approved,26 September 2028,"Assist Personal Activities High; Assist-Life Stage, Transition; Assist-Personal Activities; Assist-Travel/Transport; Community Nursing Care; Daily Tasks/Shared Living; Group/Centre Activities; Household Tasks; Innov Community Participation; Participate Community; Specialised Disability Accommodation; Supported Independent Living",yes,yes,,,,https://www.ndiscommission.gov.au/provider-registration/find-registered-provider
disability_company,Pty Ltd / Pty Limited with core disability registration groups,ABA CARE PTY LTD,Aba Care Pty Ltd,63656622963,"ZUCCOLI, NT, 0832, AU",https://www.abacare.com.au,Approved,29 November 2026,"Assist-Life Stage, Transition; Assist-Personal Activities; Assist-Travel/Transport; Daily Tasks/Shared Living; Development-Life Skills; Household Tasks; Participate Community; Supported Independent Living",yes,,,,,https://www.ndiscommission.gov.au/provider-registration/find-registered-provider
disability_company,Pty Ltd / Pty Limited with core disability registration groups,ABILITY BLOOM CARE PTY LTD,Ability Bloom Care Pty Ltd,16694182404,"SADADEEN, NT, 0870, AU",,Approved,11 May 2029,"Accommodation/Tenancy; Assist Access/Maintain Employ; Assist-Life Stage, Transition; Assist-Personal Activities; Assist-Travel/Transport; Daily Tasks/Shared Living; Development-Life Skills; Group/Centre Activities; Household Tasks; Innov Community Participation; Participate Community; Supported Independent Living",yes,,,,,https://www.ndiscommission.gov.au/provider-registration/find-registered-provider
disability_company,Pty Ltd / Pty Limited with core disability registration groups,Ability Spectrum,DUAL SUPPORT PTY LTD,87640453818,"ALICE SPRINGS, NT, 0870, AU",https://www.abilityspectrum.com.au,Approved,13 December 2027,"Accommodation/Tenancy; Assist-Life Stage, Transition; Assist-Personal Activities; Daily Tasks/Shared Living; Group/Centre Activities; Participate Community; Specialised Disability Accommodation; Support Coordination; Supported Independent Living",yes,,"Head office, Level 1, Suite F3A, 12 Gregory Terrace, ALICE SPRINGS, NT, 0870, AU",,136100198211,https://www.ndiscommission.gov.au/provider-registration/find-registered-provider
disability_company,Pty Ltd / Pty Limited with core disability registration groups,About Homes NT,About Homes NT Pty Ltd,11156650154,"BERRIMAH, NT, 0828, AU",https://abouthomesnt.com.au/,Approved,13 November 2027,Home Modification; Specialised Disability Accommodation,yes,,"Mobile, AU",,+610407611126,https://www.ndiscommission.gov.au/provider-registration/find-registered-provider
disability_company,Pty Ltd / Pty Limited with core disability registration groups,ABUNDANT LIVING COMMUNITY SERVICES,ABUNDANT LIVING NT PTY LTD,23640445889,"ARALUEN, NT, 0870, AU",https://www.abundantliving.com.au,Approved,17 February 2025,"Accommodation/Tenancy; Assist Access/Maintain Employ; Assist-Life Stage, Transition; Assist-Personal Activities; Assist-Travel/Transport; Assistive Prod-Household Task; Comms & Info Equipment; Community Nursing Care; Daily Tasks/Shared Living; Development-Life Skills; Ex Phys Pers Training; Group/Centre Activities; Household Tasks; Innov Community Participation; Participate Community; Plan Management; Supported Independent Living",yes,,"Abundant Living Community Services Office, 11 Price Street, CICCONE, NT, 0870, AU | Active and Fitness Centre, Unit 7, 11 Price Street, CICCONE, NT, 0870, AU",,+610466313745,https://www.ndiscommission.gov.au/provider-registration/find-registered-provider
disability_company,Pty Ltd / Pty Limited with core disability registration groups,ACE CARE AND COMMUNITY SERVICES PTY LTD,ACE CARE AND COMMUNITY SERVICES PTY LTD,79644673094,"MUIRHEAD, NT, 0810, AU",https://acecommunityservices.com/,Approved,10 March 2028,Assist-Travel/Transport; Hearing Equipment; Hearing Services; Household Tasks; Innov Community Participation; Plan Management,yes,,Ace care and community services | Ace care and Community Services,,+610425239456,https://www.ndiscommission.gov.au/provider-registration/find-registered-provider
disability_company,Pty Ltd / Pty Limited with core disability registration groups,ACRS COMMUNITY SERVICES,Acrs Community Services Pty Ltd,80649839743,"WOOLNER, NT, 0820, AU",https://acrscommunityservices.com.au,Approved,15 July 2028,"Assist Personal Activities High; Assist-Life Stage, Transition; Assist-Personal Activities; Assist-Travel/Transport; Community Nursing Care; Daily Tasks/Shared Living; Development-Life Skills; Group/Centre Activities; Household Tasks; Participate Community; Supported Independent Living",yes,,,,,https://www.ndiscommission.gov.au/provider-registration/find-registered-provider
disability_company,Pty Ltd / Pty Limited with core disability registration groups,ACTIVE SUPPORT SERVICES SA/NT,Active Support Community Services Pty Ltd,15650186860,"ALICE SPRINGS, NT, 0870, AU",https://www.activesupportservices.com.au,Approved,17 July 2028,"Assist Access/Maintain Employ; Assist Personal Activities High; Assist-Life Stage, Transition; Assist-Personal Activities; Assist-Travel/Transport; Community Nursing Care; Daily Tasks/Shared Living; Development-Life Skills; Group/Centre Activities; Household Tasks; Participate Community; Specialised Disability Accommodation; Support Coordination; Supported Independent Living",yes,,Active Support Community Services Respite | 24 Larapinta Drive,,+610470539231,https://www.ndiscommission.gov.au/provider-registration/find-registered-provider
disability_company,Pty Ltd / Pty Limited with core disability registration groups,Active2Care,Active2care Pty Ltd,66621941115,"KATHERINE, NT, 0850, AU",https://www.active2care.com.au,Approved,07 August 2028,"Accommodation/Tenancy; Assist-Life Stage, Transition; Assist-Personal Activities; Assist-Travel/Transport; Daily Tasks/Shared Living; Development-Life Skills; Group/Centre Activities; Household Tasks; Innov Community Participation; Participate Community; Supported Independent Living",yes,,,,,https://www.ndiscommission.gov.au/provider-registration/find-registered-provider
disability_company,Pty Ltd / Pty Limited with core disability registration groups,ADA SUPPORT,Ada Support Pty Ltd,11652635099,"GILLEN, NT, 0870, AU",https://www.adasupport.com.au,Approved,22 April 2027,"Accommodation/Tenancy; Assist Personal Activities High; Assist-Life Stage, Transition; Assist-Personal Activities; Assist-Travel/Transport; Community Nursing Care; Daily Tasks/Shared Living; Household Tasks; Innov Community Participation; Participate Community; Supported Independent Living",yes,,Main Office,,+610431901881,https://www.ndiscommission.gov.au/provider-registration/find-registered-provider
disability_company,Pty Ltd / Pty Limited with core disability registration groups,AESTHETIC CARE PTY LTD,Aesthetic Care Pty Ltd,84667167259,"TRUGANINA, VIC, 3029, AU",,Approved,21 May 2028,"Assist-Life Stage, Transition; Assist-Personal Activities; Assist-Travel/Transport; Assistive Prod-Household Task; Daily Tasks/Shared Living; Development-Life Skills; Group/Centre Activities; Household Tasks; Innov Community Participation; Participate Community; Supported Independent Living",yes,,Aesthetic Care-Home Services(NT),,+610405241632,https://www.ndiscommission.gov.au/provider-registration/find-registered-provider
disability_company,Pty Ltd / Pty Limited with core disability registration groups,Affluent Care & Support Services,NT ABILITY PTY LTD,50629720305,"ROSS, NT, 0873, AU",,Approved,29 October 2027,"Assist Access/Maintain Employ; Assist Personal Activities High; Assist-Life Stage, Transition; Assist-Personal Activities; Assist-Travel/Transport; Community Nursing Care; Daily Tasks/Shared Living; Development-Life Skills; Group/Centre Activities; Household Tasks; Innov Community Participation; Participate Community; Spec Support Employ; Specialised Disability Accommodation; Supported Independent Living",yes,,Affluent Care & Support Services,,,https://www.ndiscommission.gov.au/provider-registration/find-registered-provider
disability_company,Pty Ltd / Pty Limited with core disability registration groups,Alfa Disability Services,BLSE PTY LTD,17640890062,"KATHERINE EAST, NT, 0850, AU",,Approved,03 April 2028,"Accommodation/Tenancy; Assist Personal Activities High; Assist-Life Stage, Transition; Assist-Personal Activities; Assist-Travel/Transport; Community Nursing Care; Daily Tasks/Shared Living; Development-Life Skills; Household Tasks; Innov Community Participation; Participate Community; Supported Independent Living",yes,,"Alfa Disability Services, 13 Finniss Place, KATHERINE EAST, NT, 0850, AU",,+610476301636,https://www.ndiscommission.gov.au/provider-registration/find-registered-provider
disability_company,Pty Ltd / Pty Limited with core disability registration groups,ALICE CONNECTION PTY LTD,Alice Connection Pty Ltd,95692463102,"ROSS, NT, 0873, AU",https://aliceconnection.com.au,Approved,06 May 2029,"Accommodation/Tenancy; Assist Access/Maintain Employ; Assist-Life Stage, Transition; Assist-Personal Activities; Assist-Travel/Transport; Daily Tasks/Shared Living; Development-Life Skills; Group/Centre Activities; Household Tasks; Innov Community Participation; Participate Community; Spec Support Employ; Supported Independent Living",yes,,"ALICE CONNECTION, AU",,+610401020904,https://www.ndiscommission.gov.au/provider-registration/find-registered-provider
disability_company,Pty Ltd / Pty Limited with core disability registration groups,ALICE DISABILITY SERVICES PTY LTD,ALICE DISABILITY SERVICES PTY LTD,29649632084,"KILGARIFF, NT, 0873, AU",,Approved,05 June 2027,Assist Personal Activities High; Assist Prod-Pers Care/Safety; Assist-Personal Activities; Assist-Travel/Transport; Assistive Prod-Household Task; Community Nursing Care; Daily Tasks/Shared Living; Development-Life Skills; Early Childhood Supports; Group/Centre Activities; Household Tasks; Innov Community Participation; Participate Community; Personal Mobility Equipment; Specialised Disability Accommodation; Specialised Driver Training; Supported Independent Living,yes,,T2/11 Todd Mall Allice Springs | Alice Disability Services,,+610420224444,https://www.ndiscommission.gov.au/provider-registration/find-registered-provider
disability_company,Pty Ltd / Pty Limited with core disability registration groups,Allexandra Care Services,Allexandra Care Services Pty Ltd,16661863841,"PARK RIDGE, QLD, 4125, AU",https://www.allexandracareservices.com.au,Approved,20 October 2028,"Assist Personal Activities High; Assist-Life Stage, Transition; Assist-Personal Activities; Assist-Travel/Transport; Community Nursing Care; Daily Tasks/Shared Living; Participate Community; Supported Independent Living",yes,,"Brisbane, NT, NSW, Pert, Adelaide and Melbourne",,+610469371879,https://www.ndiscommission.gov.au/provider-registration/find-registered-provider
disability_company,Pty Ltd / Pty Limited with core disability registration groups,ALMOST FAMILY COMMUNITY SERVICES PTY LTD,ALMOST FAMILY COMMUNITY SERVICES PTY LTD,41646961131,"MUIRHEAD, NT, 0810, AU",https://www.almostfamily.com.au,Approved,22 June 2026,"Accommodation/Tenancy; Assist Access/Maintain Employ; Assist-Life Stage, Transition; Assist-Personal Activities; Assist-Travel/Transport; Daily Tasks/Shared Living; Development-Life Skills; Group/Centre Activities; Household Tasks; Participate Community; Spec Support Employ; Supported Independent Living",yes,,Almost Family Community Services - SIL House,,+610433362182,https://www.ndiscommission.gov.au/provider-registration/find-registered-provider
disability_company,Pty Ltd / Pty Limited with core disability registration groups,Alpha Plan Management and Your Nursing Agency,HEALTH MANAGEMENT AND NURSING SERVICES PTY LTD,69087521391,"FULLARTON, SA, 5063, AU",https://torrenshealth.com.au/,Approved,18 June 2029,"Assist Personal Activities High; Assist-Life Stage, Transition; Assist-Personal Activities; Assist-Travel/Transport; Community Nursing Care; Daily Tasks/Shared Living; Development-Life Skills; Household Tasks; Participate Community; Plan Management; Supported Independent Living",yes,,"Alpha Plan Management NT, AU",,+610871295000,https://www.ndiscommission.gov.au/provider-registration/find-registered-provider
disability_company,Pty Ltd / Pty Limited with core disability registration groups,AMAZING GRACE SUPPORT SERVICES PTY LTD.,Amazing Grace Support Services Pty Ltd.,72678326522,"KATHERINE SOUTH, NT, 0850, AU",,Approved,25 August 2028,Assist-Personal Activities; Assist-Travel/Transport; Daily Tasks/Shared Living; Household Tasks; Innov Community Participation; Supported Independent Living,yes,,Amazing Grace Support Services Pty Ltd.,,,https://www.ndiscommission.gov.au/provider-registration/find-registered-provider
disability_company,Pty Ltd / Pty Limited with core disability registration groups,ANCHOR NURSING & DISABILITY SUPPORT SERVICES,Anchor Collective Pty. Ltd.,18694864956,"MUIRHEAD, NT, 0810, AU",,Approved,28 August 2029,"Assist Access/Maintain Employ; Assist Personal Activities High; Assist-Life Stage, Transition; Assist-Personal Activities; Assist-Travel/Transport; Community Nursing Care; Daily Tasks/Shared Living; Development-Life Skills; Group/Centre Activities; Household Tasks; Innov Community Participation; Participate Community; Spec Support Employ; Support Coordination",yes,,"Anchor Nursing & Disability Support Services, AU",,,https://www.ndiscommission.gov.au/provider-registration/find-registered-provider
disability_company,Pty Ltd / Pty Limited with core disability registration groups,ANGELINA CARE DISABILITY SERVICES PTY LTD,Angelina Care Disability Services Pty Ltd,19683077376,"THE GAP, NT, 0870, AU",,Approved,12 June 2028,Assist Prod-Pers Care/Safety; Assist-Personal Activities; Assist-Travel/Transport; Daily Tasks/Shared Living; Development-Life Skills; Group/Centre Activities; Household Tasks; Participate Community; Supported Independent Living,yes,,Angelina Care,,,https://www.ndiscommission.gov.au/provider-registration/find-registered-provider
disability_company,Pty Ltd / Pty Limited with core disability registration groups,APEX DISABILITY SUPPORT SERVICES PTY LTD,APEX DISABILITY SUPPORT SERVICES PTY LTD,91647542541,"LYONS, NT, 0810, AU",https://apexdisabilitysupport.com.au,Approved,30 November 2026,"Assist Personal Activities High; Assist-Life Stage, Transition; Assist-Personal Activities; Assist-Travel/Transport; Behaviour Support; Community Nursing Care; Daily Tasks/Shared Living; Development-Life Skills; Group/Centre Activities; Household Tasks; Innov Community Participation; Participate Community; Supported Independent Living",yes,,APEX DISABILITY SUPPORT SERVICES PTY LTD,,+610401696311,https://www.ndiscommission.gov.au/provider-registration/find-registered-provider
disability_company,Pty Ltd / Pty Limited with core disability registration groups,ARAFURA COMMUNITY CARE PTY LTD,Arafura Community Care Pty Ltd,62679876914,"BERRIMAH, NT, 0828, AU",https://www.arafuracommunitycare.com.au,Approved,14 February 2028,"Assist Personal Activities High; Assist-Life Stage, Transition; Assist-Personal Activities; Assist-Travel/Transport; Community Nursing Care; Daily Tasks/Shared Living; Development-Life Skills; Group/Centre Activities; Household Tasks; Participate Community; Supported Independent Living",yes,,Arafura Community Care Pty Ltd,,+610414619806,https://www.ndiscommission.gov.au/provider-registration/find-registered-provider
disability_company,Pty Ltd / Pty Limited with core disability registration groups,Assistive Technology Lab,Atlab Group Pty Ltd,16681190803,"CICCONE, NT, 0870, AU",https://www.atlab.com.au,Approved,17 October 2028,Assist Prod-Pers Care/Safety; Assistive Equip-Recreation; Assistive Prod-Household Task; Comms & Info Equipment; Custom Prosthetics; Ex Phys Pers Training; Home Modification; Innov Community Participation; Personal Mobility Equipment; Therapeutic Supports; Vision Equipment,yes,,Assistive Technology Lab (Central) | Assistive Technology Lab (Top End),,+610410544731,https://www.ndiscommission.gov.au/provider-registration/find-registered-provider
disability_company,Pty Ltd / Pty Limited with core disability registration groups,ASTRAL CARE,Astral Care Services Pty. Ltd.,75668715955,"BELLAMACK, NT, 0832, AU",https://www.astralcare.com.au,Approved,23 July 2028,"Assist-Life Stage, Transition; Assist-Personal Activities; Assist-Travel/Transport; Daily Tasks/Shared Living; Development-Life Skills; Group/Centre Activities; Household Tasks; Innov Community Participation; Participate Community; Supported Independent Living",yes,,,,,https://www.ndiscommission.gov.au/provider-registration/find-registered-provider
disability_company,Pty Ltd / Pty Limited with core disability registration groups,AUS CARE PROVIDER PLUS PTY LTD,Aus Care Provider Plus Pty Ltd,15675122273,"KATHERINE SOUTH, NT, 0850, AU",,Approved,23 July 2028,Assist-Personal Activities; Assist-Travel/Transport; Daily Tasks/Shared Living; Development-Life Skills; Group/Centre Activities; Household Tasks; Participate Community; Supported Independent Living,yes,,Aus Care Provider Plus Pty Ltd,,,https://www.ndiscommission.gov.au/provider-registration/find-registered-provider
disability_company,Pty Ltd / Pty Limited with core disability registration groups,AXIS CARE SERVICES PTY LTD,Axis Care Services Pty Ltd,65685908981,"SADADEEN, NT, 0870, AU",,Approved,19 August 2028,"Accommodation/Tenancy; Assist Access/Maintain Employ; Assist Personal Activities High; Assist-Life Stage, Transition; Assist-Personal Activities; Assist-Travel/Transport; Community Nursing Care; Daily Tasks/Shared Living; Development-Life Skills; Group/Centre Activities; Household Tasks; Innov Community Participation; Participate Community; Supported Independent Living; Therapeutic Supports",yes,,"Physical, Unit 2, 19 Mercorella Circuit, SADADEEN, NT, 0870, AU",,+610478515786,https://www.ndiscommission.gov.au/provider-registration/find-registered-provider
disability_company,Pty Ltd / Pty Limited with core disability registration groups,BEE LIFE SUPPORT,Bee Life Support Pty Ltd,76660328307,"MOULDEN, NT, 0830, AU",,Approved,09 April 2027,"Assist Access/Maintain Employ; Assist Personal Activities High; Assist-Life Stage, Transition; Assist-Personal Activities; Assist-Travel/Transport; Community Nursing Care; Daily Tasks/Shared Living; Development-Life Skills; Group/Centre Activities; Household Tasks; Innov Community Participation; Participate Community; Supported Independent Living",yes,,BEE LIFE SUPPORT,,,https://www.ndiscommission.gov.au/provider-registration/find-registered-provider
disability_company,Pty Ltd / Pty Limited with core disability registration groups,BETTER CARE PROVIDER,Lakan Care Pty Ltd,77656610801,"ZUCCOLI, NT, 0832, AU",,Approved,17 July 2028,"Assist Access/Maintain Employ; Assist Personal Activities High; Assist-Life Stage, Transition; Assist-Personal Activities; Assist-Travel/Transport; Community Nursing Care; Daily Tasks/Shared Living; Development-Life Skills; Group/Centre Activities; Household Tasks; Innov Community Participation; Participate Community; Supported Independent Living",yes,,"Zuccoli SIL house 2, AU | Zuccoli SIL house 1, AU | Wulagi SIL house, AU | Lakan Care Pty Ltd, AU",,+610499092309,https://www.ndiscommission.gov.au/provider-registration/find-registered-provider
disability_company,Pty Ltd / Pty Limited with core disability registration groups,BRAVE CONNECTIONS PTY LTD,Brave Connections Pty Ltd,87680730269,"BELLAMACK, NT, 0832, AU",https://braveconnections.com.au,Approved,22 September 2028,"Assist-Life Stage, Transition; Behaviour Support; Early Childhood Supports; Support Coordination; Therapeutic Supports",yes,,,,,https://www.ndiscommission.gov.au/provider-registration/find-registered-provider
disability_company,Pty Ltd / Pty Limited with core disability registration groups,BRIDGE OF HOPE COMMUNITY SERVICES PTY LTD,Bridge of Hope Community Services Pty Ltd,75678937356,"JOHNSTON, NT, 0832, AU",https://www.bridgeofhopecs.com.au,Approved,26 May 2028,"Assist-Life Stage, Transition; Assist-Personal Activities; Assist-Travel/Transport; Daily Tasks/Shared Living; Development-Life Skills; Group/Centre Activities; Household Tasks; Innov Community Participation; Participate Community; Supported Independent Living; Therapeutic Supports",yes,,Bridge Of Hope Community Services Pty Ltd,,+610413854811,https://www.ndiscommission.gov.au/provider-registration/find-registered-provider
disability_company,Pty Ltd / Pty Limited with core disability registration groups,BRIDGECARE COMMUNITY SERVICES PTY LTD,Bridgecare Community Services Pty Ltd,20676302908,"MUIRHEAD, NT, 0810, AU",,Approved,23 June 2028,"Assist Access/Maintain Employ; Assist Personal Activities High; Assist-Life Stage, Transition; Assist-Personal Activities; Assist-Travel/Transport; Community Nursing Care; Daily Tasks/Shared Living; Development-Life Skills; Group/Centre Activities; Household Tasks; Innov Community Participation; Participate Community; Supported Independent Living",yes,,Bridgecare Community Services Pty Ltd | Bridgecare Community Care Pty Ltd VIC | Bridgecare Community Services Pty Ltd VIC,,+610401585999,https://www.ndiscommission.gov.au/provider-registration/find-registered-provider
disability_company,Pty Ltd / Pty Limited with core disability registration groups,Bright Lily Pty Ltd,BRIGHT LILY PTY LTD,82632901798,"ALICE SPRINGS, NT, 0870, AU",https://lilycare.com.au,Approved,14 November 2027,"Accommodation/Tenancy; Assist Access/Maintain Employ; Assist Personal Activities High; Assist-Life Stage, Transition; Assist-Personal Activities; Assist-Travel/Transport; Community Nursing Care; Daily Tasks/Shared Living; Development-Life Skills; Group/Centre Activities; Household Tasks; Innov Community Participation; Participate Community; Support Coordination; Supported Independent Living",yes,,Bright Lily Pty Ltd T/as Lily Care (VIC),,+610413636566,https://www.ndiscommission.gov.au/provider-registration/find-registered-provider
disability_company,Pty Ltd / Pty Limited with core disability registration groups,BRIGHTPOINT CARE SERVICES PTY LTD.,Brightpoint Care Services Pty Ltd.,15670502459,"ARALUEN, NT, 0870, AU",,Approved,09 September 2027,"Assist Personal Activities High; Assist-Life Stage, Transition; Assist-Personal Activities; Assist-Travel/Transport; Community Nursing Care; Daily Tasks/Shared Living; Development-Life Skills; Group/Centre Activities; Household Tasks; Innov Community Participation; Participate Community; Supported Independent Living",yes,,BRIGHTPOINT CARE SERVICES PTY LTD,,+610426714327,https://www.ndiscommission.gov.au/provider-registration/find-registered-provider
disability_company,Pty Ltd / Pty Limited with core disability registration groups,BRILLIANT CARE PTY LTD,BRILLIANT CARE PTY LTD,52619556946,"MOUNT DRUITT, NSW, 2770, AU",https://http:www.brilliantcare.com.au,Approved,02 June 2029,"Accommodation/Tenancy; Assist Personal Activities High; Assist-Life Stage, Transition; Assist-Personal Activities; Assist-Travel/Transport; Community Nursing Care; Daily Tasks/Shared Living; Development-Life Skills; Early Childhood Supports; Group/Centre Activities; Household Tasks; Innov Community Participation; Participate Community; Plan Management; Specialised Disability Accommodation; Support Coordination; Supported Independent Living",yes,,Tennant Creek Group Home - NT,,+610424895943,https://www.ndiscommission.gov.au/provider-registration/find-registered-provider
disability_company,Pty Ltd / Pty Limited with core disability registration groups,BSF DISABILITY SERVICES PTY LTD,Bsf Disability Services Pty Ltd,63674192673,"SADADEEN, NT, 0870, AU",,Approved,11 November 2027,"Accommodation/Tenancy; Assist Personal Activities High; Assist-Life Stage, Transition; Assist-Personal Activities; Assist-Travel/Transport; Community Nursing Care; Daily Tasks/Shared Living; Development-Life Skills; Group/Centre Activities; Household Tasks; Innov Community Participation; Participate Community; Plan Management; Supported Independent Living",yes,,BSF Disability Services Pty Ltd,,+610456729996,https://www.ndiscommission.gov.au/provider-registration/find-registered-provider
disability_company,Pty Ltd / Pty Limited with core disability registration groups,CAPABLE CARE SERVICES PTY LTD.,Capable Care Services Pty Ltd.,42677283555,"KATHERINE SOUTH, NT, 0850, AU",https://capablecareservices.com.au/,Approved,11 August 2028,Assist-Personal Activities; Assist-Travel/Transport; Daily Tasks/Shared Living; Development-Life Skills; Group/Centre Activities; Household Tasks; Participate Community; Supported Independent Living,yes,,Capable Care Services Pty Ltd | Capable Care Services - Melbourne branch,,+610476329294,https://www.ndiscommission.gov.au/provider-registration/find-registered-provider
disability_company,Pty Ltd / Pty Limited with core disability registration groups,CARE 4LYF SERVICES PTY LTD,Care 4lyf Services Pty Ltd,33677568651,"ZUCCOLI, NT, 0832, AU",,Approved,17 July 2028,Assist-Personal Activities; Assist-Travel/Transport; Development-Life Skills; Group/Centre Activities; Household Tasks; Innov Community Participation; Participate Community; Supported Independent Living,yes,,"Care 4Lyf Services Pty Ltd, AU",,+610439133441,https://www.ndiscommission.gov.au/provider-registration/find-registered-provider
disability_company,Pty Ltd / Pty Limited with core disability registration groups,Care Companions NT,Camellia Nursing & Community Services Pty Ltd,66666197619,"BERRIMAH, NT, 0828, AU",https://carecompanionsnt.com.au/,Approved,20 June 2028,"Assist Access/Maintain Employ; Assist Personal Activities High; Assist-Life Stage, Transition; Assist-Personal Activities; Assist-Travel/Transport; Community Nursing Care; Daily Tasks/Shared Living; Development-Life Skills; Group/Centre Activities; Household Tasks; Innov Community Participation; Participate Community; Supported Independent Living",yes,,Care Companions NT,,+610429562040,https://www.ndiscommission.gov.au/provider-registration/find-registered-provider
disability_company,Pty Ltd / Pty Limited with core disability registration groups,CARE PRO NURSING SERVICES,Mm & Aa Pty Ltd,85684694497,"ARALUEN, NT, 0870, AU",,Approved,07 January 2029,"Assist Personal Activities High; Assist-Life Stage, Transition; Assist-Personal Activities; Assist-Travel/Transport; Community Nursing Care; Daily Tasks/Shared Living; Development-Life Skills; Group/Centre Activities; Household Tasks; Innov Community Participation; Participate Community; Specialised Disability Accommodation; Support Coordination; Supported Independent Living",yes,,CARE PRO NURSING SERVICES,,+610416655398,https://www.ndiscommission.gov.au/provider-registration/find-registered-provider
disability_company,Pty Ltd / Pty Limited with core disability registration groups,CARE SUCCESS PTY LTD,Care Success Pty Ltd,32682731559,"NOONAMAH, NT, 0837, AU",https://www.caresuccess.com.au,Approved,23 October 2028,"Assist-Life Stage, Transition; Support Coordination",yes,,,,,https://www.ndiscommission.gov.au/provider-registration/find-registered-provider
disability_company,Pty Ltd / Pty Limited with core disability registration groups,CAREBRIDGE HEALTH SERVICES PTY LTD,Carebridge Health Services Pty Ltd,71682957357,"BERRIMAH, NT, 0828, AU",,Approved,25 November 2028,"Accommodation/Tenancy; Assist Personal Activities High; Assist-Life Stage, Transition; Assist-Personal Activities; Assist-Travel/Transport; Community Nursing Care; Daily Tasks/Shared Living; Development-Life Skills; Early Childhood Supports; Group/Centre Activities; Household Tasks; Innov Community Participation; Participate Community; Specialised Disability Accommodation; Support Coordination; Supported Independent Living; Therapeutic Supports",yes,,CAREBRIDGE HEALTH SERVICES,,+610405884141,https://www.ndiscommission.gov.au/provider-registration/find-registered-provider
disability_company,Pty Ltd / Pty Limited with core disability registration groups,CARELINK NT PTY LTD,CARELINK NT PTY LTD,96652072056,"WOOLNER, NT, 0820, AU",http://www.carelinknt.com.au/,Approved,09 October 2027,"Assist-Life Stage, Transition; Assist-Personal Activities; Assist-Travel/Transport; Daily Tasks/Shared Living; Development-Life Skills; Group/Centre Activities; Household Tasks; Innov Community Participation; Participate Community; Support Coordination; Supported Independent Living",yes,,,,,https://www.ndiscommission.gov.au/provider-registration/find-registered-provider
disability_company,Pty Ltd / Pty Limited with core disability registration groups,CAREPATH SUPPORT,Carepath Group Pty Ltd,59686963137,"LARAPINTA, NT, 0875, AU",http://carepathsupport.com.au,Approved,12 September 2028,"Assist Access/Maintain Employ; Assist-Life Stage, Transition; Assist-Personal Activities; Assist-Travel/Transport; Daily Tasks/Shared Living; Development-Life Skills; Group/Centre Activities; Household Tasks; Innov Community Participation; Participate Community; Support Coordination; Supported Independent Living",yes,,Office,,+610411563122,https://www.ndiscommission.gov.au/provider-registration/find-registered-provider
disability_company,Pty Ltd / Pty Limited with core disability registration groups,CAREWELL COMMUNITY SERVICES PTY LTD,Carewell Community Services Pty Ltd,55668446071,"BRAITLING, NT, 0870, AU",,Approved,15 July 2028,"Assist Personal Activities High; Assist-Life Stage, Transition; Assist-Personal Activities; Assist-Travel/Transport; Daily Tasks/Shared Living; Development-Life Skills; Group/Centre Activities; Household Tasks; Innov Community Participation; Participate Community; Specialised Disability Accommodation; Supported Independent Living",yes,,CAREWELL COMMUNITY SERVICES PTY LTD,,,https://www.ndiscommission.gov.au/provider-registration/find-registered-provider
disability_company,Pty Ltd / Pty Limited with core disability registration groups,CARMEL CARE/DISABILITY SERVICES PTY LTD,Carmel Care/Disability Services Pty Ltd,24661624095,"KATHERINE SOUTH, NT, 0850, AU",,Approved,22 May 2029,Assist Personal Activities High; Assist-Personal Activities; Assist-Travel/Transport; Community Nursing Care; Daily Tasks/Shared Living; Development-Life Skills; Group/Centre Activities; Household Tasks; Innov Community Participation; Participate Community; Supported Independent Living,yes,,,,,https://www.ndiscommission.gov.au/provider-registration/find-registered-provider
disability_company,Pty Ltd / Pty Limited with core disability registration groups,CARPE DIEM COMMUNITY SERVICES PTY LTD,CARPE DIEM COMMUNITY SERVICES PTY LTD,54639958884,"WOOLNER, NT, 0820, AU",https://www.carpediem.net.au,Approved,14 October 2027,"Assist Access/Maintain Employ; Assist Prod-Pers Care/Safety; Assist-Life Stage, Transition; Assist-Personal Activities; Assist-Travel/Transport; Assistive Equip-Recreation; Assistive Prod-Household Task; Comms & Info Equipment; Daily Tasks/Shared Living; Development-Life Skills; Group/Centre Activities; Household Tasks; Innov Community Participation; Participate Community; Personal Mobility Equipment; Spec Support Employ; Specialised Disability Accommodation; Support Coordination; Supported Independent Living",yes,,"14/16 Charlton Court, Woolner, Unit 14, 16 Charlton Court, WOOLNER, NT, 0820, AU",,+610432590279,https://www.ndiscommission.gov.au/provider-registration/find-registered-provider
disability_company,Pty Ltd / Pty Limited with core disability registration groups,CENTROCARE COMMUNITY SERVICES PTY LTD,Centrocare Community Services Pty Ltd,80693275982,"MUIRHEAD, NT, 0810, AU",,Approved,19 March 2029,"Accommodation/Tenancy; Assist Access/Maintain Employ; Assist Personal Activities High; Assist-Life Stage, Transition; Assist-Personal Activities; Assist-Travel/Transport; Community Nursing Care; Daily Tasks/Shared Living; Development-Life Skills; Group/Centre Activities; Household Tasks; Innov Community Participation; Participate Community; Supported Independent Living",yes,,CENTROCARE COMMUNITY SERVICES PTY LTD,,+610451759756,https://www.ndiscommission.gov.au/provider-registration/find-registered-provider
disability_company,Pty Ltd / Pty Limited with core disability registration groups,Charis Health Care PTY LTD,CHARIS HEALTH CARE PTY LTD,34631326068,"KATHERINE EAST, NT, 0850, AU",http://charishealthcare.com.au/,Approved,03 February 2028,Assist Personal Activities High; Assist-Personal Activities; Daily Tasks/Shared Living; Household Tasks; Participate Community; Supported Independent Living,yes,,,,,https://www.ndiscommission.gov.au/provider-registration/find-registered-provider
disability_company,Pty Ltd / Pty Limited with core disability registration groups,CMM CARE SOLUTIONS,CMM CARE SOLUTIONS PTY LTD,26646989942,"ZUCCOLI, NT, 0832, AU",https://www.cmmcaresolutions.com.au,Approved,16 September 2028,"Assist Personal Activities High; Assist-Life Stage, Transition; Assist-Personal Activities; Behaviour Support; Community Nursing Care; Daily Tasks/Shared Living; Development-Life Skills; Household Tasks; Participate Community; Support Coordination; Supported Independent Living; Therapeutic Supports",yes,,CMM CARE SOLUTIONS PTY LTD,,+6141566109736,https://www.ndiscommission.gov.au/provider-registration/find-registered-provider
disability_company,Pty Ltd / Pty Limited with core disability registration groups,COLAB DISABILITY SOLUTIONS PTY LTD,COLAB DISABILITY SOLUTIONS PTY LTD,20638182251,"ALICE SPRINGS, NT, 0870, AU",,Approved,31 May 2027,"Assist-Life Stage, Transition; Support Coordination",yes,,,,,https://www.ndiscommission.gov.au/provider-registration/find-registered-provider
disability_company,Pty Ltd / Pty Limited with core disability registration groups,CONNECT WITH CARE SERVICES PTY LTD,Connect with Care Services Pty Ltd,11659718582,"THE GAP, NT, 0870, AU",,Approved,18 May 2029,"Assist-Life Stage, Transition; Assist-Personal Activities; Assist-Travel/Transport; Daily Tasks/Shared Living; Development-Life Skills; Group/Centre Activities; Household Tasks; Innov Community Participation; Participate Community; Supported Independent Living",yes,,CONNECT WITH CARE SERVICES PTY LTD,,+610423244653,https://www.ndiscommission.gov.au/provider-registration/find-registered-provider
disability_company,Pty Ltd / Pty Limited with core disability registration groups,CONNECTED LIVING AS,Connected Living As Pty. Ltd.,87686798023,"LARAPINTA, NT, 0875, AU",,Approved,15 January 2029,"Assist Access/Maintain Employ; Assist Personal Activities High; Assist-Life Stage, Transition; Assist-Personal Activities; Assist-Travel/Transport; Community Nursing Care; Daily Tasks/Shared Living; Development-Life Skills; Group/Centre Activities; Household Tasks; Innov Community Participation; Participate Community; Spec Support Employ; Supported Independent Living",yes,,CONNECTED LIVING AS,,,https://www.ndiscommission.gov.au/provider-registration/find-registered-provider
disability_company,Pty Ltd / Pty Limited with core disability registration groups,CONNECTORS WELLBEING PTY LTD,Connectors Wellbeing Pty Ltd,33678257513,"BERRIMAH, NT, 0828, AU",,Approved,20 December 2027,"Assist Access/Maintain Employ; Assist Personal Activities High; Assist-Life Stage, Transition; Assist-Personal Activities; Assist-Travel/Transport; Community Nursing Care; Daily Tasks/Shared Living; Development-Life Skills; Early Childhood Supports; Group/Centre Activities; Household Tasks; Innov Community Participation; Participate Community; Support Coordination; Supported Independent Living",yes,,CONNECTORS WELLBEING PTY LTD,,+610404759035,https://www.ndiscommission.gov.au/provider-registration/find-registered-provider
disability_company,Pty Ltd / Pty Limited with core disability registration groups,COUNTRY CONNECT PTY LTD,Country Connect Pty Ltd,62649348354,"BUDERIM, QLD, 4556, AU",https://www.countryconnect.org.au,Approved,22 September 2028,"Assist Access/Maintain Employ; Assist-Life Stage, Transition; Assist-Personal Activities; Daily Tasks/Shared Living; Development-Life Skills; Group/Centre Activities; Household Tasks; Participate Community; Supported Independent Living",yes,,"Nhulunbuy Facility, 2 Miller Close, NHULUNBUY, NT, 0880, AU",,+610429677817,https://www.ndiscommission.gov.au/provider-registration/find-registered-provider
disability_company,Pty Ltd / Pty Limited with core disability registration groups,CRESTA CONSULTANCY SERVICES PTY LTD,Cresta Consultancy Services Pty Ltd,21656362711,"ARALUEN, NT, 0870, AU",,Approved,17 July 2028,"Assist-Life Stage, Transition; Assist-Personal Activities; Assist-Travel/Transport; Community Nursing Care; Daily Tasks/Shared Living; Development-Life Skills; Group/Centre Activities; Household Tasks; Participate Community; Supported Independent Living",yes,,Cresta Consultancy Services PTY LTD,,,https://www.ndiscommission.gov.au/provider-registration/find-registered-provider
disability_company,Pty Ltd / Pty Limited with core disability registration groups,DARWIN ACEHEALTH COMMUNITY SERVICES PTY LTD.,Darwin Acehealth Community Services Pty Ltd.,88643298122,"DURACK, NT, 0830, AU",,Approved,08 November 2027,"Accommodation/Tenancy; Assist-Life Stage, Transition; Assist-Personal Activities; Assist-Travel/Transport; Daily Tasks/Shared Living; Development-Life Skills; Household Tasks; Participate Community",yes,,,,,https://www.ndiscommission.gov.au/provider-registration/find-registered-provider
disability_company,Pty Ltd / Pty Limited with core disability registration groups,DIVINE CARE AND ABILITY SOLUTIONS PTY LTD,Divine Care and Ability Solutions Pty Ltd,94673739207,"BRINKIN, NT, 0810, AU",,Approved,11 August 2029,"Assist-Life Stage, Transition; Assist-Personal Activities; Assist-Travel/Transport; Development-Life Skills; Household Tasks; Innov Community Participation; Participate Community",yes,,"Divine Care and Ability Solutions (Mobile CA), 1 Claymore Circuit, BRINKIN, NT, 0810, AU | DIVINE CARE AND ABILITY SOLUTIONS, 1 Claymore Circuit, BRINKIN, NT, 0810, AU",,+610482917880,https://www.ndiscommission.gov.au/provider-registration/find-registered-provider
disability_company,Pty Ltd / Pty Limited with core disability registration groups,Drake Australia Pty Ltd,DRAKE AUSTRALIA PTY LTD,42004939771,"SYDNEY, NSW, 2000, AU",https://www.drakemedox.com.au,Approved,02 September 2028,"Assist Personal Activities High; Assist-Life Stage, Transition; Assist-Personal Activities; Assist-Travel/Transport; Community Nursing Care; Daily Tasks/Shared Living; Development-Life Skills; Group/Centre Activities; Household Tasks; Innov Community Participation; Participate Community; Supported Independent Living",yes,,"Drake Australia - NT, Berrimah Business Centre, Tenancy 12, 641 Stuart Highway, BERRIMAH, NT, 0828, AU",,+611300360070,https://www.ndiscommission.gov.au/provider-registration/find-registered-provider
disability_company,Pty Ltd / Pty Limited with core disability registration groups,DUTCH ORANGE PTY LTD,Dutch Orange Pty Ltd,25653345969,"BRAITLING, NT, 0870, AU",https://www.desertstar.au,Approved,04 February 2029,Assist Personal Activities High; Assist-Personal Activities; Assist-Travel/Transport; Community Nursing Care; Daily Tasks/Shared Living; Development-Life Skills; Household Tasks; Innov Community Participation; Participate Community; Supported Independent Living,yes,,,,,https://www.ndiscommission.gov.au/provider-registration/find-registered-provider
disability_company,Pty Ltd / Pty Limited with core disability registration groups,EASY LIVING CARE SOLUTIONS PTY LTD,EASY LIVING CARE SOLUTIONS PTY LTD,83618431904,"DANDENONG, VIC, 3175, AU",https://www.easylivingcaresolutions.com.au,Approved,17 December 2027,"Accommodation/Tenancy; Assist Personal Activities High; Assist-Life Stage, Transition; Assist-Personal Activities; Assist-Travel/Transport; Community Nursing Care; Daily Tasks/Shared Living; Development-Life Skills; Group/Centre Activities; Household Tasks; Innov Community Participation; Participate Community; Specialised Disability Accommodation; Support Coordination; Supported Independent Living",yes,,SIL House Northern Territory,,+610460809276,https://www.ndiscommission.gov.au/provider-registration/find-registered-provider
disability_company,Pty Ltd / Pty Limited with core disability registration groups,EL ROI. HELP ON WHEELS PTY LTD,El Roi. Help on Wheels Pty Ltd,45685569064,"BERRIMAH, NT, 0828, AU",,Approved,25 September 2028,"Assist Access/Maintain Employ; Assist Personal Activities High; Assist-Life Stage, Transition; Assist-Personal Activities; Assist-Travel/Transport; Community Nursing Care; Daily Tasks/Shared Living; Development-Life Skills; Group/Centre Activities; Household Tasks; Innov Community Participation; Participate Community; Supported Independent Living",yes,,El Roi. Help on Wheels Pty Ltd,,+610422709572,https://www.ndiscommission.gov.au/provider-registration/find-registered-provider
disability_company,Pty Ltd / Pty Limited with core disability registration groups,ELPIS CARE PTY. LTD.,Elpis Care Pty. Ltd.,90670099411,"WOOLNER, NT, 0820, AU",,Approved,29 October 2027,"Accommodation/Tenancy; Assist Personal Activities High; Assist-Life Stage, Transition; Assist-Personal Activities; Assist-Travel/Transport; Community Nursing Care; Daily Tasks/Shared Living; Development-Life Skills; Group/Centre Activities; Household Tasks; Innov Community Participation; Participate Community; Supported Independent Living",yes,,ELPIS CARE PTY. LTD.,,+610485508443,https://www.ndiscommission.gov.au/provider-registration/find-registered-provider
disability_company,Pty Ltd / Pty Limited with core disability registration groups,EMBRACING LIFE SUPPORT SERVICES PTY LTD,Embracing Life Support Services Pty Ltd,22673847893,"GILLEN, NT, 0870, AU",,Approved,29 July 2028,"Accommodation/Tenancy; Assist Personal Activities High; Assist-Life Stage, Transition; Assist-Personal Activities; Assist-Travel/Transport; Community Nursing Care; Daily Tasks/Shared Living; Development-Life Skills; Group/Centre Activities; Household Tasks; Innov Community Participation; Participate Community; Supported Independent Living",yes,,"Embracing Life Suport Services, Unit 24, 15 Adamson Avenue, GILLEN, NT, 0870, AU",,+610424208097,https://www.ndiscommission.gov.au/provider-registration/find-registered-provider
disability_company,Pty Ltd / Pty Limited with core disability registration groups,EMMAC SUPPORT SERVICES PTY LTD,Emmac Support Services Pty Ltd,71687811687,"LEE POINT, NT, 0810, AU",,Approved,07 November 2028,Assist-Personal Activities; Assist-Travel/Transport; Daily Tasks/Shared Living; Development-Life Skills; Group/Centre Activities; Household Tasks; Participate Community; Supported Independent Living,yes,,Emmac Support Services Pty Ltd,,+610420804670,https://www.ndiscommission.gov.au/provider-registration/find-registered-provider
disability_company,Pty Ltd / Pty Limited with core disability registration groups,Empower Ability Solutions,Empowerability Solution Pty Ltd,55669738096,"ZUCCOLI, NT, 0832, AU",https://www.empowerabilitysolutions.com.au,Approved,12 June 2028,Accommodation/Tenancy; Assist-Personal Activities; Assist-Travel/Transport; Daily Tasks/Shared Living; Development-Life Skills; Group/Centre Activities; Household Tasks; Innov Community Participation; Participate Community; Supported Independent Living,yes,,Head office,,+610470023008,https://www.ndiscommission.gov.au/provider-registration/find-registered-provider
disability_company,Pty Ltd / Pty Limited with core disability registration groups,ENABLE OPPORTUNITIES,INDEPENDENT CHOICE CONTROL (ICC) PTY LTD,27647584843,"ALICE SPRINGS, NT, 0870, AU",https://www.enop.com.au/,Approved,04 February 2028,Accommodation/Tenancy; Assist Personal Activities High; Assist-Personal Activities; Assist-Travel/Transport; Daily Tasks/Shared Living; Development-Life Skills; Group/Centre Activities; Household Tasks; Innov Community Participation; Participate Community; Plan Management; Supported Independent Living,yes,,,,,https://www.ndiscommission.gov.au/provider-registration/find-registered-provider
disability_company,Pty Ltd / Pty Limited with core disability registration groups,EVERRISE DISABILITY SUPPORT PTY LTD,Everrise Disability Support Pty Ltd,43692812874,"BRAITLING, NT, 0870, AU",,Approved,17 August 2029,"Assist Access/Maintain Employ; Assist-Life Stage, Transition; Assist-Personal Activities; Assist-Travel/Transport; Daily Tasks/Shared Living; Development-Life Skills; Group/Centre Activities; Household Tasks; Innov Community Participation; Participate Community; Spec Support Employ",yes,,"Everrise Disability Support Pty Ltd, AU",,+610470551429,https://www.ndiscommission.gov.au/provider-registration/find-registered-provider
disability_company,Pty Ltd / Pty Limited with core disability registration groups,EVORA CARE,Evora Care Pty Ltd,43656458454,"ALICE SPRINGS, NT, 0870, AU",https://www.evoracare.com.au,Approved,10 March 2029,"Accommodation/Tenancy; Assist Access/Maintain Employ; Assist-Life Stage, Transition; Assist-Personal Activities; Assist-Travel/Transport; Daily Tasks/Shared Living; Development-Life Skills; Group/Centre Activities; Household Tasks; Innov Community Participation; Participate Community; Supported Independent Living",yes,,"Evora Care Alice Springs, 3/1 Colson St, ALICE SPRINGS, NT, 0870, AU",,+611300889440,https://www.ndiscommission.gov.au/provider-registration/find-registered-provider
disability_company,Pty Ltd / Pty Limited with core disability registration groups,FEM SERVICES PTY LTD,Fem Services Pty Ltd,58669405556,"NHULUNBUY, NT, 0880, AU",,Approved,19 June 2027,"Assist Access/Maintain Employ; Assist-Life Stage, Transition; Assist-Personal Activities; Assist-Travel/Transport; Daily Tasks/Shared Living; Development-Life Skills; Group/Centre Activities; Household Tasks; Innov Community Participation; Participate Community; Support Coordination; Supported Independent Living",yes,,FEM Services Pty LTD,,+610413883738,https://www.ndiscommission.gov.au/provider-registration/find-registered-provider
disability_company,Pty Ltd / Pty Limited with core disability registration groups,FIRST NATIONS AND PACIFIC ISLANDS CARE PTY LTD,First Nations and Pacific Islands Care Pty Ltd,13677779172,"MUIRHEAD, NT, 0810, AU",,Approved,08 April 2028,"Assist-Life Stage, Transition; Assist-Personal Activities; Assist-Travel/Transport; Community Nursing Care; Daily Tasks/Shared Living; Development-Life Skills; Group/Centre Activities; Household Tasks; Innov Community Participation; Participate Community; Spec Support Employ; Supported Independent Living",yes,,First Nations and Pacific Islands Care Pty Ltd,,,https://www.ndiscommission.gov.au/provider-registration/find-registered-provider
disability_company,Pty Ltd / Pty Limited with core disability registration groups,FRB CARE PLUS PTY LTD,Frb Care Plus Pty Ltd,19673660252,"DURACK, NT, 0830, AU",,Approved,08 August 2028,"Assist Personal Activities High; Assist-Life Stage, Transition; Assist-Personal Activities; Assist-Travel/Transport; Community Nursing Care; Daily Tasks/Shared Living; Development-Life Skills; Group/Centre Activities; Household Tasks; Innov Community Participation; Participate Community; Supported Independent Living",yes,,FRB Care Plus Pty Ltd,,,https://www.ndiscommission.gov.au/provider-registration/find-registered-provider
disability_company,Pty Ltd / Pty Limited with core disability registration groups,FREE & BOUNTY LIFE PTY LTD,Free & Bounty Life Pty Ltd,59693339883,"ZUCCOLI, NT, 0832, AU",,Approved,06 February 2029,Behaviour Support; Development-Life Skills; Therapeutic Supports,yes,,,,,https://www.ndiscommission.gov.au/provider-registration/find-registered-provider
disability_company,Pty Ltd / Pty Limited with core disability registration groups,FREEDOM BEYOND DISABILITY,Mcried Living Pty Limited,62677856763,"ALICE SPRINGS, NT, 0870, AU",,Approved,13 November 2027,"Accommodation/Tenancy; Assist Access/Maintain Employ; Assist Personal Activities High; Assist Prod-Pers Care/Safety; Assist-Life Stage, Transition; Assist-Personal Activities; Assist-Travel/Transport; Assistive Equip-Recreation; Community Nursing Care; Daily Tasks/Shared Living; Development-Life Skills; Group/Centre Activities; Home Modification; Household Tasks; Participate Community; Personal Mobility Equipment; Plan Management; Supported Independent Living",yes,,"Freedom Beyond Disability, 82 Todd Street, ALICE SPRINGS, NT, 0870, AU",,+610458436344,https://www.ndiscommission.gov.au/provider-registration/find-registered-provider
disability_company,Pty Ltd / Pty Limited with core disability registration groups,GIFTED HANDS SUPPORT SERVICES,GIFTED HANDS SUPPORT SERVICES PTY LTD,42643075165,"ZUCCOLI, NT, 0832, AU",https://giftedhands.net.au,Approved,04 August 2028,"Assist Access/Maintain Employ; Assist Personal Activities High; Assist-Life Stage, Transition; Assist-Personal Activities; Assist-Travel/Transport; Behaviour Support; Community Nursing Care; Daily Tasks/Shared Living; Development-Life Skills; Household Tasks; Innov Community Participation; Participate Community; Support Coordination; Supported Independent Living",yes,,"Gifted Hands Support Services, AU",,+610404358991,https://www.ndiscommission.gov.au/provider-registration/find-registered-provider
disability_company,Pty Ltd / Pty Limited with core disability registration groups,GLORY CARE SERVICES PTY LTD,Glory Care Services Pty Ltd,30689817463,"BRAITLING, NT, 0870, AU",,Approved,04 December 2028,"Assist Personal Activities High; Assist-Life Stage, Transition; Assist-Personal Activities; Assist-Travel/Transport; Community Nursing Care; Daily Tasks/Shared Living; Development-Life Skills; Group/Centre Activities; Household Tasks; Innov Community Participation; Participate Community; Supported Independent Living",yes,,Glory Care Services,,+610401163944,https://www.ndiscommission.gov.au/provider-registration/find-registered-provider
disability_company,Pty Ltd / Pty Limited with core disability registration groups,GRACE REYAT DISABILITY SERVICES PTY LTD.,Grace Reyat Disability Services Pty Ltd.,30658822354,"MOUNT JOHNS, NT, 0874, AU",,Approved,22 June 2026,"Accommodation/Tenancy; Assist-Life Stage, Transition; Assist-Personal Activities; Assist-Travel/Transport; Daily Tasks/Shared Living; Development-Life Skills; Group/Centre Activities; Household Tasks; Innov Community Participation; Participate Community; Support Coordination; Supported Independent Living",yes,,Grace Reyat Disability Services Pty Ltd - WA,,+610459298370,https://www.ndiscommission.gov.au/provider-registration/find-registered-provider
disability_company,Pty Ltd / Pty Limited with core disability registration groups,GRACIOUS HELPER SUPPORT SERVICES,Desert Communication Pty Ltd,80624370869,"ARALUEN, NT, 0870, AU",,Approved,08 November 2027,"Assist Access/Maintain Employ; Assist-Life Stage, Transition; Assist-Personal Activities; Assist-Travel/Transport; Daily Tasks/Shared Living; Development-Life Skills; Group/Centre Activities; Household Tasks; Innov Community Participation; Participate Community; Spec Support Employ; Supported Independent Living",yes,,"GRACIOUS HELPER SUPPORT SERVICES, AU",,,https://www.ndiscommission.gov.au/provider-registration/find-registered-provider
disability_company,Pty Ltd / Pty Limited with core disability registration groups,Harmonious Community Care,Harmonious Community Care Pty Ltd,59676872594,"LEE POINT, NT, 0810, AU",,Approved,18 March 2028,"Assist Access/Maintain Employ; Assist Personal Activities High; Assist-Life Stage, Transition; Assist-Personal Activities; Assist-Travel/Transport; Community Nursing Care; Daily Tasks/Shared Living; Development-Life Skills; Group/Centre Activities; Household Tasks; Innov Community Participation; Participate Community; Supported Independent Living",yes,,,,,https://www.ndiscommission.gov.au/provider-registration/find-registered-provider
disability_company,Pty Ltd / Pty Limited with core disability registration groups,HARMONY HELPING HANDS PTY LTD,HARMONY HELPING HANDS PTY LTD,41649120132,"GUNN, NT, 0832, AU",,Approved,31 July 2026,Accommodation/Tenancy; Assist-Personal Activities; Assist-Travel/Transport; Daily Tasks/Shared Living; Development-Life Skills; Group/Centre Activities; Household Tasks; Innov Community Participation; Participate Community; Supported Independent Living,yes,,SIL House,,+610490239176,https://www.ndiscommission.gov.au/provider-registration/find-registered-provider
disability_company,Pty Ltd / Pty Limited with core disability registration groups,HEALING PATHWAYS NT PTY LTD,Healing Pathways NT Pty Ltd,66678166115,"MUIRHEAD, NT, 0810, AU",https://www.hpnt.com.au,Approved,03 February 2028,"Assist Access/Maintain Employ; Assist-Life Stage, Transition; Assist-Personal Activities; Assist-Travel/Transport; Daily Tasks/Shared Living; Development-Life Skills; Early Childhood Supports; Group/Centre Activities; Household Tasks; Innov Community Participation; Participate Community; Spec Support Employ; Therapeutic Supports",yes,,Healing Pathways NT Pty Ltd,,+610466998324,https://www.ndiscommission.gov.au/provider-registration/find-registered-provider
disability_company,Pty Ltd / Pty Limited with core disability registration groups,HOPE BRIDGE DISABILITY SUPPORT PTY LTD,Hope Bridge Disability Support Pty Ltd,85691425948,"MOUNT JOHNS, NT, 0874, AU",,Approved,10 August 2029,"Assist Access/Maintain Employ; Assist-Life Stage, Transition; Assist-Personal Activities; Assist-Travel/Transport; Daily Tasks/Shared Living; Development-Life Skills; Group/Centre Activities; Household Tasks; Innov Community Participation; Participate Community",yes,,,,,https://www.ndiscommission.gov.au/provider-registration/find-registered-provider
disability_company,Pty Ltd / Pty Limited with core disability registration groups,HOX'S SERVICES PTY LTD,Hox's Services Pty Ltd,17646073252,"ARALUEN, NT, 0870, AU",,Approved,30 May 2028,"Accommodation/Tenancy; Assist Access/Maintain Employ; Assist Personal Activities High; Assist-Life Stage, Transition; Assist-Personal Activities; Assist-Travel/Transport; Community Nursing Care; Daily Tasks/Shared Living; Development-Life Skills; Group/Centre Activities; Household Tasks; Innov Community Participation; Participate Community; Supported Independent Living",yes,,HOX'S SERVICES PTY LTD,,+610413662113,https://www.ndiscommission.gov.au/provider-registration/find-registered-provider
disability_company,Pty Ltd / Pty Limited with core disability registration groups,iCare Youth And Community Services,ICARE YOUTH AND COMMUNITY SERVICES PTY LTD,61641040066,"ALICE SPRINGS, NT, 0870, AU",https://www.icare-nt.com.au,Approved,08 November 2027,"Assist Access/Maintain Employ; Assist Personal Activities High; Assist-Life Stage, Transition; Assist-Personal Activities; Assist-Travel/Transport; Community Nursing Care; Daily Tasks/Shared Living; Development-Life Skills; Ex Phys Pers Training; Group/Centre Activities; Household Tasks; Participate Community; Spec Support Employ; Supported Independent Living; Therapeutic Supports",yes,,"38 Turner Street, 38 Turner Street, TENNANT CREEK, NT, 0860, AU | 70 Bradshaw, 70 Bradshaw Drive, GILLEN, NT, 0870, AU | 8 Staunton, 8 Staunton Street, TENNANT CREEK, NT, 0860, AU | iCare Youth And Community Services, 44 Bath Street, ALICE SPRINGS, NT, 0870, AU | 24/5 Latz Crescent, Unit 5, 24 Latz Crescent, LARAPINTA, NT, 0875, AU | 1/17 Laver Crt, Unit 1, 17 Laver Court, SADADEEN, NT, 0870, AU | 34 Kilgariff, 34 Kilgariff Crescent, SADADEEN, NT, 0870, AU | 6 Johannsen St, 6 Johannsen Street, GILLEN, NT, 0870, AU",,+610411567430,https://www.ndiscommission.gov.au/provider-registration/find-registered-provider
disability_company,Pty Ltd / Pty Limited with core disability registration groups,IDEAL Plan Management,ABMKG Family Trust & Lismar Trust & Milojo Trust & ROSEKIRK PTY LTD & The Lariss,59903291025,"CANBERRA, ACT, 2601, AU",https://www.idealplan.com.au,Approved,06 December 2026,Plan Management; Supported Independent Living,yes,,IDEAL Plan Management NT,,+611300800110,https://www.ndiscommission.gov.au/provider-registration/find-registered-provider
disability_company,Pty Ltd / Pty Limited with core disability registration groups,IMARA CARE PTY LTD,Imara Care Pty Ltd,39688332309,"GILLEN, NT, 0870, AU",,Approved,18 November 2028,"Assist-Life Stage, Transition; Assist-Personal Activities; Assist-Travel/Transport; Daily Tasks/Shared Living; Development-Life Skills; Group/Centre Activities; Household Tasks; Innov Community Participation; Participate Community; Supported Independent Living",yes,,Mobile,,+610410974542,https://www.ndiscommission.gov.au/provider-registration/find-registered-provider
disability_company,Pty Ltd / Pty Limited with core disability registration groups,INFINITY CARE AUSTRALIA PTY LTD,Infinity Care Australia Pty Ltd,70671918219,"ARALUEN, NT, 0870, AU",,Approved,17 July 2028,Assist-Personal Activities; Assist-Travel/Transport; Daily Tasks/Shared Living; Development-Life Skills; Group/Centre Activities; Household Tasks; Participate Community; Supported Independent Living,yes,,Infinity Care Australia PTY LTD,,,https://www.ndiscommission.gov.au/provider-registration/find-registered-provider
disability_company,Pty Ltd / Pty Limited with core disability registration groups,INSIGHT LIVING,Iv Revive Drips Pty Ltd,25661990236,"BRINKIN, NT, 0810, AU",,Approved,17 October 2027,"Assist Access/Maintain Employ; Assist Personal Activities High; Assist-Life Stage, Transition; Assist-Personal Activities; Assist-Travel/Transport; Community Nursing Care; Daily Tasks/Shared Living; Development-Life Skills; Group/Centre Activities; Household Tasks; Innov Community Participation; Participate Community; Spec Support Employ",yes,,"INSIGHT LIVING, AU",,,https://www.ndiscommission.gov.au/provider-registration/find-registered-provider
disability_company,Pty Ltd / Pty Limited with core disability registration groups,INTEGRITY PRACTICES PTY LTD,INTEGRITY PRACTICES PTY LTD,48653444823,"MUIRHEAD, NT, 0810, AU",,Approved,14 July 2028,Behaviour Support,yes,,,,,https://www.ndiscommission.gov.au/provider-registration/find-registered-provider
disability_company,Pty Ltd / Pty Limited with core disability registration groups,J. C. SMITH & ASSOCIATES NT PTY. LTD.,J.C. SMITH & ASSOCIATES NT PTY. LTD.,20083457854,"NHULUNBUY, NT, 0880, AU",,Approved,02 June 2028,"Accommodation/Tenancy; Assist-Life Stage, Transition; Assist-Personal Activities; Assist-Travel/Transport; Daily Tasks/Shared Living; Development-Life Skills; Group/Centre Activities; Household Tasks; Innov Community Participation; Participate Community; Plan Management; Supported Independent Living",yes,,JC Smith & Associates NT PTY LTD | J.C. Smith & Associates NT Pty Ltd,,+610482663828,https://www.ndiscommission.gov.au/provider-registration/find-registered-provider
disability_company,Pty Ltd / Pty Limited with core disability registration groups,JOURNEY TO HORIZON SERVICES PTY LTD,Journey to Horizon Services Pty Ltd,71684279650,"DURACK, NT, 0830, AU",,Approved,13 January 2029,"Assist-Life Stage, Transition; Assist-Personal Activities; Assist-Travel/Transport; Daily Tasks/Shared Living; Development-Life Skills; Group/Centre Activities; Household Tasks; Innov Community Participation; Participate Community; Supported Independent Living",yes,,JOURNEY TO HORIZON SERVICES PTY LTD,,+610414855410,https://www.ndiscommission.gov.au/provider-registration/find-registered-provider
disability_company,Pty Ltd / Pty Limited with core disability registration groups,Journey To Independence Disability Services,Jti Disability Services Pty Ltd,93668153437,"KATHERINE EAST, NT, 0850, AU",http://www.jtidisabilityservices.com.au/,Approved,22 February 2027,"Accommodation/Tenancy; Assist Access/Maintain Employ; Assist-Life Stage, Transition; Assist-Personal Activities; Assist-Travel/Transport; Daily Tasks/Shared Living; Development-Life Skills; Group/Centre Activities; Household Tasks; Innov Community Participation; Participate Community; Supported Independent Living",yes,,"Journey to Independence Disability Services, AU",,+610420881439,https://www.ndiscommission.gov.au/provider-registration/find-registered-provider
disability_company,Pty Ltd / Pty Limited with core disability registration groups,Joyful Souls Support,Joyful Souls Support Pty Ltd,69658015742,"BRAITLING, NT, 0870, AU",,Approved,30 November 2026,"Accommodation/Tenancy; Assist Access/Maintain Employ; Assist-Life Stage, Transition; Assist-Personal Activities; Assist-Travel/Transport; Daily Tasks/Shared Living; Development-Life Skills; Household Tasks; Innov Community Participation; Participate Community; Supported Independent Living",yes,,"Joyful Souls Head Office, Unit 8, 11 Todd Street, ALICE SPRINGS, NT, 0870, AU | Joyful House, 10 Stuart Highway, BRAITLING, NT, 0870, AU",,+610889555138,https://www.ndiscommission.gov.au/provider-registration/find-registered-provider
disability_company,Pty Ltd / Pty Limited with core disability registration groups,KACHE SERVICES,Oscare Health Services Pty Ltd.,44664103584,"BRAITLING, NT, 0870, AU",,Approved,21 October 2027,"Assist Access/Maintain Employ; Assist Personal Activities High; Assist-Life Stage, Transition; Assist-Personal Activities; Assist-Travel/Transport; Community Nursing Care; Daily Tasks/Shared Living; Development-Life Skills; Group/Centre Activities; Household Tasks; Innov Community Participation; Participate Community",yes,,,,,https://www.ndiscommission.gov.au/provider-registration/find-registered-provider
disability_company,Pty Ltd / Pty Limited with core disability registration groups,KIND HANDS NURSING SERVICES PTY LTD,Kind Hands Nursing Services Pty Ltd,22670680707,"DURACK, NT, 0830, AU",,Approved,10 July 2027,Assist-Travel/Transport; Community Nursing Care,yes,,KIND HANDS NURSING SERVICES PTY LTD,,,https://www.ndiscommission.gov.au/provider-registration/find-registered-provider
disability_company,Pty Ltd / Pty Limited with core disability registration groups,KONNECTUS SUPPORT COORDINATION,Konnectus Support Coordination Pty Ltd,50683650553,"OSBORNE PARK, WA, 6017, AU",https://konnectus.org.au/,Approved,24 July 2028,"Assist Personal Activities High; Assist-Life Stage, Transition; Assist-Personal Activities; Assist-Travel/Transport; Daily Tasks/Shared Living; Development-Life Skills; Household Tasks; Innov Community Participation; Participate Community; Support Coordination; Supported Independent Living",yes,,"Konnectus Support Coordination - Alice Springs, Unit 3, 7 Larapinta Drive, GILLEN, NT, 0870, AU | Konnectus Support Coordination - Tennant Creek, Unit 2, 8 Paterson Street, TENNANT CREEK, NT, 0860, AU",,+610413780792,https://www.ndiscommission.gov.au/provider-registration/find-registered-provider
disability_company,Pty Ltd / Pty Limited with core disability registration groups,LEAH BETT NURSING SERVICES PTY LTD,LEAH BETT NURSING SERVICES PTY LTD,46639984704,"ALICE SPRINGS, NT, 0870, AU",,Approved,29 October 2028,"Assist Personal Activities High; Assist-Life Stage, Transition; Assist-Personal Activities; Assist-Travel/Transport; Community Nursing Care; Daily Tasks/Shared Living; Development-Life Skills; Household Tasks; Innov Community Participation; Participate Community; Supported Independent Living",yes,,"Leah Bett Nursing Services, Shop 4, 8 Gregory Terrace, ALICE SPRINGS, NT, 0870, AU",,+610484565876,https://www.ndiscommission.gov.au/provider-registration/find-registered-provider
disability_company,Pty Ltd / Pty Limited with core disability registration groups,LIBERTY BEHAVIOURAL SERVICES PTY LTD,LIBERTY BEHAVIOURAL SERVICES PTY LTD,65635889413,"MELBOURNE, VIC, 3000, AU",https://libertybehaviouralservices.org/,Approved,10 July 2026,Behaviour Support; Therapeutic Supports,yes,,"NT, AU",,+610402669075,https://www.ndiscommission.gov.au/provider-registration/find-registered-provider
disability_company,Pty Ltd / Pty Limited with core disability registration groups,LIFE ASPECTS SUPPORT SERVICES,Life Aspects Proprietary Limited,31668875349,"DESERT SPRINGS, NT, 0870, AU",https://www.lifeaspects.com.au,Approved,19 August 2027,"Accommodation/Tenancy; Assist Access/Maintain Employ; Assist Personal Activities High; Assist-Life Stage, Transition; Assist-Personal Activities; Assist-Travel/Transport; Behaviour Support; Community Nursing Care; Daily Tasks/Shared Living; Development-Life Skills; Early Childhood Supports; Group/Centre Activities; Household Tasks; Innov Community Participation; Participate Community; Spec Support Employ; Support Coordination; Supported Independent Living; Therapeutic Supports",yes,,,,,https://www.ndiscommission.gov.au/provider-registration/find-registered-provider
disability_company,Pty Ltd / Pty Limited with core disability registration groups,LIFE HAVEN CARE GROUP PTY LTD,Life Haven Care Group Pty Ltd,20666046251,"GILLEN, NT, 0870, AU",https://www.lifehavencaregroup.com.au,Approved,19 June 2028,Assist-Personal Activities; Assist-Travel/Transport; Community Nursing Care; Daily Tasks/Shared Living; Development-Life Skills; Group/Centre Activities; Household Tasks; Participate Community; Supported Independent Living,yes,,LIFE HAVEN CARE GROUP PTY LTD,,+610439863949,https://www.ndiscommission.gov.au/provider-registration/find-registered-provider
disability_company,Pty Ltd / Pty Limited with core disability registration groups,LIFE IMPROVEMENTS PTY LTD,Life Improvements Pty Ltd,85687555353,"SADADEEN, NT, 0870, AU",,Approved,05 November 2028,"Accommodation/Tenancy; Assist Access/Maintain Employ; Assist-Life Stage, Transition; Assist-Personal Activities; Assist-Travel/Transport; Community Nursing Care; Daily Tasks/Shared Living; Development-Life Skills; Group/Centre Activities; Household Tasks; Innov Community Participation; Participate Community; Spec Support Employ; Supported Independent Living",yes,,Life Improvements Pty Ltd,,+610455428604,https://www.ndiscommission.gov.au/provider-registration/find-registered-provider
disability_company,Pty Ltd / Pty Limited with core disability registration groups,Life is Ok Support Services,LIFE IS OK PTY LTD,32653007713,"WANGURI, NT, 0810, AU",https://lifeisok.com.au/,Approved,24 October 2028,"Accommodation/Tenancy; Assist Access/Maintain Employ; Assist Personal Activities High; Assist Prod-Pers Care/Safety; Assist-Life Stage, Transition; Assist-Personal Activities; Assist-Travel/Transport; Assistive Equip-Recreation; Assistive Prod-Household Task; Comms & Info Equipment; Community Nursing Care; Daily Tasks/Shared Living; Development-Life Skills; Group/Centre Activities; Hearing Equipment; Household Tasks; Innov Community Participation; Participate Community; Personal Mobility Equipment; Spec Support Employ; Specialised Disability Accommodation; Support Coordination; Supported Independent Living; Vision Equipment",yes,,"Wulagi House, 51 Rosella Crescent, WULAGI, NT, 0812, AU",,,https://www.ndiscommission.gov.au/provider-registration/find-registered-provider
disability_company,Pty Ltd / Pty Limited with core disability registration groups,Limitless Disability Support Services Pty Ltd,Limitless Disability Support Services Pty Ltd,58662140132,"SADADEEN, NT, 0870, AU",https://limitlesssupportservices.com.auu,Approved,17 September 2027,"Accommodation/Tenancy; Assist Access/Maintain Employ; Assist Personal Activities High; Assist-Life Stage, Transition; Assist-Personal Activities; Assist-Travel/Transport; Community Nursing Care; Daily Tasks/Shared Living; Development-Life Skills; Group/Centre Activities; Household Tasks; Innov Community Participation; Participate Community; Supported Independent Living",yes,,Limitless Support and Infinite Services,,+610492305924,https://www.ndiscommission.gov.au/provider-registration/find-registered-provider
disability_company,Pty Ltd / Pty Limited with core disability registration groups,Limitlesspath Services Pty Ltd,Limitlesspath Services Pty Ltd,90666950590,"BRAITLING, NT, 0870, AU",,Approved,30 July 2028,"Assist-Life Stage, Transition; Assist-Personal Activities; Assist-Travel/Transport; Community Nursing Care; Daily Tasks/Shared Living; Development-Life Skills; Group/Centre Activities; Household Tasks; Participate Community; Supported Independent Living",yes,,Limitlesspath Services Pty Ltd,,,https://www.ndiscommission.gov.au/provider-registration/find-registered-provider
disability_company,Pty Ltd / Pty Limited with core disability registration groups,MANAPANMIRR SOLUTIONS PTY LTD,Manapanmirr Solutions Pty Ltd,76680221470,"GAPUWIYAK, NT, 0880, AU",,Approved,22 September 2028,"Accommodation/Tenancy; Assist Access/Maintain Employ; Assist-Life Stage, Transition; Assist-Personal Activities; Assist-Travel/Transport; Daily Tasks/Shared Living; Development-Life Skills; Group/Centre Activities; Household Tasks; Innov Community Participation; Participate Community; Spec Support Employ; Specialised Disability Accommodation; Support Coordination; Supported Independent Living",yes,,,,,https://www.ndiscommission.gov.au/provider-registration/find-registered-provider
disability_company,Pty Ltd / Pty Limited with core disability registration groups,Mercy Exerters,Mercy Exerters Pty Ltd,76657449600,"ALICE SPRINGS, NT, 0870, AU",https://www.mercyexerters.com,Approved,15 May 2027,"Assist Access/Maintain Employ; Assist-Life Stage, Transition; Assist-Personal Activities; Assist-Travel/Transport; Daily Tasks/Shared Living; Development-Life Skills; Group/Centre Activities; Household Tasks; Innov Community Participation; Participate Community; Supported Independent Living",yes,,Mercy Exerters Pty Ltd,,+610431042518,https://www.ndiscommission.gov.au/provider-registration/find-registered-provider
disability_company,Pty Ltd / Pty Limited with core disability registration groups,MGM HEALTHCARE PTY LTD,MGM HEALTHCARE PTY LTD,17635230581,"MUIRHEAD, NT, 0810, AU",https://www.mgmhealthcare.com.au,Approved,01 October 2027,"Accommodation/Tenancy; Assist Access/Maintain Employ; Assist-Life Stage, Transition; Assist-Personal Activities; Assist-Travel/Transport; Daily Tasks/Shared Living; Development-Life Skills; Group/Centre Activities; Household Tasks; Innov Community Participation; Participate Community; Spec Support Employ; Specialised Disability Accommodation; Support Coordination; Supported Independent Living",yes,,"10 Leitch Street, Muirhead NT 0810",,+610879792746,https://www.ndiscommission.gov.au/provider-registration/find-registered-provider
disability_company,Pty Ltd / Pty Limited with core disability registration groups,MINDFUL LIVING SUPPORTS PTY LTD,Mindful Living Supports Pty Ltd,53658356702,"CICCONE, NT, 0870, AU",https://www.mindfullivingsupports.com/,Approved,23 January 2029,Accommodation/Tenancy; Assist Prod-Pers Care/Safety; Assist-Travel/Transport; Household Tasks; Innov Community Participation,yes,,,,,https://www.ndiscommission.gov.au/provider-registration/find-registered-provider
disability_company,Pty Ltd / Pty Limited with core disability registration groups,MULTICARE NURSING SERVICES PTY LTD,Multicare Nursing Services Pty Ltd,53676529052,"GILLEN, NT, 0870, AU",https://multicarenursing.com.au,Approved,19 August 2028,Assist Personal Activities High; Assist-Personal Activities; Assist-Travel/Transport; Community Nursing Care; Daily Tasks/Shared Living; Development-Life Skills; Group/Centre Activities; Household Tasks; Innov Community Participation; Participate Community; Supported Independent Living,yes,,"Multicare Disability Services Pty Ltd, AU",,+61426683621,https://www.ndiscommission.gov.au/provider-registration/find-registered-provider
disability_company,Pty Ltd / Pty Limited with core disability registration groups,MURDOCK AND ASSOCIATES PTY. LTD.,MURDOCK AND ASSOCIATES PTY. LTD.,87139988935,"GILLEN, NT, 0870, AU",https://murdockassociates.com.au,Approved,16 September 2028,Behaviour Support,yes,,Murdock and Associates,,+610401114117,https://www.ndiscommission.gov.au/provider-registration/find-registered-provider
disability_company,Pty Ltd / Pty Limited with core disability registration groups,MY CARE ACCESS,My Care Access Pty Ltd,89668754461,"KILGARIFF, NT, 0873, AU",https://www.mycareaccess.com.au,Approved,11 October 2027,"Assist Access/Maintain Employ; Assist Personal Activities High; Assist-Life Stage, Transition; Assist-Personal Activities; Assist-Travel/Transport; Community Nursing Care; Daily Tasks/Shared Living; Development-Life Skills; Group/Centre Activities; Household Tasks; Innov Community Participation; Participate Community; Support Coordination; Supported Independent Living",yes,,My Care Access | My Care Access Barkly,,+610458861164,https://www.ndiscommission.gov.au/provider-registration/find-registered-provider
disability_company,Pty Ltd / Pty Limited with core disability registration groups,MY LIFE MY CHOICE NT,My Life My Choice Darwin Pty Ltd,68645871861,"WOOLNER, NT, 0820, AU",https://mylifemychoice.com.au/,Approved,08 September 2028,"Accommodation/Tenancy; Assist Access/Maintain Employ; Assist Personal Activities High; Assist-Life Stage, Transition; Assist-Personal Activities; Assist-Travel/Transport; Community Nursing Care; Daily Tasks/Shared Living; Development-Life Skills; Group/Centre Activities; Household Tasks; Innov Community Participation; Participate Community; Supported Independent Living",yes,,"My Life My Choice NT, Unit 23, 16 Charlton Court, WOOLNER, NT, 0820, AU",,+610470044530,https://www.ndiscommission.gov.au/provider-registration/find-registered-provider
disability_company,Pty Ltd / Pty Limited with core disability registration groups,My Voice Pty Ltd,MY VOICE PTY. LIMITED,16150368237,"GOSFORD, NSW, 2250, AU",https://www.myvoice.net.au,Approved,05 September 2026,"Assist Personal Activities High; Assist-Life Stage, Transition; Assist-Personal Activities; Behaviour Support; Daily Tasks/Shared Living; Development-Life Skills; Early Childhood Supports; Household Tasks; Innov Community Participation; Participate Community; Plan Management; Support Coordination; Supported Independent Living; Therapeutic Supports",yes,,"My Voice Central Desert, Unit 1, 4 Kennett Court, CICCONE, NT, 0870, AU | My Voice Central Desert Community, 5 O'Grady Crescent, GILLEN, NT, 0870, AU",,+610439694381,https://www.ndiscommission.gov.au/provider-registration/find-registered-provider
disability_company,Pty Ltd / Pty Limited with core disability registration groups,MYCARE DISABILITY SUPPORT SERVICES PTY LTD,Mycare Disability Support Services Pty Ltd,47669096977,"GILLEN, NT, 0870, AU",https://www.mycaredss.com/,Approved,12 June 2027,"Assist Access/Maintain Employ; Assist-Life Stage, Transition; Assist-Personal Activities; Assist-Travel/Transport; Daily Tasks/Shared Living; Development-Life Skills; Group/Centre Activities; Household Tasks; Innov Community Participation; Participate Community; Supported Independent Living",yes,,"MYCARE DISABILITY SUPPORT SERVICES PTY LTD, AU",,+610431921569,https://www.ndiscommission.gov.au/provider-registration/find-registered-provider
disability_company,Pty Ltd / Pty Limited with core disability registration groups,NAATH DISABILITY SERVICES PTY LTD,Naath Disability Services Pty Ltd,89688074197,"GILLEN, NT, 0870, AU",,Approved,23 September 2028,Assist-Personal Activities; Assist-Travel/Transport; Daily Tasks/Shared Living; Development-Life Skills; Group/Centre Activities; Household Tasks; Innov Community Participation; Participate Community; Supported Independent Living,yes,,NAATH Disability Services Pty Ltd,,+610401269151,https://www.ndiscommission.gov.au/provider-registration/find-registered-provider
disability_company,Pty Ltd / Pty Limited with core disability registration groups,NADSCARE PTY LTD,NADSCARE PTY LTD,34645229367,"TENNANT CREEK, NT, 0860, AU",,Approved,11 July 2027,"Accommodation/Tenancy; Assist-Life Stage, Transition; Assist-Personal Activities; Assist-Travel/Transport; Daily Tasks/Shared Living; Group/Centre Activities; Household Tasks; Participate Community; Spec Support Employ; Support Coordination; Supported Independent Living",yes,,,,,https://www.ndiscommission.gov.au/provider-registration/find-registered-provider
disability_company,Pty Ltd / Pty Limited with core disability registration groups,NAJMA CRYSTAL DISABILITY SERVICES PTY LTD,NAJMA CRYSTAL DISABILITY SERVICES PTY LTD,69645794985,"HOPPERS CROSSING, VIC, 3029, AU",,Approved,25 June 2027,"Accommodation/Tenancy; Assist-Life Stage, Transition; Assist-Personal Activities; Daily Tasks/Shared Living; Development-Life Skills; Household Tasks; Participate Community; Support Coordination; Supported Independent Living; Therapeutic Supports",yes,,NT branch,,+610413951904,https://www.ndiscommission.gov.au/provider-registration/find-registered-provider
disability_company,Pty Ltd / Pty Limited with core disability registration groups,NEEDS CARE PTY LTD.,Needs Care Pty Ltd.,16667364114,"WANGURI, NT, 0810, AU",https://needscare.com.au,Approved,26 September 2027,"Assist-Life Stage, Transition; Assist-Personal Activities; Assist-Travel/Transport; Community Nursing Care; Daily Tasks/Shared Living; Development-Life Skills; Group/Centre Activities; Household Tasks; Innov Community Participation; Participate Community; Supported Independent Living",yes,,Needs Care,,+610490540602,https://www.ndiscommission.gov.au/provider-registration/find-registered-provider
disability_company,Pty Ltd / Pty Limited with core disability registration groups,NORTHERN AUSTRALIA COMMUNITY SERVICES,Northern Australia Health & Support Pty Ltd.,90655868170,"ARALUEN, NT, 0870, AU",,Approved,17 July 2027,"Assist Access/Maintain Employ; Assist Prod-Pers Care/Safety; Assist-Life Stage, Transition; Assist-Personal Activities; Daily Tasks/Shared Living; Development-Life Skills; Group/Centre Activities; Household Tasks; Innov Community Participation; Participate Community; Spec Support Employ; Supported Independent Living",yes,,NORTHERN AUSTRALIA COMMUNITY SERVICES,,+610424275004,https://www.ndiscommission.gov.au/provider-registration/find-registered-provider
disability_company,Pty Ltd / Pty Limited with core disability registration groups,NT RESPITE CARE PLUS,NT RESPITE CARE PLUS PTY LTD,48626377053,"KATHERINE EAST, NT, 0850, AU",https://62 Martin Terrace,Approved,23 December 2027,"Accommodation/Tenancy; Assist Access/Maintain Employ; Assist Personal Activities High; Assist-Life Stage, Transition; Assist-Personal Activities; Assist-Travel/Transport; Daily Tasks/Shared Living; Development-Life Skills; Group/Centre Activities; Household Tasks; Innov Community Participation; Participate Community; Supported Independent Living",yes,,,,,https://www.ndiscommission.gov.au/provider-registration/find-registered-provider
disability_company,Pty Ltd / Pty Limited with core disability registration groups,OPERO CUSTODIAN HEALTHCARE SERVICES PTY LTD,OPERO CUSTODIAN HEALTHCARE SERVICES PTY LTD,59655051086,"GILLEN, NT, 0870, AU",,Approved,07 March 2027,Assist Personal Activities High; Assist-Personal Activities; Assist-Travel/Transport; Assistance Animals; Community Nursing Care; Daily Tasks/Shared Living; Development-Life Skills; Group/Centre Activities; Household Tasks; Innov Community Participation; Participate Community; Specialised Disability Accommodation; Supported Independent Living,yes,,Opero Custodian Healthcare Services,,+610455324110,https://www.ndiscommission.gov.au/provider-registration/find-registered-provider
disability_company,Pty Ltd / Pty Limited with core disability registration groups,OPTIONS HEALTH SERVICES PTY LIMITED,OPTIONS HEALTH SERVICES PTY LIMITED,59656222794,"BERRIMAH, NT, 0828, AU",https://www.optiosnhealth.com.au,Approved,28 February 2027,"Accommodation/Tenancy; Assist Personal Activities High; Assist-Life Stage, Transition; Assist-Personal Activities; Assist-Travel/Transport; Behaviour Support; Community Nursing Care; Daily Tasks/Shared Living; Group/Centre Activities; Participate Community; Support Coordination; Supported Independent Living",yes,,,,,https://www.ndiscommission.gov.au/provider-registration/find-registered-provider
disability_company,Pty Ltd / Pty Limited with core disability registration groups,OUTBACK ABILITY COMMUNITY SERVICES,Outback Ability Community Services Pty Ltd,85688527353,"KILGARIFF, NT, 0873, AU",https://www.outbackabilitycommunityservices.com.au,Approved,14 November 2028,"Accommodation/Tenancy; Assist Access/Maintain Employ; Assist-Life Stage, Transition; Assist-Personal Activities; Assist-Travel/Transport; Daily Tasks/Shared Living; Development-Life Skills; Group/Centre Activities; Household Tasks; Innov Community Participation; Participate Community; Supported Independent Living",yes,,,,,https://www.ndiscommission.gov.au/provider-registration/find-registered-provider
disability_company,Pty Ltd / Pty Limited with core disability registration groups,Outback Inclusive Care,Outback Inclusive Care Pty Ltd,81653769414,"THE GAP, NT, 0870, AU",https://outbackinclusivecare.com.au,Approved,19 June 2028,"Assist Personal Activities High; Assist-Life Stage, Transition; Assist-Personal Activities; Assist-Travel/Transport; Community Nursing Care; Daily Tasks/Shared Living; Group/Centre Activities; Household Tasks; Innov Community Participation; Participate Community; Supported Independent Living",yes,,"Main Office, Unit 2, 5 Echunpa Street, THE GAP, NT, 0870, AU",,+610448385880,https://www.ndiscommission.gov.au/provider-registration/find-registered-provider
disability_company,Pty Ltd / Pty Limited with core disability registration groups,OXALIS COMMUNITY SERVICES PTY LTD,Oxalis Community Services Pty Ltd,56679402567,"JOHNSTON, NT, 0832, AU",https://oxaliscommunityservices.com.au/,Approved,23 September 2028,"Accommodation/Tenancy; Assist Personal Activities High; Assist-Life Stage, Transition; Assist-Personal Activities; Assist-Travel/Transport; Community Nursing Care; Daily Tasks/Shared Living; Development-Life Skills; Group/Centre Activities; Household Tasks; Innov Community Participation; Participate Community; Supported Independent Living",yes,,,,,https://www.ndiscommission.gov.au/provider-registration/find-registered-provider
disability_company,Pty Ltd / Pty Limited with core disability registration groups,Petia Investments Pty Ltd,Petia Investments Pty Ltd,82651448752,"DESERT SPRINGS, NT, 0870, AU",https://adminkpservices.com.au,Approved,01 October 2028,"Assist Access/Maintain Employ; Assist Personal Activities High; Assist-Life Stage, Transition; Assist-Personal Activities; Assist-Travel/Transport; Daily Tasks/Shared Living; Development-Life Skills; Group/Centre Activities; Household Tasks; Innov Community Participation; Participate Community; Supported Independent Living",yes,,"Petia Investments Pty Ltd, AU",,,https://www.ndiscommission.gov.au/provider-registration/find-registered-provider
disability_company,Pty Ltd / Pty Limited with core disability registration groups,PLAN HERO,PLAN HERO PTY LTD,43641197659,"DOVER HEIGHTS, NSW, 2030, AU",https://www.planhero.com.au,Approved,09 July 2027,Accommodation/Tenancy; Innov Community Participation; Plan Management,yes,,Plan Hero Plan Managers - NT,,+611300599770,https://www.ndiscommission.gov.au/provider-registration/find-registered-provider
disability_company,Pty Ltd / Pty Limited with core disability registration groups,Positive Psychology Group PTY LTD Trading as Ian Nussey Psychology,The trustee for The Nussey Family Trust,93511514201,"MIAMI, QLD, 4220, AU",https://www.inp.net.au,Approved,25 November 2027,Behaviour Support; Therapeutic Supports,yes,,"regional and remote QLD, NSW and NT, 2190 Gold Coast Highway, MIAMI, QLD, 4220, AU",,+610409722063,https://www.ndiscommission.gov.au/provider-registration/find-registered-provider
disability_company,Pty Ltd / Pty Limited with core disability registration groups,PRIME LINK CARE PTY LTD,Prime Link Care Pty Ltd,11664687932,"DURACK, NT, 0830, AU",https://primelinkcare.com.au/services/,Approved,27 October 2028,"Assist Access/Maintain Employ; Assist-Life Stage, Transition; Assist-Personal Activities; Daily Tasks/Shared Living; Group/Centre Activities; Household Tasks; Participate Community; Support Coordination; Supported Independent Living",yes,,"Primelink Care Services, AU",,+610473047582,https://www.ndiscommission.gov.au/provider-registration/find-registered-provider
disability_company,Pty Ltd / Pty Limited with core disability registration groups,PRIME OPTIONS PTY LTD,Prime Options Pty Ltd,98670261873,"ZUCCOLI, NT, 0832, AU",,Approved,04 November 2027,"Assist Access/Maintain Employ; Assist Personal Activities High; Assist-Life Stage, Transition; Assist-Personal Activities; Assist-Travel/Transport; Community Nursing Care; Daily Tasks/Shared Living; Development-Life Skills; Group/Centre Activities; Household Tasks; Innov Community Participation; Participate Community; Spec Support Employ; Supported Independent Living",yes,,"Prime Options Pty Ltd, AU",,+610401277715,https://www.ndiscommission.gov.au/provider-registration/find-registered-provider
disability_company,Pty Ltd / Pty Limited with core disability registration groups,QSSS,Queensland Support Services & Solutions Pty Ltd,49138916622,"MAUDSLAND, QLD, 4210, AU",https://www.qsss.com.au,Approved,23 December 2027,Assist Personal Activities High; Assist-Personal Activities; Daily Tasks/Shared Living; Development-Life Skills; Household Tasks; Innov Community Participation; Participate Community; Supported Independent Living,yes,,QSSS Northern Territory,,+611300378777,https://www.ndiscommission.gov.au/provider-registration/find-registered-provider
disability_company,Pty Ltd / Pty Limited with core disability registration groups,REGIONAL & REMOTE DISABILITY SERVICES,REGIONAL & REMOTE DISABILITY SERVICES PTY LTD,23646302061,"KATHERINE, NT, 0850, AU",https://www.rnrsupport.com.au,Approved,26 March 2025,"Accommodation/Tenancy; Assist Prod-Pers Care/Safety; Assist-Life Stage, Transition; Assist-Travel/Transport; Innov Community Participation; Participate Community; Support Coordination",yes,,"NT Regional & Remote Disability Services, 111 Giles Street, KATHERINE, NT, 0850, AU | Regional & Remote Disability Services, 111 Giles Street, KATHERINE, NT, 0850, AU",,+611300920884,https://www.ndiscommission.gov.au/provider-registration/find-registered-provider
disability_company,Pty Ltd / Pty Limited with core disability registration groups,Rotana Health & Wellbeing Pty Ltd,Rotana Health & Wellbeing Pty Ltd,37638386080,"BUNDOORA, VIC, 3083, AU",http://rotanacare.com.au/,Approved,11 June 2028,"Assist Access/Maintain Employ; Assist Personal Activities High; Assist-Life Stage, Transition; Assist-Personal Activities; Assist-Travel/Transport; Community Nursing Care; Daily Tasks/Shared Living; Development-Life Skills; Group/Centre Activities; Household Tasks; Innov Community Participation; Participate Community; Supported Independent Living",yes,,"Rotana Tennat Creek, Tennant Creek Hotel, 146 Paterson Street, TENNANT CREEK, NT, 0860, AU | Rotana Health & Wellbeing Katherine, 1 Pearce Street, KATHERINE SOUTH, NT, 0850, AU",,+611300768262,https://www.ndiscommission.gov.au/provider-registration/find-registered-provider
disability_company,Pty Ltd / Pty Limited with core disability registration groups,ROYAL HEALTH SERVICES PTY LTD,Royal Health Services Pty Ltd,67673240045,"BERRIMAH, NT, 0828, AU",,Approved,13 August 2027,Assist-Personal Activities; Assist-Travel/Transport; Community Nursing Care; Daily Tasks/Shared Living; Development-Life Skills; Group/Centre Activities; Household Tasks; Innov Community Participation; Participate Community; Spec Support Employ; Supported Independent Living,yes,,"ROYAL HEALTH SERVICES PTY LTD, AU",,,https://www.ndiscommission.gov.au/provider-registration/find-registered-provider
disability_company,Pty Ltd / Pty Limited with core disability registration groups,SAFE AND CARE SERVICES PTY LTD,Safe and Care Services Pty Ltd,29670228369,"MUIRHEAD, NT, 0810, AU",,Approved,30 July 2028,Assist-Personal Activities; Assist-Travel/Transport; Daily Tasks/Shared Living; Development-Life Skills; Group/Centre Activities; Household Tasks; Participate Community; Supported Independent Living,yes,,SAFE AND CARE SERVICES PTY LTD,,,https://www.ndiscommission.gov.au/provider-registration/find-registered-provider
disability_company,Pty Ltd / Pty Limited with core disability registration groups,SAFE SHORE HOME CARE PTY LTD,Safe Shore Home Care Pty Ltd,87673003604,"LARAPINTA, NT, 0875, AU",,Approved,08 November 2027,"Assist Personal Activities High; Assist-Life Stage, Transition; Assist-Personal Activities; Assist-Travel/Transport; Community Nursing Care; Daily Tasks/Shared Living; Development-Life Skills; Group/Centre Activities; Household Tasks; Innov Community Participation; Participate Community; Supported Independent Living",yes,,"Safe Shore Home Care, AU",,+610435306071,https://www.ndiscommission.gov.au/provider-registration/find-registered-provider
disability_company,Pty Ltd / Pty Limited with core disability registration groups,SALTWATER SUPPORT SERVICES PTY LTD,Saltwater Support Services Pty Ltd,41675901621,"ZUCCOLI, NT, 0832, AU",https://saltwatersupportservices.com/services-2,Approved,03 February 2028,Assist Access/Maintain Employ; Assist-Personal Activities; Assist-Travel/Transport; Daily Tasks/Shared Living; Development-Life Skills; Group/Centre Activities; Household Tasks; Innov Community Participation; Participate Community; Supported Independent Living,yes,,"Mobile, AU",,+610401296469,https://www.ndiscommission.gov.au/provider-registration/find-registered-provider
disability_company,Pty Ltd / Pty Limited with core disability registration groups,Secure Care Partners,Kavyanjali Pty Ltd,81670327849,"LARAPINTA, NT, 0875, AU",,Approved,08 November 2027,"Assist Access/Maintain Employ; Assist Personal Activities High; Assist-Life Stage, Transition; Assist-Personal Activities; Assist-Travel/Transport; Community Nursing Care; Daily Tasks/Shared Living; Development-Life Skills; Group/Centre Activities; Household Tasks; Innov Community Participation; Participate Community; Spec Support Employ; Supported Independent Living",yes,,"Secure Care Partners, AU",,,https://www.ndiscommission.gov.au/provider-registration/find-registered-provider
disability_company,Pty Ltd / Pty Limited with core disability registration groups,SEVA COMMUNITY SERVICES,Seva Community Services Pty Ltd.,51676678158,"ZUCCOLI, NT, 0832, AU",https://www.sevacommnunity.com.au,Approved,14 November 2028,"Assist Access/Maintain Employ; Assist-Life Stage, Transition; Assist-Personal Activities; Assist-Travel/Transport; Daily Tasks/Shared Living; Development-Life Skills; Group/Centre Activities; Household Tasks; Innov Community Participation; Participate Community; Spec Support Employ; Supported Independent Living",yes,,Mobile,,+610424104600,https://www.ndiscommission.gov.au/provider-registration/find-registered-provider
disability_company,Pty Ltd / Pty Limited with core disability registration groups,SHALOM BLESSINGS COMMUNITY CARE PTY LTD,Shalom Blessings Community Care Pty Ltd,95672521765,"SADADEEN, NT, 0870, AU",,Approved,02 September 2027,"Accommodation/Tenancy; Assist Access/Maintain Employ; Assist Personal Activities High; Assist-Life Stage, Transition; Assist-Personal Activities; Assist-Travel/Transport; Community Nursing Care; Daily Tasks/Shared Living; Development-Life Skills; Group/Centre Activities; Household Tasks; Innov Community Participation; Participate Community; Specialised Disability Accommodation; Supported Independent Living",yes,,Shalom Blessings community care | Shalom Blessings Community Care,,+610424837710,https://www.ndiscommission.gov.au/provider-registration/find-registered-provider
disability_company,Pty Ltd / Pty Limited with core disability registration groups,Skyring SDA PTY LTD,Skyring Sda Pty Ltd,92670407646,"MILTON, QLD, 4064, AU",https://www.skyringsda.com.au/,Approved,17 June 2027,Specialised Disability Accommodation,yes,,Skyring NT Office,,+611300737274,https://www.ndiscommission.gov.au/provider-registration/find-registered-provider
disability_company,Pty Ltd / Pty Limited with core disability registration groups,STRIVE WITH CARE PTY LTD,Strive with Care Pty Ltd,19667608380,"TRUGANINA, VIC, 3029, AU",https://strivewithcare.com.au,Approved,13 May 2027,"Assist Personal Activities High; Assist-Life Stage, Transition; Assist-Personal Activities; Assist-Travel/Transport; Community Nursing Care; Daily Tasks/Shared Living; Development-Life Skills; Group/Centre Activities; Household Tasks; Innov Community Participation; Participate Community; Support Coordination; Supported Independent Living",yes,,STRIVE WITH CARE PTY LTD-NORTHERN TERRITORY,,+610402175348,https://www.ndiscommission.gov.au/provider-registration/find-registered-provider
disability_company,Pty Ltd / Pty Limited with core disability registration groups,SUNSET CARE SERVICES PTY LTD,Sunset Care Services Pty Ltd,77660802540,"EAST SIDE, NT, 0870, AU",,Approved,22 November 2026,Assist Personal Activities High; Assist-Personal Activities; Assist-Travel/Transport; Community Nursing Care; Daily Tasks/Shared Living; Household Tasks; Supported Independent Living,yes,,"Sunset Care Services PTY LTD, AU | Sunset Care Services, Quest Eight Mile Plains, 1 Clunies Ross Court, EIGHT MILE PLAINS, QLD, 4113, AU",,+611300308953,https://www.ndiscommission.gov.au/provider-registration/find-registered-provider
disability_company,Pty Ltd / Pty Limited with core disability registration groups,SUNSHINE HOUSE RESPITE CARE PTY LTD,SUNSHINE HOUSE RESPITE CARE PTY LTD,38641509417,"KATHERINE, NT, 0850, AU",,Approved,20 January 2028,"Accommodation/Tenancy; Assist-Life Stage, Transition; Assist-Personal Activities; Assist-Travel/Transport; Daily Tasks/Shared Living; Development-Life Skills; Group/Centre Activities; Household Tasks; Innov Community Participation; Participate Community; Supported Independent Living",yes,,"Sunshine House Respite Care, 94 Tokmakoff Road, COSSACK, NT, 0850, AU",,+610428745857,https://www.ndiscommission.gov.au/provider-registration/find-registered-provider
disability_company,Pty Ltd / Pty Limited with core disability registration groups,SUPPORT PATHWAYS DISABILITY SERVICES PTY LTD,Support Pathways Disability Services Pty Ltd,56679773132,"KATHERINE, NT, 0850, AU",https://www.supportpathwaysdisability.com.au,Approved,07 October 2028,"Assist Access/Maintain Employ; Assist-Life Stage, Transition; Assist-Personal Activities; Assist-Travel/Transport; Daily Tasks/Shared Living; Development-Life Skills; Group/Centre Activities; Household Tasks; Participate Community; Supported Independent Living",yes,,Mobile Outlet,,+610469353246,https://www.ndiscommission.gov.au/provider-registration/find-registered-provider
disability_company,Pty Ltd / Pty Limited with core disability registration groups,SURE MERCY COMMUNITY SERVICES,SURE MERCY COMMUNITY SERVICES PTY LTD,13655097082,"LEE POINT, NT, 0810, AU",https://suremercy.com.au,Approved,10 October 2028,"Assist Access/Maintain Employ; Assist-Life Stage, Transition; Assist-Personal Activities; Assist-Travel/Transport; Community Nursing Care; Daily Tasks/Shared Living; Development-Life Skills; Group/Centre Activities; Household Tasks; Innov Community Participation; Participate Community; Support Coordination; Supported Independent Living",yes,,,,,https://www.ndiscommission.gov.au/provider-registration/find-registered-provider
disability_company,Pty Ltd / Pty Limited with core disability registration groups,Territory Care and Support Services,NORTH AUSTRALIA GLOBAL SERVICES PTY LIMITED,29089411389,"BERRIMAH, NT, 0828, AU",https://www.tcass.com.au,Approved,13 January 2028,"Assist Personal Activities High; Assist-Life Stage, Transition; Assist-Personal Activities; Assist-Travel/Transport; Daily Tasks/Shared Living; Development-Life Skills; Group/Centre Activities; Household Tasks; Innov Community Participation; Participate Community; Supported Independent Living",yes,,"Territory Care and Support Services- Alice Springs, 5 Parsons Street, ALICE SPRINGS, NT, 0870, AU | Activity Hub, 794 Stuart Highway, BERRIMAH, NT, 0828, AU",,+610889525609,https://www.ndiscommission.gov.au/provider-registration/find-registered-provider
disability_company,Pty Ltd / Pty Limited with core disability registration groups,Territory Disability Services,Jackson Enterprises Pty Ltd,11119014292,"ALICE SPRINGS, NT, 0870, AU",,Approved,22 March 2025,"Assist Personal Activities High; Assist-Life Stage, Transition; Assist-Personal Activities; Community Nursing Care; Household Tasks; Innov Community Participation; Participate Community; Plan Management; Supported Independent Living",yes,,"Territory Disability Services, 119 Gap Road, THE GAP, NT, 0870, AU",,+610889523800,https://www.ndiscommission.gov.au/provider-registration/find-registered-provider
disability_company,Pty Ltd / Pty Limited with core disability registration groups,TERRITORY HEALTH & WELLBEING PTY LTD,Territory Health & Wellbeing Pty Ltd,45690526679,"KATHERINE, NT, 0850, AU",https://territoryhw.com,Approved,11 March 2029,"Accommodation/Tenancy; Assist Access/Maintain Employ; Assist Personal Activities High; Assist-Life Stage, Transition; Assist-Personal Activities; Community Nursing Care; Daily Tasks/Shared Living; Development-Life Skills; Group/Centre Activities; Household Tasks; Innov Community Participation; Participate Community; Supported Independent Living",yes,,"46 Clarke, AU",,+610423511932,https://www.ndiscommission.gov.au/provider-registration/find-registered-provider
disability_company,Pty Ltd / Pty Limited with core disability registration groups,TERRITORY PLUS SUPPORT COORDINATION,Territory Plus Pty Ltd,44669601012,"ZUCCOLI, NT, 0832, AU",https://territoryplus.com.au/,Approved,17 July 2028,"Assist Access/Maintain Employ; Assist-Life Stage, Transition; Assist-Personal Activities; Assist-Travel/Transport; Development-Life Skills; Group/Centre Activities; Household Tasks; Innov Community Participation; Participate Community",yes,,Territory Plus Support Coordination,,+610409499843,https://www.ndiscommission.gov.au/provider-registration/find-registered-provider
disability_company,Pty Ltd / Pty Limited with core disability registration groups,TERRITORY TRUE SUPPORT SERVICES,Territory True Pty Ltd,31651797223,"DURACK, NT, 0830, AU",,Approved,19 September 2028,"Accommodation/Tenancy; Assist Access/Maintain Employ; Assist-Life Stage, Transition; Assist-Personal Activities; Assist-Travel/Transport; Daily Tasks/Shared Living; Development-Life Skills; Group/Centre Activities; Household Tasks; Innov Community Participation; Participate Community; Spec Support Employ; Supported Independent Living",yes,,Territory True Support Services - Physical 3 | Territory True Support Services - Mobile | Territory True Support Services - Physical 1 | Territory True Support Services - Physical 2,,+610403400569,https://www.ndiscommission.gov.au/provider-registration/find-registered-provider
disability_company,Pty Ltd / Pty Limited with core disability registration groups,THE ABLE HUB PTY LTD,THE ABLE HUB PTY LTD,70635819322,"ALICE SPRINGS, NT, 0870, AU",,Approved,05 November 2027,"Assist Personal Activities High; Assist-Life Stage, Transition; Assist-Personal Activities; Assist-Travel/Transport; Community Nursing Care; Daily Tasks/Shared Living; Development-Life Skills; Group/Centre Activities; Household Tasks; Innov Community Participation; Participate Community; Supported Independent Living",yes,,"Gregory Terrace, Shop 6, 8 Gregory Terrace, ALICE SPRINGS, NT, 0870, AU",,+610455364829,https://www.ndiscommission.gov.au/provider-registration/find-registered-provider
disability_company,Pty Ltd / Pty Limited with core disability registration groups,THE GOOD FIGHT COMMUNITY SERVICES PTY LTD,The Good Fight Community Services Pty Ltd,98673557849,"GUNN, NT, 0832, AU",https://www.thegoodfightnt.com.au,Approved,24 November 2028,"Assist-Life Stage, Transition; Assist-Personal Activities; Assist-Travel/Transport; Daily Tasks/Shared Living; Development-Life Skills; Household Tasks; Innov Community Participation; Participate Community; Supported Independent Living",yes,,,,,https://www.ndiscommission.gov.au/provider-registration/find-registered-provider
disability_company,Pty Ltd / Pty Limited with core disability registration groups,TOGETHER FOR BETTER LIVING SERVICES PTY LTD.,Together for Better Living Services Pty Ltd.,70688189148,"BELLAMACK, NT, 0832, AU",,Approved,25 November 2028,"Assist Access/Maintain Employ; Assist-Life Stage, Transition; Assist-Personal Activities; Assist-Travel/Transport; Daily Tasks/Shared Living; Development-Life Skills; Group/Centre Activities; Household Tasks; Innov Community Participation; Participate Community; Spec Support Employ; Supported Independent Living",yes,,Together For Better Living Services Pty Ltd.,,,https://www.ndiscommission.gov.au/provider-registration/find-registered-provider
disability_company,Pty Ltd / Pty Limited with core disability registration groups,TOP CARE COMMUNITY SERVICES PTY LTD,TOP CARE COMMUNITY SERVICES PTY LTD,63643476279,"DURACK, NT, 0830, AU",https://www.topcarecs.com.au,Approved,08 August 2028,"Assist Access/Maintain Employ; Assist-Life Stage, Transition; Assist-Personal Activities; Assist-Travel/Transport; Daily Tasks/Shared Living; Development-Life Skills; Group/Centre Activities; Household Tasks; Innov Community Participation; Participate Community; Support Coordination; Supported Independent Living; Therapeutic Supports",yes,,Top Care Community Services - Alice Springs | Top Care Community Services,,+610458734616,https://www.ndiscommission.gov.au/provider-registration/find-registered-provider
disability_company,Pty Ltd / Pty Limited with core disability registration groups,TOP DISABILITY SERVICES PTY. LTD.,TOP DISABILITY SERVICES PTY. LTD.,99651713245,"LARAPINTA, NT, 0875, AU",https://www.tdsnt.com.au,Approved,02 June 2029,Assist Personal Activities High; Assist-Personal Activities; Assist-Travel/Transport; Daily Tasks/Shared Living; Development-Life Skills; Household Tasks; Participate Community; Supported Independent Living,yes,,,,,https://www.ndiscommission.gov.au/provider-registration/find-registered-provider
disability_company,Pty Ltd / Pty Limited with core disability registration groups,TRIO SUPPORT,BDS SUPPORT PTY LTD,53651155332,"LYONS, NT, 0810, AU",,Approved,08 December 2026,Assist Personal Activities High; Assist-Personal Activities; Assist-Travel/Transport; Community Nursing Care; Daily Tasks/Shared Living; Development-Life Skills; Group/Centre Activities; Household Tasks; Participate Community; Supported Independent Living,yes,,,,,https://www.ndiscommission.gov.au/provider-registration/find-registered-provider
disability_company,Pty Ltd / Pty Limited with core disability registration groups,ULTIMATE CARE COMMUNITY SERVICES PTY LTD,Ultimate Care Community Services Pty Ltd,30673746668,"ZUCCOLI, NT, 0832, AU",https://ultimatecarent.com.au/,Approved,20 February 2029,"Accommodation/Tenancy; Assist Access/Maintain Employ; Assist-Life Stage, Transition; Assist-Personal Activities; Assist-Travel/Transport; Community Nursing Care; Daily Tasks/Shared Living; Development-Life Skills; Group/Centre Activities; Household Tasks; Innov Community Participation; Participate Community; Plan Management; Support Coordination; Supported Independent Living",yes,,Main Office,,+610461524954,https://www.ndiscommission.gov.au/provider-registration/find-registered-provider
disability_company,Pty Ltd / Pty Limited with core disability registration groups,UNITED COMMUNITY PTY LTD,United Community Pty Ltd,20670532457,"ARALUEN, NT, 0870, AU",https://ucadelaide.com,Approved,14 January 2028,"Assist-Life Stage, Transition; Assist-Personal Activities; Assist-Travel/Transport; Daily Tasks/Shared Living; Development-Life Skills; Group/Centre Activities; Household Tasks; Innov Community Participation; Participate Community; Supported Independent Living; Therapeutic Supports",yes,,United Community Pty Ltd | United Community Head Office,,+610431755979,https://www.ndiscommission.gov.au/provider-registration/find-registered-provider
disability_company,Pty Ltd / Pty Limited with core disability registration groups,VALUE CARE COMMUNITY SUPPORT SERVICES PTY LTD.,Value Care Community Support Services Pty Ltd.,92668108003,"ZUCCOLI, NT, 0832, AU",https://valuecarecommunitysupportservices.com.au,Approved,17 October 2027,"Assist Access/Maintain Employ; Assist Personal Activities High; Assist-Life Stage, Transition; Assist-Personal Activities; Assist-Travel/Transport; Community Nursing Care; Daily Tasks/Shared Living; Development-Life Skills; Group/Centre Activities; Household Tasks; Innov Community Participation; Participate Community; Support Coordination; Supported Independent Living",yes,,"Value Care Community Support Services Pty Ltd, AU",,+610479142996,https://www.ndiscommission.gov.au/provider-registration/find-registered-provider
disability_company,Pty Ltd / Pty Limited with core disability registration groups,VALUES AND BELIEFS PTY LTD,Values and Beliefs Pty Ltd,70656500668,"KATHERINE EAST, NT, 0850, AU",,Approved,21 March 2027,"Assist Access/Maintain Employ; Assist Personal Activities High; Assist-Life Stage, Transition; Assist-Personal Activities; Assist-Travel/Transport; Community Nursing Care; Daily Tasks/Shared Living; Development-Life Skills; Group/Centre Activities; Household Tasks; Participate Community; Supported Independent Living",yes,,VALUES AND BELIEFS PTY LTD,,,https://www.ndiscommission.gov.au/provider-registration/find-registered-provider
disability_company,Pty Ltd / Pty Limited with core disability registration groups,Walk By Faith Pathways,Northern Silk Road Pty Ltd,54668738109,"BERRIMAH, NT, 0828, AU",,Approved,04 December 2028,"Accommodation/Tenancy; Assist Access/Maintain Employ; Assist-Life Stage, Transition; Assist-Personal Activities; Assist-Travel/Transport; Daily Tasks/Shared Living; Development-Life Skills; Group/Centre Activities; Household Tasks; Innov Community Participation; Participate Community; Spec Support Employ; Supported Independent Living",yes,,Walk By Faith Pathways,,+610469422969,https://www.ndiscommission.gov.au/provider-registration/find-registered-provider
disability_company,Pty Ltd / Pty Limited with core disability registration groups,WE CARE APPROACHES,Attoumissa Maillis Pty Ltd,42683740427,"NAKARA, NT, 0810, AU",,Approved,21 August 2028,"Assist-Life Stage, Transition; Assist-Personal Activities; Assist-Travel/Transport; Daily Tasks/Shared Living; Development-Life Skills; Group/Centre Activities; Household Tasks; Participate Community; Supported Independent Living",yes,,Attoumissa Maillis Pty Ltd,,+610424646387,https://www.ndiscommission.gov.au/provider-registration/find-registered-provider
disability_company,Pty Ltd / Pty Limited with core disability registration groups,WE CARE FOR YOU DISABILITY SERVICES PTY LTD,We Care for You Disability Services Pty Ltd,62680503799,"TENNANT CREEK, NT, 0860, AU",https://wecareforyou.org.au/,Approved,04 June 2028,"Assist Personal Activities High; Assist-Life Stage, Transition; Assist-Personal Activities; Community Nursing Care; Daily Tasks/Shared Living; Development-Life Skills; Group/Centre Activities; Household Tasks; Innov Community Participation; Participate Community; Specialised Disability Accommodation; Support Coordination; Supported Independent Living",yes,,WE CARE FOR YOU DISABILITY SERVICES,,,https://www.ndiscommission.gov.au/provider-registration/find-registered-provider
disability_company,Pty Ltd / Pty Limited with core disability registration groups,WEKARE DISABILITY SUPPORT GROUP PTY LTD.,WEKARE DISABILITY SUPPORT GROUP PTY LTD.,58641913260,"BROADFORD, VIC, 3658, AU",https://www.wekaredisability.com.au,Approved,15 November 2027,"Assist Personal Activities High; Assist-Life Stage, Transition; Assist-Personal Activities; Assist-Travel/Transport; Behaviour Support; Community Nursing Care; Daily Tasks/Shared Living; Development-Life Skills; Early Childhood Supports; Group/Centre Activities; Household Tasks; Innov Community Participation; Participate Community; Plan Management; Spec Support Employ; Specialised Disability Accommodation; Support Coordination; Supported Independent Living; Therapeutic Supports",yes,,"Wekare Disability Support Group Pty Ltd, 70 Todd Street, ALICE SPRINGS, NT, 0870, AU | Alice Spring, 70 Todd Street, ALICE SPRINGS, NT, 0870, AU",,+610435748227,https://www.ndiscommission.gov.au/provider-registration/find-registered-provider
disability_company,Pty Ltd / Pty Limited with core disability registration groups,WELFARE CONNECTIONS AUSTRALIA PTY LTD,Welfare Connections Australia Pty Ltd,51683661903,"BERRIMAH, NT, 0828, AU",https://www.welfareconnections.com.au,Approved,25 August 2028,Assist-Personal Activities; Assist-Travel/Transport; Daily Tasks/Shared Living; Development-Life Skills; Group/Centre Activities; Household Tasks; Participate Community; Supported Independent Living,yes,,Welfare Connections Australia Pty Ltd,,+610422984322,https://www.ndiscommission.gov.au/provider-registration/find-registered-provider
disability_company,Pty Ltd / Pty Limited with core disability registration groups,WINGS COMMUNITY SERVICES PTY LTD,Wings Community Services Pty Ltd,26670981683,"GREENBANK, QLD, 4124, AU",https://www.wingscommunityservices.com.au,Approved,22 October 2027,"Assist Access/Maintain Employ; Assist Personal Activities High; Assist-Life Stage, Transition; Assist-Personal Activities; Assist-Travel/Transport; Daily Tasks/Shared Living; Development-Life Skills; Group/Centre Activities; Household Tasks; Innov Community Participation; Participate Community; Supported Independent Living",yes,,"Wings Community Services, Unit 9, 111 Cromwell Drive, DESERT SPRINGS, NT, 0870, AU",,+610450317935,https://www.ndiscommission.gov.au/provider-registration/find-registered-provider
disability_company,Pty Ltd / Pty Limited with core disability registration groups,Xtremecare Australia Healthcare Service Pty Ltd,The trustee for TATIPATA FAMILY TRUST,97890960021,"OXENFORD, QLD, 4210, AU",https://www.xtremecareaustralia.com.au,Approved,21 October 2027,"Assist-Life Stage, Transition; Assist-Travel/Transport; Development-Life Skills; Plan Management; Therapeutic Supports",yes,,Xtremecare Australia Plan Management (NT),,+610755146500,https://www.ndiscommission.gov.au/provider-registration/find-registered-provider
disability_company,Pty Ltd / Pty Limited with core disability registration groups,YOUR RIGHTS FIRST COMMUNITY SERVICES PTY LTD,Your Rights First Community Services Pty Ltd,38686553177,"LYONS, NT, 0810, AU",https://www.yorf.com.au,Approved,20 October 2028,"Assist-Life Stage, Transition; Assist-Personal Activities; Assist-Travel/Transport; Community Nursing Care; Daily Tasks/Shared Living; Development-Life Skills; Household Tasks; Innov Community Participation; Participate Community; Support Coordination; Supported Independent Living",yes,,,,,https://www.ndiscommission.gov.au/provider-registration/find-registered-provider
disability_company,Pty Ltd / Pty Limited with core disability registration groups,ZENITH LIVING PTY LTD,ZENITH LIVING PTY LTD,22652695915,"BRAITLING, NT, 0870, AU",,Approved,23 January 2027,"Accommodation/Tenancy; Assist-Life Stage, Transition; Assist-Personal Activities; Assist-Travel/Transport; Daily Tasks/Shared Living; Development-Life Skills; Group/Centre Activities; Household Tasks; Innov Community Participation; Participate Community; Support Coordination; Supported Independent Living",yes,,,,,https://www.ndiscommission.gov.au/provider-registration/find-registered-provider
nonprofit,Ltd / Limited without Pty and core disability groups — usually limited by guarantee,Anglicare N.T.,ANGLICARE N.T. LTD.,76605552494,"WINNELLIE, NT, 0820, AU",https://www.anglicare-nt.org.au/,Approved,18 March 2028,Assist-Personal Activities; Assist-Travel/Transport; Daily Tasks/Shared Living; Group/Centre Activities; Household Tasks; Participate Community; Plan Management; Support Coordination; Supported Independent Living,yes,yes,Anglicare NT Darwin | Anglicare NT Nhulunbuy | Anglicare NT Katherine,Anglicare NT Darwin | Anglicare NT Nhulunbuy | Anglicare NT Katherine,+610889850000,https://www.ndiscommission.gov.au/provider-registration/find-registered-provider
nonprofit,Ltd / Limited without Pty and core disability groups — usually limited by guarantee,Australian Regional And Remote Community Services,AUSTRALIAN REGIONAL AND REMOTE COMMUNITY SERVICES LIMITED,88167926132,"TIWI, NT, 0810, AU",https://www.arrcs.org.au,Approved,29 November 2027,Assist Personal Activities High; Daily Tasks/Shared Living,yes,yes,Juninga Centre | Rocky Ridge Nursing Home | Terrace Gardens | Old Timers Village | Mutitjulu Community Care | Hetti Perkins Home for the Aged | Katherine Hostel | Tjilpi Pampaku Ngura and Community Care,Juninga Centre | Rocky Ridge Nursing Home | Terrace Gardens | Old Timers Village | Mutitjulu Community Care | Hetti Perkins Home for the Aged | Katherine Hostel | Tjilpi Pampaku Ngura and Community Care,+610889480442,https://www.ndiscommission.gov.au/provider-registration/find-registered-provider
nonprofit,"Legal form looks like a non-profit (Inc, Association, Foundation, Aboriginal Corporation, etc.)",Autism NT,AUTISM NORTHERN TERRITORY INC,26642635242,"PALMERSTON CITY, NT, 0830, AU",https://autismnt.org.au,Approved,14 November 2027,"Assist Access/Maintain Employ; Assist-Life Stage, Transition; Development-Life Skills; Group/Centre Activities; Household Tasks; Innov Community Participation; Participate Community",yes,yes,AUTISM NORTHERN TERRITORY INC,AUTISM NORTHERN TERRITORY INC,+610889484424,https://www.ndiscommission.gov.au/provider-registration/find-registered-provider
nonprofit,Ltd / Limited without Pty and core disability groups — usually limited by guarantee,Carers NT,CARERS N.T. Limited,13084010362,"TIWI, NT, 0810, AU",https://www.carersnt.asn.au,Approved,18 March 2027,"Assist Personal Activities High; Assist-Life Stage, Transition; Assist-Personal Activities; Assist-Travel/Transport; Daily Tasks/Shared Living; Development-Life Skills; Group/Centre Activities; Household Tasks; Participate Community; Support Coordination; Supported Independent Living",yes,yes,"AISA ST SIL HOUSE, AU","AISA ST SIL HOUSE, AU",+610436398106,https://www.ndiscommission.gov.au/provider-registration/find-registered-provider
nonprofit,Ltd / Limited without Pty and core disability groups — usually limited by guarantee,Carpentaria Disability Services Ltd.,CARPENTARIA DISABILITY SERVICES LTD,85940440965,"TIWI, NT, 0810, AU",https://www.carpentaria.org.au,Approved,27 August 2028,"Assist Access/Maintain Employ; Assist Personal Activities High; Assist Prod-Pers Care/Safety; Assist-Life Stage, Transition; Assist-Personal Activities; Assist-Travel/Transport; Behaviour Support; Comms & Info Equipment; Community Nursing Care; Daily Tasks/Shared Living; Development-Life Skills; Early Childhood Supports; Group/Centre Activities; Household Tasks; Innov Community Participation; Participate Community; Specialised Disability Accommodation; Support Coordination; Supported Independent Living; Therapeutic Supports",yes,yes,"The Links 13 SIL, AU | Irlpme 2 SIL, 2 Irlpme Court, LARAPINTA, NT, 0875, AU | Macassar 23 SDA, 23 Macassar Street, WAGAMAN, NT, 0810, AU | Carpentaria  Head Office, 1 Willeroo Street, TIWI, NT, 0810, AU | Dawarra 24 SIL, AU","The Links 13 SIL, AU | Irlpme 2 SIL, 2 Irlpme Court, LARAPINTA, NT, 0875, AU | Macassar 23 SDA, 23 Macassar Street, WAGAMAN, NT, 0810, AU | Carpentaria  Head Office, 1 Willeroo Street, TIWI, NT, 0810, AU | Dawarra 24 SIL, AU",+6189209400,https://www.ndiscommission.gov.au/provider-registration/find-registered-provider
nonprofit,Ltd / Limited without Pty and core disability groups — usually limited by guarantee,CASPA SERVICES LTD.,CASPA SERVICES LTD.,78263985795,"WINNELLIE, NT, 0820, AU",https://www.caspa.org.au,Approved,29 October 2027,"Accommodation/Tenancy; Assist Access/Maintain Employ; Assist-Life Stage, Transition; Assist-Personal Activities; Behaviour Support; Daily Tasks/Shared Living; Development-Life Skills; Group/Centre Activities; Household Tasks; Innov Community Participation; Participate Community; Support Coordination; Supported Independent Living; Therapeutic Supports",yes,yes,"CASPA Services Ltd. Coffs Harbour Office, AU | CASPA Services Ltd., 17 Keen Street, LISMORE, NSW, 2480, AU | CASPA Services - Darwin, AU","CASPA Services Ltd. Coffs Harbour Office, AU | CASPA Services Ltd., 17 Keen Street, LISMORE, NSW, 2480, AU | CASPA Services - Darwin, AU",+610266273700,https://www.ndiscommission.gov.au/provider-registration/find-registered-provider
nonprofit,"Legal form looks like a non-profit (Inc, Association, Foundation, Aboriginal Corporation, etc.)",DARWIN SKILLS DEVELOPMENT SCHEMEINCORPORATED,DARWIN SKILLS DEVELOPMENT SCHEME INC,45232040478,"COCONUT GROVE, NT, 0810, AU",https://www.dsds.org.au,Approved,11 September 2026,"Assist Access/Maintain Employ; Assist-Life Stage, Transition; Assist-Travel/Transport; Development-Life Skills; Group/Centre Activities; Innov Community Participation; Participate Community; Spec Support Employ",yes,yes,Darwin Skills Development Scheme Inc,Darwin Skills Development Scheme Inc,+610889489999,https://www.ndiscommission.gov.au/provider-registration/find-registered-provider
nonprofit,Ltd / Limited without Pty and core disability groups — usually limited by guarantee,Ermha Ltd,Ermha Limited,38834458211,"DANDENONG SOUTH, VIC, 3175, AU",https://www.ermha.org,Approved,15 October 2027,"Assist Personal Activities High; Assist-Life Stage, Transition; Assist-Personal Activities; Assist-Travel/Transport; Behaviour Support; Daily Tasks/Shared Living; Development-Life Skills; Group/Centre Activities; Household Tasks; Innov Community Participation; Participate Community; Support Coordination; Supported Independent Living; Therapeutic Supports",yes,yes,"Darwin Head office, 71 McMinn Street, DARWIN CITY, NT, 0800, AU","Darwin Head office, 71 McMinn Street, DARWIN CITY, NT, 0800, AU",+610395480377,https://www.ndiscommission.gov.au/provider-registration/find-registered-provider
nonprofit,"Legal form looks like a non-profit (Inc, Association, Foundation, Aboriginal Corporation, etc.)",HPA Incorporated,HPA INCORPORATED,13506264631,"WINNELLIE, NT, 0820, AU",https://www.helpingpeopleachieve.com.au,Approved,28 October 2028,Accommodation/Tenancy; Assist Access/Maintain Employ; Assist Personal Activities High; Assist-Personal Activities; Assist-Travel/Transport; Daily Tasks/Shared Living; Development-Life Skills; Group/Centre Activities; Household Tasks; Innov Community Participation; Participate Community; Spec Support Employ; Specialised Disability Accommodation; Supported Independent Living,yes,yes,"Ausdesigns, 46 Toupein Road, YARRAWONGA, NT, 0830, AU | 44 Farrar Boulevard, 44 Farrar Boulevard, FARRAR, NT, 0830, AU | Kokoda Industries, 6 Jasmine Street, NIGHTCLIFF, NT, 0810, AU","Ausdesigns, 46 Toupein Road, YARRAWONGA, NT, 0830, AU | 44 Farrar Boulevard, 44 Farrar Boulevard, FARRAR, NT, 0830, AU | Kokoda Industries, 6 Jasmine Street, NIGHTCLIFF, NT, 0810, AU",+610889470681,https://www.ndiscommission.gov.au/provider-registration/find-registered-provider
nonprofit,Ltd / Limited without Pty and core disability groups — usually limited by guarantee,INTERACT AUSTRALIA LTD,INTERACT AUSTRALIA (VICTORIA) LIMITED,47072232083,"PRESTON, VIC, 3072, AU",https://www.interact.com.au,Approved,07 March 2028,"Assist Access/Maintain Employ; Assist Personal Activities High; Assist-Life Stage, Transition; Assist-Personal Activities; Assist-Travel/Transport; Community Nursing Care; Daily Tasks/Shared Living; Development-Life Skills; Group/Centre Activities; Household Tasks; Innov Community Participation; Participate Community; Supported Independent Living",yes,yes,"Interact Australia Northern Territory, 66 Smith Street, DARWIN CITY, NT, 0800, AU","Interact Australia Northern Territory, 66 Smith Street, DARWIN CITY, NT, 0800, AU",+611300388873,https://www.ndiscommission.gov.au/provider-registration/find-registered-provider
nonprofit,"Legal form looks like a non-profit (Inc, Association, Foundation, Aboriginal Corporation, etc.)",Kalano Community Association Inc,KALANO COMMUNITY ASSOCIATION INC,17030032930,"KATHERINE, NT, 0851, AU",https://www.kalano.org.au,Approved,25 March 2028,"Accommodation/Tenancy; Assist-Life Stage, Transition; Assist-Personal Activities; Assist-Travel/Transport; Daily Tasks/Shared Living; Development-Life Skills; Group/Centre Activities; Household Tasks; Innov Community Participation; Participate Community; Supported Independent Living",yes,yes,Katherine Supported Independent Living (SIL) House | Katherine Administration Office | Katherine Supported Independent Living (SIL) House 2 | Darwin Supported Independent Living (SIL) House 2,Darwin Supported Independent Living (SIL) House 2,+610429456370,https://www.ndiscommission.gov.au/provider-registration/find-registered-provider
nonprofit,"Legal form looks like a non-profit (Inc, Association, Foundation, Aboriginal Corporation, etc.)",LEADWISE RESEARCH AND SUPPORT INCORPORATED,Leadwise Research and Support Incorporated,42627952082,"PALMERSTON, NT, 0830, AU",https://www.leadwise.org.au,Approved,28 August 2028,"Assist-Life Stage, Transition; Support Coordination",yes,yes,Head Office,Head Office,+610478782904,https://www.ndiscommission.gov.au/provider-registration/find-registered-provider
nonprofit,"Legal form looks like a non-profit (Inc, Association, Foundation, Aboriginal Corporation, etc.)",Makassan Care,UMNT Incorporated,46294019291,"DARWIN CITY, NT, 0800, AU",https://makassancare.com.au/,Approved,26 February 2029,"Assist Access/Maintain Employ; Assist-Life Stage, Transition; Assist-Personal Activities; Assist-Travel/Transport; Daily Tasks/Shared Living; Development-Life Skills; Group/Centre Activities; Household Tasks; Innov Community Participation; Participate Community; Spec Support Employ; Supported Independent Living",yes,yes,Makassan Care,Makassan Care,+610416574828,https://www.ndiscommission.gov.au/provider-registration/find-registered-provider
nonprofit,"Legal form looks like a non-profit (Inc, Association, Foundation, Aboriginal Corporation, etc.)",Mental Illness Fellowship of Australia (NT) Inc,MENTAL ILLNESS FELLOWSHIP OF AUSTRALIA (NT) INC,19010762321,"LUDMILLA, NT, 0820, AU",https://www.mifant.org.au,Approved,11 February 2028,"Assist Access/Maintain Employ; Assist-Life Stage, Transition; Assist-Personal Activities; Assist-Travel/Transport; Daily Tasks/Shared Living; Development-Life Skills; Group/Centre Activities; Innov Community Participation; Participate Community; Therapeutic Supports",yes,yes,Darwin,Darwin,+610889481051,https://www.ndiscommission.gov.au/provider-registration/find-registered-provider
nonprofit,"Legal form looks like a non-profit (Inc, Association, Foundation, Aboriginal Corporation, etc.)",Miwatj Health Aboriginal Corporation,MIWATJ HEALTH ABORIGINAL CORPORATION,96843428729,"DARWIN CITY, NT, 0800, AU",https://miwatj.com.au,Approved,05 November 2027,"Assist-Life Stage, Transition; Assist-Travel/Transport; Daily Tasks/Shared Living; Development-Life Skills; Group/Centre Activities; Participate Community; Support Coordination; Therapeutic Supports",yes,yes,"MIWATJ, 28 Knuckey Street, DARWIN CITY, NT, 0800, AU","MIWATJ, 28 Knuckey Street, DARWIN CITY, NT, 0800, AU",,https://www.ndiscommission.gov.au/provider-registration/find-registered-provider
nonprofit,"Legal form looks like a non-profit (Inc, Association, Foundation, Aboriginal Corporation, etc.)",MJD Foundation Limited,MJD FOUNDATION LIMITED,65159208867,"COCONUT GROVE, NT, 0810, AU",https://www.mjd.org.au,Approved,26 August 2028,"Assist Personal Activities High; Assist Prod-Pers Care/Safety; Assist-Life Stage, Transition; Assist-Personal Activities; Assist-Travel/Transport; Assistive Equip-Recreation; Assistive Prod-Household Task; Comms & Info Equipment; Daily Tasks/Shared Living; Development-Life Skills; Ex Phys Pers Training; Group/Centre Activities; Home Modification; Household Tasks; Innov Community Participation; Interpret/Translate; Participate Community; Personal Mobility Equipment; Plan Management; Support Coordination; Therapeutic Supports",yes,yes,MJDF Groote Office | Groote Eylandt office | MJDF Cairns,MJDF Groote Office | Groote Eylandt office | MJDF Cairns,+611300584122,https://www.ndiscommission.gov.au/provider-registration/find-registered-provider
nonprofit,Ltd / Limited without Pty and core disability groups — usually limited by guarantee,Pathfinders Ltd,Pathfinders Ltd,64146004524,"ARMIDALE, NSW, 2350, AU",https://www.pathfinders.ngo,Approved,19 November 2027,"Accommodation/Tenancy; Assist Access/Maintain Employ; Assist Personal Activities High; Assist-Life Stage, Transition; Assist-Personal Activities; Assist-Travel/Transport; Behaviour Support; Daily Tasks/Shared Living; Development-Life Skills; Early Childhood Supports; Ex Phys Pers Training; Group/Centre Activities; Household Tasks; Innov Community Participation; Participate Community; Plan Management; Specialised Disability Accommodation; Support Coordination; Supported Independent Living; Therapeutic Supports",yes,yes,"Pathfinders Palmerston, Shop 2, 17 University Avenue, PALMERSTON CITY, NT, 0830, AU","Pathfinders Palmerston, Shop 2, 17 University Avenue, PALMERSTON CITY, NT, 0830, AU",+610257759800,https://www.ndiscommission.gov.au/provider-registration/find-registered-provider
nonprofit,"Legal form looks like a non-profit (Inc, Association, Foundation, Aboriginal Corporation, etc.)",Project21,DOWN SYNDROME ASSOCIATION OF NT INC,74662925504,"COCONUT GROVE, NT, 0810, AU",https://downsyndroment.com.au/,Approved,06 March 2028,"Accommodation/Tenancy; Assist Access/Maintain Employ; Assist-Life Stage, Transition; Assist-Personal Activities; Assist-Travel/Transport; Comms & Info Equipment; Development-Life Skills; Group/Centre Activities; Innov Community Participation; Participate Community",yes,yes,"Project21 CDU campus, Charles Darwin University, 7 Ellengowan Drive, BRINKIN, NT, 0810, AU | Project21, Unit 6, 1 Caryota Court, COCONUT GROVE, NT, 0810, AU","Project21 CDU campus, Charles Darwin University, 7 Ellengowan Drive, BRINKIN, NT, 0810, AU | Project21, Unit 6, 1 Caryota Court, COCONUT GROVE, NT, 0810, AU",+610889456222,https://www.ndiscommission.gov.au/provider-registration/find-registered-provider
nonprofit,Ltd / Limited without Pty and core disability groups — usually limited by guarantee,Somerville Community Services Ltd,Somerville Community Services Ltd,62302702903,"WAGAMAN, NT, 0810, AU",https://Somerville.org.au,Approved,04 September 2028,"Accommodation/Tenancy; Assist Personal Activities High; Assist-Life Stage, Transition; Assist-Personal Activities; Daily Tasks/Shared Living; Development-Life Skills; Group/Centre Activities; Household Tasks; Innov Community Participation; Participate Community; Specialised Disability Accommodation; Support Coordination; Supported Independent Living",yes,yes,"Somerville Katherine, 30 First Street, KATHERINE, NT, 0850, AU | 3/16 Bradshaw, Unit 3, 16 Bradshaw Crescent, KATHERINE EAST, NT, 0850, AU | Somerville Head Office, 147 Lee Point Road, WAGAMAN, NT, 0810, AU | Somerville Palmerston, 3 Victoria Dr, GRAY, NT, 0830, AU | 1/82 Todd Street, Alice Springs NT 0870, 82 Todd Street, ALICE SPRINGS, NT, 0870, AU | 1/14 Bradshaw, Unit 1, 14 Bradshaw Crescent, KATHERINE EAST, NT, 0850, AU | 2/14 Bradshaw, Unit 2, 14 Bradshaw Crescent, KATHERINE EAST, NT, 0850, AU | 2/1 Hamdorf, Unit 2, 1 Hamdorf Street, KATHERINE EAST, NT, 0850, AU","Somerville Katherine, 30 First Street, KATHERINE, NT, 0850, AU | 3/16 Bradshaw, Unit 3, 16 Bradshaw Crescent, KATHERINE EAST, NT, 0850, AU | Somerville Head Office, 147 Lee Point Road, WAGAMAN, NT, 0810, AU | Somerville Palmerston, 3 Victoria Dr, GRAY, NT, 0830, AU | 1/82 Todd Street, Alice Springs NT 0870, 82 Todd Street, ALICE SPRINGS, NT, 0870, AU | 1/14 Bradshaw, Unit 1, 14 Bradshaw Crescent, KATHERINE EAST, NT, 0850, AU | 2/14 Bradshaw, Unit 2, 14 Bradshaw Crescent, KATHERINE EAST, NT, 0850, AU | 2/1 Hamdorf, Unit 2, 1 Hamdorf Street, KATHERINE EAST, NT, 0850, AU",+610889204100,https://www.ndiscommission.gov.au/provider-registration/find-registered-provider
nonprofit,Ltd / Limited without Pty and core disability groups — usually limited by guarantee,Somerville Housing,Somerville Housing Limited,95794292020,"WAGAMAN, NT, 0810, AU",https://www.somerville.org.au,Approved,31 October 2028,Specialised Disability Accommodation,yes,yes,"147 Lee Point Road, Wagaman","147 Lee Point Road, Wagaman",+610889204100,https://www.ndiscommission.gov.au/provider-registration/find-registered-provider
nonprofit,"Legal form looks like a non-profit (Inc, Association, Foundation, Aboriginal Corporation, etc.)",Total Recreation NT Inc,TOTAL RECREATION NT INC,92148147305,"CASUARINA, NT, 0810, AU",https://www.totalrecreation.org.au,Approved,31 May 2027,Assist-Travel/Transport; Ex Phys Pers Training; Group/Centre Activities; Innov Community Participation; Participate Community,yes,yes,,,,https://www.ndiscommission.gov.au/provider-registration/find-registered-provider
nonprofit,Ltd / Limited without Pty and core disability groups — usually limited by guarantee,Casa Services Limited,Casa Services Limited,63898668260,"ALICE SPRINGS, NT, 0870, AU",https://www.casaservices.org.au,Approved,31 January 2028,"Assist-Life Stage, Transition; Assist-Personal Activities; Assist-Travel/Transport; Daily Tasks/Shared Living; Development-Life Skills; Group/Centre Activities; Participate Community; Plan Management; Specialised Disability Accommodation; Supported Independent Living",yes,,"Khalick 3, AU | Khalick 4, AU | Gap 52, AU | Khalick 5, AU | Khalick 2, AU | Casa Services Head Office and Day Program, 20 Bath Street, ALICE SPRINGS, NT, 0870, AU | Khalick 1, Unit 1, 2 Khalick Street, EAST SIDE, NT, 0870, AU",,+610889534311,https://www.ndiscommission.gov.au/provider-registration/find-registered-provider
nonprofit,"Legal form looks like a non-profit (Inc, Association, Foundation, Aboriginal Corporation, etc.)",Central Australian Aboriginal Congress Aboriginal Corporation,CENTRAL AUSTRALIAN ABORIGINAL CONGRESS ABORIGINAL CORPORATION,76210591710,"ALICE SPRINGS, NT, 0870, AU",https://www.caac.org.au,Approved,29 August 2028,Early Childhood Supports; Therapeutic Supports,yes,,Gap Clinic | Social and Emotional Well Being Service | Congress Allied Health Services | Congress Gregory Terrace,,+610889514469,https://www.ndiscommission.gov.au/provider-registration/find-registered-provider
nonprofit,"Legal form looks like a non-profit (Inc, Association, Foundation, Aboriginal Corporation, etc.)",COUNTRY CONNECT FOUNDATION LIMITED,Country Connect Foundation Limited,54669738907,"NHULUNBUY, NT, 0880, AU",https://www.countryconnect.org.au,Approved,10 September 2028,"Assist Access/Maintain Employ; Assist-Life Stage, Transition; Assist-Personal Activities; Daily Tasks/Shared Living; Development-Life Skills; Group/Centre Activities; Household Tasks; Participate Community; Spec Support Employ; Supported Independent Living",yes,,Nhulunbuy Facility,,+610419773556,https://www.ndiscommission.gov.au/provider-registration/find-registered-provider
nonprofit,"Legal form looks like a non-profit (Inc, Association, Foundation, Aboriginal Corporation, etc.)",Dynamic Community Services Incorporated,Dynamic Community Services Incorporated,12423651231,"LARAPINTA, NT, 0875, AU",https://www.dynamiccommunityservice.org.au,Approved,12 August 2028,Assist-Personal Activities; Assist-Travel/Transport; Daily Tasks/Shared Living; Development-Life Skills; Group/Centre Activities; Household Tasks; Participate Community; Supported Independent Living,yes,,Dynamic Community Services Incorporated.,,+61422019518,https://www.ndiscommission.gov.au/provider-registration/find-registered-provider
nonprofit,"Legal form looks like a non-profit (Inc, Association, Foundation, Aboriginal Corporation, etc.)",Guide Dogs Association of SA & NT Inc,GUIDE DOGS ASSOCIATION OF SA & NT INC,91183168093,"ADELAIDE, SA, 5000, AU",https://sant.guidedogs.com.au,Approved,11 September 2026,"Assist Prod-Pers Care/Safety; Assist-Life Stage, Transition; Assistance Animals; Assistive Prod-Household Task; Comms & Info Equipment; Development-Life Skills; Early Childhood Supports; Hearing Equipment; Innov Community Participation; Therapeutic Supports; Vision Equipment",yes,,Guide Dogs Association of SA & NT Inc,,+611800757738,https://www.ndiscommission.gov.au/provider-registration/find-registered-provider
nonprofit,"Legal form looks like a non-profit (Inc, Association, Foundation, Aboriginal Corporation, etc.)",Laynhapuy Homelands Aboriginal Corporation,LAYNHAPUY HOMELANDS ABORIGINAL CORPORATION,86695642473,"YIRRKALA, NT, 0881, AU",,Approved,22 August 2027,"Assist-Life Stage, Transition; Assist-Personal Activities; Assist-Travel/Transport; Development-Life Skills; Group/Centre Activities; Household Tasks; Participate Community; Plan Management; Therapeutic Supports",yes,,Laynhapuy Homelands Aboriginal Corporation,,+610889391861,https://www.ndiscommission.gov.au/provider-registration/find-registered-provider
nonprofit,Ltd / Limited without Pty and core disability groups — usually limited by guarantee,Lifestyle Solutions (Aust) Ltd,LIFESTYLE SOLUTIONS (AUST) LTD,85097999347,"ISLINGTON, NSW, 2296, AU",https://www.lifestylesolutions.org.au,Approved,03 June 2029,"Assist Access/Maintain Employ; Assist Personal Activities High; Assist-Life Stage, Transition; Assist-Personal Activities; Assist-Travel/Transport; Behaviour Support; Community Nursing Care; Daily Tasks/Shared Living; Development-Life Skills; Group/Centre Activities; Household Tasks; Innov Community Participation; Participate Community; Spec Support Employ; Specialised Disability Accommodation; Support Coordination; Supported Independent Living; Therapeutic Supports",yes,,"Supplejack, 1 Ludgate Street, BRAITLING, NT, 0870, AU | Waratah, 47 Bonanni Circuit, ROSS, NT, 0873, AU | Ironwood, 26 Latz Crescent, LARAPINTA, NT, 0875, AU | Witchetty Bush, 11 Ballingall Street, THE GAP, NT, 0870, AU | Alice Springs Office, 47 Elder Street, CICCONE, NT, 0870, AU | Gumtree, 25 Kempeana Crescent, ARALUEN, NT, 0870, AU | Mulga, 9 Parke Crescent, THE GAP, NT, 0870, AU",,+611800634748,https://www.ndiscommission.gov.au/provider-registration/find-registered-provider
nonprofit,"Legal form looks like a non-profit (Inc, Association, Foundation, Aboriginal Corporation, etc.)",MHACA,MENTAL HEALTH ASSOCIATION OF CENTRAL AUST INC,91804704259,"EAST SIDE, NT, 0870, AU",https://www.mhaca.org.au,Approved,23 September 2027,"Accommodation/Tenancy; Assist Access/Maintain Employ; Assist-Life Stage, Transition; Assist-Travel/Transport; Development-Life Skills; Group/Centre Activities; Innov Community Participation; Participate Community; Support Coordination; Supported Independent Living",yes,,"14 Lindsay Avenue East side, 14 Lindsay Avenue, EAST SIDE, NT, 0870, AU",,+610889504600,https://www.ndiscommission.gov.au/provider-registration/find-registered-provider
nonprofit,Ltd / Limited without Pty and core disability groups — usually limited by guarantee,MSWA,MSWA LIMITED,75638080972,"WILSON, WA, 6107, AU",https://www.mswa.org.au,Approved,24 March 2029,"Accommodation/Tenancy; Assist Personal Activities High; Assist Prod-Pers Care/Safety; Assist-Life Stage, Transition; Assist-Personal Activities; Assist-Travel/Transport; Assistive Prod-Household Task; Community Nursing Care; Daily Tasks/Shared Living; Development-Life Skills; Ex Phys Pers Training; Group/Centre Activities; Home Modification; Household Tasks; Participate Community; Personal Mobility Equipment; Specialised Disability Accommodation; Support Coordination; Supported Independent Living; Therapeutic Supports",yes,,"MSSANT (South Australia and Northern Territory) Service Centre, Unit 2, 10 Regency Road, KILKENNY, SA, 5009, AU",,+6164543174,https://www.ndiscommission.gov.au/provider-registration/find-registered-provider
nonprofit,Ltd / Limited without Pty and core disability groups — usually limited by guarantee,My Way Disability & Aged Care,My Way Community Alliance Ltd,24574460703,"OSBORNE PARK, WA, 6017, AU",https://www.myway.org.au,Approved,12 May 2028,"Assist Personal Activities High; Assist Prod-Pers Care/Safety; Assist-Life Stage, Transition; Assist-Personal Activities; Assist-Travel/Transport; Assistive Prod-Household Task; Behaviour Support; Community Nursing Care; Daily Tasks/Shared Living; Development-Life Skills; Early Childhood Supports; Group/Centre Activities; Household Tasks; Innov Community Participation; Participate Community; Plan Management; Specialised Disability Accommodation; Support Coordination; Supported Independent Living; Therapeutic Supports",yes,,"My Way Disability and Aged Care, 74 Schmidt Street, TENNANT CREEK, NT, 0860, AU | My Way Disability and Aged Care --- Alice Springs, Unit 3, 7 Larapinta Drive, GILLEN, NT, 0870, AU",,+610861466296,https://www.ndiscommission.gov.au/provider-registration/find-registered-provider
nonprofit,"Legal form looks like a non-profit (Inc, Association, Foundation, Aboriginal Corporation, etc.)",NT FRIENDSHIP & SUPPORT INC,NT FRIENDSHIP & SUPPORT INC,51101586808,"KATHERINE EAST, NT, 0850, AU",,Approved,01 November 2027,"Accommodation/Tenancy; Assist Access/Maintain Employ; Assist Personal Activities High; Assist-Life Stage, Transition; Assist-Personal Activities; Assist-Travel/Transport; Daily Tasks/Shared Living; Development-Life Skills; Innov Community Participation; Participate Community; Spec Support Employ; Supported Independent Living",yes,,EqualiTEA Alice Springs | NT Friendship & Support - EqualiTEA | NT Friendship & Support Katherine | EqualiTEA Katherine | NT Friendship & Support Alice Springs | NT Friendship & Support Allied Health Services | NT Friendship & Support - Respite,,+610889710027,https://www.ndiscommission.gov.au/provider-registration/find-registered-provider
nonprofit,"Legal form looks like a non-profit (Inc, Association, Foundation, Aboriginal Corporation, etc.)",Step Out Community Access Service Inc,STEP OUT COMMUNITY ACCESS SERVICE INC,71488593014,"COSSACK, NT, 0850, AU",,Approved,25 October 2027,"Assist Personal Activities High; Assist-Life Stage, Transition; Assist-Personal Activities; Assist-Travel/Transport; Daily Tasks/Shared Living; Development-Life Skills; Group/Centre Activities; Household Tasks; Innov Community Participation; Participate Community; Supported Independent Living",yes,,"Step Out Main Office & Community Centre, 298 Zimin Drive, COSSACK, NT, 0850, AU | SIL Hamdorf, Unit 1, 1 Hamdorf Street, KATHERINE EAST, NT, 0850, AU",,+610417164931,https://www.ndiscommission.gov.au/provider-registration/find-registered-provider
nonprofit,"Legal form looks like a non-profit (Inc, Association, Foundation, Aboriginal Corporation, etc.)",TeamHEALTH,TOP END ASSOCIATION FOR MENTAL HEALTH INC.,16345352064,"BERRIMAH, NT, 0828, AU",https://www.teamhealth.asn.au,Approved,26 July 2026,"Accommodation/Tenancy; Assist Access/Maintain Employ; Assist-Life Stage, Transition; Assist-Personal Activities; Assist-Travel/Transport; Daily Tasks/Shared Living; Development-Life Skills; Group/Centre Activities; Household Tasks; Innov Community Participation; Participate Community; Plan Management; Support Coordination; Supported Independent Living",yes,,The Bougainvillea Centre | TeamHEALTH Headoffice | TeamHEALTH - Coordination of Support Office,,+610889439600,https://www.ndiscommission.gov.au/provider-registration/find-registered-provider
nonprofit,Ltd / Limited without Pty and core disability groups — usually limited by guarantee,Thamarrurr Development Corporation Limited,THAMARRURR DEVELOPMENT CORPORATION LIMITED,54124789493,"WADEYE COMMUNITY, NT, 0822, AU",https://www.thamarrurr.org.au,Approved,02 June 2029,"Assist-Life Stage, Transition; Assist-Personal Activities; Assist-Travel/Transport; Development-Life Skills; Household Tasks; Innov Community Participation; Participate Community",yes,,"Thamarrurr Development Corporation, Resource Centre, Main Road, PALUMPA, NT, 0822, AU | Thamarrurr Development Corporation, Cdp Office, Main Road, PEPPIMENARTI, NT, 0822, AU | Thamarrurr Development Corporation, Perdjert Street, WADEYE, NT, 0822, AU",,+610889781305,https://www.ndiscommission.gov.au/provider-registration/find-registered-provider
