company_id,company_name,trading_name,legal_name,abn,org_type,description,services,locations,address,phone,website,email,linkedin,employee_count,employee_count_min,employee_count_max,employee_count_source,employee_count_source_url,ndis_provider,ndis_evidence,nt_operation_verified,scrape_status,research_confidence,source_urls,last_verified
49678165298,A PLUS DISABILITY AND AGED CARE SERVICES PTY LTD,A PLUS DISABILITY AND AGED CARE SERVICES PTY LTD,A Plus Disability and Aged Care Services Pty Ltd,49678165298,private_company,Not publicly available,"Assist Access/Maintain Employ; Assist-Life Stage, Transition; Assist-Personal Activities; Assist-Travel/Transport; Daily Tasks/Shared Living; Development-Life Skills; Group/Centre Activities; Household Tasks; Innov Community Participation; Participate Community; Spec Support Employ; Supported Independent Living; Vehicle modifications",Darwin,A Plus Disability and Aged Care Services Pty Ltd,Not publicly available,Not publicly available,Not publicly available,Not publicly available,Not publicly available,,,Not publicly available,,yes,"Approved NDIS registration groups: Assist Access/Maintain Employ; Assist-Life Stage, Transition; Assist-Personal Activities; Assist-Travel/Transport; Daily Tasks/Shared Living; Development-Life Skills; Group/Centre Activities; Household Tasks; Innov Community Participation; Participate Community; Spec Support Employ; Supported Independent Living; Vehicle modifications",yes,no official website,Medium,https://www.ndiscommission.gov.au/provider-registration/find-registered-provider,2026-09-29
46674956006,A ONE SUPPORT SERVICES PTY LTD,A ONE SUPPORT SERVICES PTY LTD,A One Support Services Pty Ltd,46674956006,private_company,Not publicly available,"Assist-Life Stage, Transition; Assist-Personal Activities; Daily Tasks/Shared Living; Development-Life Skills; Group/Centre Activities; Household Tasks; Participate Community; Plan Management; Supported Independent Living",Darwin,A One Support Services Pty Ltd,+61473034970,Not publicly available,Not publicly available,Not publicly available,Not publicly available,,,Not publicly available,,yes,"Approved NDIS registration groups: Assist-Life Stage, Transition; Assist-Personal Activities; Daily Tasks/Shared Living; Development-Life Skills; Group/Centre Activities; Household Tasks; Participate Community; Plan Management; Supported Independent Living",yes,no official website,Medium,https://www.ndiscommission.gov.au/provider-registration/find-registered-provider,2026-09-29
88671879495,A PLUS MOBILE PHYSIO SERVICES PTY LTD,A PLUS MOBILE PHYSIO SERVICES PTY LTD,A Plus Mobile Physio Services Pty Ltd,88671879495,private_company,Not publicly available,Therapeutic Supports,Palmerston,A PLUS MOBILE PHYSIO SERVICES PTY LTD,+610426893739,Not publicly available,Not publicly available,Not publicly available,Not publicly available,,,Not publicly available,,yes,Approved NDIS registration groups: Therapeutic Supports,yes,no official website,Medium,https://www.ndiscommission.gov.au/provider-registration/find-registered-provider,2026-09-29
87653980851,AAD BUILDING PTY LTD,AAD BUILDING PTY LTD,Aad Building Pty Ltd,87653980851,private_company,Not publicly available,Home Modification,Other NT,"MCMINNS LAGOON, NT, 0822, AU",Not publicly available,Not publicly available,Not publicly available,Not publicly available,Not publicly available,,,Not publicly available,,yes,Approved NDIS registration groups: Home Modification,yes,no official website,Medium,https://www.ndiscommission.gov.au/provider-registration/find-registered-provider,2026-09-29
42640807101,ABILITY CARE SOLUTIONS PTY LTD,ABILITY CARE SOLUTIONS PTY LTD,ABILITY CARE SOLUTIONS PTY LTD,42640807101,private_company,Not publicly available,Specialised Disability Accommodation,Darwin,Ability Care Solutions,+610477318920,Not publicly available,Not publicly available,Not publicly available,Not publicly available,,,Not publicly available,,yes,Approved NDIS registration groups: Specialised Disability Accommodation,yes,no official website,Medium,https://www.ndiscommission.gov.au/provider-registration/find-registered-provider,2026-09-29
87640453818,Ability Spectrum,Ability Spectrum,DUAL SUPPORT PTY LTD,87640453818,private_company,"NDIS registered disability support provider in Alice Springs, NT. Supported Independent Living, Community Access & mental health services.","Accommodation/Tenancy; Assist-Life Stage, Transition; Assist-Personal Activities; Daily Tasks/Shared Living; Group/Centre Activities; Participate Community; Specialised Disability Accommodation; Support Coordination; Supported Independent Living",Alice Springs,"Head office, Level 1, Suite F3A, 12 Gregory Terrace, ALICE SPRINGS, NT, 0870, AU",136100198211,https://abilityspectrum.com.au/,spectrum@abilityspectrum.com.au,Not publicly available,Not publicly available,,,Not publicly available,,yes,"Approved NDIS registration groups: Accommodation/Tenancy; Assist-Life Stage, Transition; Assist-Personal Activities; Daily Tasks/Shared Living; Group/Centre Activities; Participate Community; Specialised Disability Accommodation; Support Coordination; Supported Independent Living",yes,ok,High,https://www.ndiscommission.gov.au/provider-registration/find-registered-provider | https://abilityspectrum.com.au/,2026-09-29
37627814322,ABILITY TO ACHIEVE (ATA) PTY LTD,ABILITY TO ACHIEVE (ATA) PTY LTD,ABILITY TO ACHIEVE (ATA) PTY LTD,37627814322,private_company,Not publicly available,"Assist Personal Activities High; Assist-Life Stage, Transition; Assist-Personal Activities; Assist-Travel/Transport; Community Nursing Care; Daily Tasks/Shared Living; Development-Life Skills; Group/Centre Activities; Household Tasks; Innov Community Participation; Participate Community; Supported Independent Living",Darwin,Ability To Achieve (ATA),+610499265584,Not publicly available,Not publicly available,Not publicly available,Not publicly available,,,Not publicly available,,yes,"Approved NDIS registration groups: Assist Personal Activities High; Assist-Life Stage, Transition; Assist-Personal Activities; Assist-Travel/Transport; Community Nursing Care; Daily Tasks/Shared Living; Development-Life Skills; Group/Centre Activities; Household Tasks; Innov Community Participation; Participate Community; Supported Independent Living",yes,no official website,Medium,https://www.ndiscommission.gov.au/provider-registration/find-registered-provider,2026-09-29
63656622963,ABA CARE PTY LTD,ABA CARE PTY LTD,Aba Care Pty Ltd,63656622963,private_company,Not publicly available,"Assist-Life Stage, Transition; Assist-Personal Activities; Assist-Travel/Transport; Daily Tasks/Shared Living; Development-Life Skills; Household Tasks; Participate Community; Supported Independent Living",Other NT,"ZUCCOLI, NT, 0832, AU",Not publicly available,https://www.abacare.com.au,Not publicly available,Not publicly available,Not publicly available,,,Not publicly available,,yes,"Approved NDIS registration groups: Assist-Life Stage, Transition; Assist-Personal Activities; Assist-Travel/Transport; Daily Tasks/Shared Living; Development-Life Skills; Household Tasks; Participate Community; Supported Independent Living",yes,error:HTTP 500,Medium,https://www.ndiscommission.gov.au/provider-registration/find-registered-provider,2026-09-29
11156650154,About Homes NT,About Homes NT,About Homes NT Pty Ltd,11156650154,private_company,Not publicly available,Home Modification; Specialised Disability Accommodation,Other NT,"Mobile, AU",+610407611126,https://abouthomesnt.com.au/,Not publicly available,Not publicly available,Not publicly available,,,Not publicly available,,yes,Approved NDIS registration groups: Home Modification; Specialised Disability Accommodation,yes,blocked,Medium,https://www.ndiscommission.gov.au/provider-registration/find-registered-provider,2026-09-29
39635645411,A1 LIFESTYLE SERVICES PTY LTD,A1 LIFESTYLE SERVICES PTY LTD,A1 LIFESTYLE SERVICES PTY LTD,39635645411,private_company,A1 Lifestyle Services is a registered NDIS service provider in Darwin in the Northern Territory. We offer support coordination services and specialise in individualised capacity building and skills development.,"Assist-Life Stage, Transition; Assist-Personal Activities; Development-Life Skills; Participate Community",Darwin,"ANULA, NT, 0812, AU",Not publicly available,https://a1lifestyleservices.com.au/,Not publicly available,Not publicly available,Not publicly available,,,Not publicly available,,yes,"Approved NDIS registration groups: Assist-Life Stage, Transition; Assist-Personal Activities; Development-Life Skills; Participate Community",yes,ok,Medium,https://www.ndiscommission.gov.au/provider-registration/find-registered-provider | https://a1lifestyleservices.com.au/,2026-09-29
99672742924,ABC PLAN MANAGERS PTY LTD,ABC PLAN MANAGERS PTY LTD,ABC Plan Managers Pty Ltd,99672742924,private_company,"Registered NDIS plan managers with 25+ years of financial expertise. Free plan management, fast invoice processing & personalised support Australia-wide.",Plan Management,"Palmerston, Alice Springs","ABC Plan Managers Pty Ltd - Alice Springs, Alice Springs, ALICE SPRINGS, NT, 0870, AU",+610424881408,https://abcplanmanagers.com/,admin@abcplanmanagers.com,Not publicly available,Not publicly available,,,Not publicly available,,yes,Approved NDIS registration groups: Plan Management,yes,ok,High,https://www.ndiscommission.gov.au/provider-registration/find-registered-provider | https://abcplanmanagers.com/,2026-09-29
40666316945,Above and Beyond Life Solutions,Above and Beyond Life Solutions,Ng Sidhu Pty Ltd,40666316945,private_company,", where we revolutionize support services by celebrating individuality. Our devoted team crafts personalized solutions to enhance well-being and promote independence. Our Holistic Approach places equal importance on physical needs and personal preferences, fostering a collaborative and empowering journey.",Assist Personal Activities High; Assist-Personal Activities; Assist-Travel/Transport; Community Nursing Care; Daily Tasks/Shared Living; Development-Life Skills; Group/Centre Activities; Household Tasks; Innov Community Participation; Participate Community; Supported Independent Living,Darwin,Above And Beyond Life Solutions,+61 433 479 708,https://www.aboveandbeyondlifesolutions.com.au/,info@aboveandbeyondlifesolutions.com.au,Not publicly available,Not publicly available,,,Not publicly available,,yes,Approved NDIS registration groups: Assist Personal Activities High; Assist-Personal Activities; Assist-Travel/Transport; Community Nursing Care; Daily Tasks/Shared Living; Development-Life Skills; Group/Centre Activities; Household Tasks; Innov Community Participation; Participate Community; Supported Independent Living,yes,ok,High,https://www.ndiscommission.gov.au/provider-registration/find-registered-provider | https://www.aboveandbeyondlifesolutions.com.au/,2026-09-29
23684187915,ACEE HEALTH SERVICES,ACEE HEALTH SERVICES,Acee Services Pty Ltd.,23684187915,private_company,Not publicly available,"Assist Personal Activities High; Assist-Life Stage, Transition; Assist-Personal Activities; Assist-Travel/Transport; Community Nursing Care; Daily Tasks/Shared Living; Development-Life Skills; Group/Centre Activities; Household Tasks; Innov Community Participation; Participate Community; Supported Independent Living",Palmerston,ACEE Health Services,+610400669092,Not publicly available,Not publicly available,Not publicly available,Not publicly available,,,Not publicly available,,yes,"Approved NDIS registration groups: Assist Personal Activities High; Assist-Life Stage, Transition; Assist-Personal Activities; Assist-Travel/Transport; Community Nursing Care; Daily Tasks/Shared Living; Development-Life Skills; Group/Centre Activities; Household Tasks; Innov Community Participation; Participate Community; Supported Independent Living",yes,no official website,Medium,https://www.ndiscommission.gov.au/provider-registration/find-registered-provider,2026-09-29
23640445889,ABUNDANT LIVING COMMUNITY SERVICES,ABUNDANT LIVING COMMUNITY SERVICES,ABUNDANT LIVING NT PTY LTD,23640445889,private_company,Not publicly available,"Accommodation/Tenancy; Assist Access/Maintain Employ; Assist-Life Stage, Transition; Assist-Personal Activities; Assist-Travel/Transport; Assistive Prod-Household Task; Comms & Info Equipment; Community Nursing Care; Daily Tasks/Shared Living; Development-Life Skills; Ex Phys Pers Training; Group/Centre Activities; Household Tasks; Innov Community Participation; Participate Community; Plan Management; Supported Independent Living",Alice Springs,"Active and Fitness Centre, Unit 7, 11 Price Street, CICCONE, NT, 0870, AU",+610466313745,https://www.abundantliving.com.au,Not publicly available,Not publicly available,Not publicly available,,,Not publicly available,,yes,"Approved NDIS registration groups: Accommodation/Tenancy; Assist Access/Maintain Employ; Assist-Life Stage, Transition; Assist-Personal Activities; Assist-Travel/Transport; Assistive Prod-Household Task; Comms & Info Equipment; Community Nursing Care; Daily Tasks/Shared Living; Development-Life Skills; Ex Phys Pers Training; Group/Centre Activities; Household Tasks; Innov Community Participation; Participate Community; Plan Management; Supported Independent Living",yes,"error:HTTPSConnectionPool(host='www.abundantliving.com.au', port=443): Max retries exceeded with url: / (Caused by NameResolutionError(""HTTPSConnection(host='www.abundantliving.com.au', port=443): Failed to resolve 'www.abundantliving.com.au' ([Errno -2] Name or service not known)""))",Medium,https://www.ndiscommission.gov.au/provider-registration/find-registered-provider,2026-09-29
80649839743,ACRS COMMUNITY SERVICES,ACRS COMMUNITY SERVICES,Acrs Community Services Pty Ltd,80649839743,private_company,"The National Disability Insurance Scheme (NDIS) is an Australian government initiative that provides support to individuals with permanent and significant disabilities. To get started with the NDIS, please contact us for more. Here are some good places you cant start.","Assist Personal Activities High; Assist-Life Stage, Transition; Assist-Personal Activities; Assist-Travel/Transport; Community Nursing Care; Daily Tasks/Shared Living; Development-Life Skills; Group/Centre Activities; Household Tasks; Participate Community; Supported Independent Living",Other NT,"WOOLNER, NT, 0820, AU",0889927790,https://acrscommunityservices.com.au/,info@acrscommunityservices.com.au,https://www.linkedin.com/company/acrs-community-services,Not publicly available,,,Not publicly available,,yes,"Approved NDIS registration groups: Assist Personal Activities High; Assist-Life Stage, Transition; Assist-Personal Activities; Assist-Travel/Transport; Community Nursing Care; Daily Tasks/Shared Living; Development-Life Skills; Group/Centre Activities; Household Tasks; Participate Community; Supported Independent Living",yes,ok,High,https://www.ndiscommission.gov.au/provider-registration/find-registered-provider | https://acrscommunityservices.com.au/,2026-09-29
49644191819,Active Occupational Therapy,Active Occupational Therapy,GK OCCUPATIONAL THERAPY PTY LTD,49644191819,private_company,"At Active Occupational Therapy, we provide culturally sensitive, client-centred occupational therapy services to adults living in the Northern Territory, promoting of participation through rehabilitation.",Assist Prod-Pers Care/Safety; Assistive Equip-Recreation; Assistive Prod-Household Task; Custom Prosthetics; Specialised Driver Training; Therapeutic Supports,Palmerston,"GK Occupational Therapy PTY LTD, Shop 7 Medical Precinct, 3 Gurd Street, FARRAR, NT, 0830, AU",4-4947-9299,https://www.activeot.com.au/,605a7baede844d278b89dc95ae0a9123@sentry-next.wixpress.com,Not publicly available,Not publicly available,,,Not publicly available,,yes,Approved NDIS registration groups: Assist Prod-Pers Care/Safety; Assistive Equip-Recreation; Assistive Prod-Household Task; Custom Prosthetics; Specialised Driver Training; Therapeutic Supports,yes,ok,High,https://www.ndiscommission.gov.au/provider-registration/find-registered-provider | https://www.activeot.com.au/,2026-09-29
66621941115,Active2Care,Active2Care,Active2care Pty Ltd,66621941115,private_company,Not publicly available,"Accommodation/Tenancy; Assist-Life Stage, Transition; Assist-Personal Activities; Assist-Travel/Transport; Daily Tasks/Shared Living; Development-Life Skills; Group/Centre Activities; Household Tasks; Innov Community Participation; Participate Community; Supported Independent Living",Katherine,"KATHERINE, NT, 0850, AU",Not publicly available,https://www.active2care.com.au,Not publicly available,Not publicly available,Not publicly available,,,Not publicly available,,yes,"Approved NDIS registration groups: Accommodation/Tenancy; Assist-Life Stage, Transition; Assist-Personal Activities; Assist-Travel/Transport; Daily Tasks/Shared Living; Development-Life Skills; Group/Centre Activities; Household Tasks; Innov Community Participation; Participate Community; Supported Independent Living",yes,error:HTTP 500,Medium,https://www.ndiscommission.gov.au/provider-registration/find-registered-provider,2026-09-29
84667167259,AESTHETIC CARE PTY LTD,AESTHETIC CARE PTY LTD,Aesthetic Care Pty Ltd,84667167259,private_company,Not publicly available,"Assist-Life Stage, Transition; Assist-Personal Activities; Assist-Travel/Transport; Assistive Prod-Household Task; Daily Tasks/Shared Living; Development-Life Skills; Group/Centre Activities; Household Tasks; Innov Community Participation; Participate Community; Supported Independent Living",Other NT,Aesthetic Care-Home Services(NT),+610405241632,Not publicly available,Not publicly available,Not publicly available,Not publicly available,,,Not publicly available,,yes,"Approved NDIS registration groups: Assist-Life Stage, Transition; Assist-Personal Activities; Assist-Travel/Transport; Assistive Prod-Household Task; Daily Tasks/Shared Living; Development-Life Skills; Group/Centre Activities; Household Tasks; Innov Community Participation; Participate Community; Supported Independent Living",yes,no official website,Medium,https://www.ndiscommission.gov.au/provider-registration/find-registered-provider,2026-09-29
50629720305,Affluent Care & Support Services,Affluent Care & Support Services,NT ABILITY PTY LTD,50629720305,private_company,Not publicly available,"Assist Access/Maintain Employ; Assist Personal Activities High; Assist-Life Stage, Transition; Assist-Personal Activities; Assist-Travel/Transport; Community Nursing Care; Daily Tasks/Shared Living; Development-Life Skills; Group/Centre Activities; Household Tasks; Innov Community Participation; Participate Community; Spec Support Employ; Specialised Disability Accommodation; Supported Independent Living",Other NT,Affluent Care & Support Services,Not publicly available,Not publicly available,Not publicly available,Not publicly available,Not publicly available,,,Not publicly available,,yes,"Approved NDIS registration groups: Assist Access/Maintain Employ; Assist Personal Activities High; Assist-Life Stage, Transition; Assist-Personal Activities; Assist-Travel/Transport; Community Nursing Care; Daily Tasks/Shared Living; Development-Life Skills; Group/Centre Activities; Household Tasks; Innov Community Participation; Participate Community; Spec Support Employ; Specialised Disability Accommodation; Supported Independent Living",yes,no official website,Medium,https://www.ndiscommission.gov.au/provider-registration/find-registered-provider,2026-09-29
39670059060,AJS AUSTRALIA DISABILITY SERVICES PTY LTD,AJS AUSTRALIA DISABILITY SERVICES PTY LTD,Ajs Australia Disability Services Pty Ltd,39670059060,private_company,Not publicly available,"Assist Personal Activities High; Assist-Life Stage, Transition; Assist-Personal Activities; Assist-Travel/Transport; Community Nursing Care; Daily Tasks/Shared Living; Development-Life Skills; Group/Centre Activities; Household Tasks; Innov Community Participation; Participate Community; Supported Independent Living",Darwin,AJS AUSTRALIA DISABILITY SERVICES PTY LTD,+610416831983,Not publicly available,Not publicly available,Not publicly available,Not publicly available,,,Not publicly available,,yes,"Approved NDIS registration groups: Assist Personal Activities High; Assist-Life Stage, Transition; Assist-Personal Activities; Assist-Travel/Transport; Community Nursing Care; Daily Tasks/Shared Living; Development-Life Skills; Group/Centre Activities; Household Tasks; Innov Community Participation; Participate Community; Supported Independent Living",yes,no official website,Medium,https://www.ndiscommission.gov.au/provider-registration/find-registered-provider,2026-09-29
17640890062,Alfa Disability Services,Alfa Disability Services,BLSE PTY LTD,17640890062,private_company,Not publicly available,"Accommodation/Tenancy; Assist Personal Activities High; Assist-Life Stage, Transition; Assist-Personal Activities; Assist-Travel/Transport; Community Nursing Care; Daily Tasks/Shared Living; Development-Life Skills; Household Tasks; Innov Community Participation; Participate Community; Supported Independent Living",Katherine,"Alfa Disability Services, 13 Finniss Place, KATHERINE EAST, NT, 0850, AU",+610476301636,Not publicly available,Not publicly available,Not publicly available,Not publicly available,,,Not publicly available,,yes,"Approved NDIS registration groups: Accommodation/Tenancy; Assist Personal Activities High; Assist-Life Stage, Transition; Assist-Personal Activities; Assist-Travel/Transport; Community Nursing Care; Daily Tasks/Shared Living; Development-Life Skills; Household Tasks; Innov Community Participation; Participate Community; Supported Independent Living",yes,no official website,Medium,https://www.ndiscommission.gov.au/provider-registration/find-registered-provider,2026-09-29
11652635099,ADA SUPPORT,ADA SUPPORT,Ada Support Pty Ltd,11652635099,private_company,Not publicly available,"Accommodation/Tenancy; Assist Personal Activities High; Assist-Life Stage, Transition; Assist-Personal Activities; Assist-Travel/Transport; Community Nursing Care; Daily Tasks/Shared Living; Household Tasks; Innov Community Participation; Participate Community; Supported Independent Living",Alice Springs,Main Office,+610431901881,https://www.adasupport.com.au,Not publicly available,Not publicly available,Not publicly available,,,Not publicly available,,yes,"Approved NDIS registration groups: Accommodation/Tenancy; Assist Personal Activities High; Assist-Life Stage, Transition; Assist-Personal Activities; Assist-Travel/Transport; Community Nursing Care; Daily Tasks/Shared Living; Household Tasks; Innov Community Participation; Participate Community; Supported Independent Living",yes,"error:HTTPSConnectionPool(host='www.adasupport.com.au', port=443): Max retries exceeded with url: / (Caused by NameResolutionError(""HTTPSConnection(host='www.adasupport.com.au', port=443): Failed to resolve 'www.adasupport.com.au' ([Errno -2] Name or service not known)""))",Medium,https://www.ndiscommission.gov.au/provider-registration/find-registered-provider,2026-09-29
29649632084,ALICE DISABILITY SERVICES PTY LTD,ALICE DISABILITY SERVICES PTY LTD,ALICE DISABILITY SERVICES PTY LTD,29649632084,private_company,Not publicly available,Assist Personal Activities High; Assist Prod-Pers Care/Safety; Assist-Personal Activities; Assist-Travel/Transport; Assistive Prod-Household Task; Community Nursing Care; Daily Tasks/Shared Living; Development-Life Skills; Early Childhood Supports; Group/Centre Activities; Household Tasks; Innov Community Participation; Participate Community; Personal Mobility Equipment; Specialised Disability Accommodation; Specialised Driver Training; Supported Independent Living,Other NT,T2/11 Todd Mall Allice Springs,+610420224444,Not publicly available,Not publicly available,Not publicly available,Not publicly available,,,Not publicly available,,yes,Approved NDIS registration groups: Assist Personal Activities High; Assist Prod-Pers Care/Safety; Assist-Personal Activities; Assist-Travel/Transport; Assistive Prod-Household Task; Community Nursing Care; Daily Tasks/Shared Living; Development-Life Skills; Early Childhood Supports; Group/Centre Activities; Household Tasks; Innov Community Participation; Participate Community; Personal Mobility Equipment; Specialised Disability Accommodation; Specialised Driver Training; Supported Independent Living,yes,no official website,Medium,https://www.ndiscommission.gov.au/provider-registration/find-registered-provider,2026-09-29
91688660657,ALL PEOPLE HOLISTIC SUPPORT PTY LTD,ALL PEOPLE HOLISTIC SUPPORT PTY LTD,All People Holistic Support Pty Ltd,91688660657,private_company,Not publicly available,Accommodation/Tenancy; Assist-Personal Activities; Assist-Travel/Transport; Daily Tasks/Shared Living; Development-Life Skills; Group/Centre Activities; Household Tasks; Innov Community Participation; Participate Community; Supported Independent Living,Palmerston,All People Holistic Support ? NT Mobile Service,+610424949085,Not publicly available,Not publicly available,Not publicly available,Not publicly available,,,Not publicly available,,yes,Approved NDIS registration groups: Accommodation/Tenancy; Assist-Personal Activities; Assist-Travel/Transport; Daily Tasks/Shared Living; Development-Life Skills; Group/Centre Activities; Household Tasks; Innov Community Participation; Participate Community; Supported Independent Living,yes,no official website,Medium,https://www.ndiscommission.gov.au/provider-registration/find-registered-provider,2026-09-29
79644673094,ACE CARE AND COMMUNITY SERVICES PTY LTD,ACE CARE AND COMMUNITY SERVICES PTY LTD,ACE CARE AND COMMUNITY SERVICES PTY LTD,79644673094,private_company,"ACE Care and Community Services is a leading NDIS provider in Darwin, offering personalized care plans and compassionate support to empower individuals and enrich communities. Contact us today to learn more.",Assist-Travel/Transport; Hearing Equipment; Hearing Services; Household Tasks; Innov Community Participation; Plan Management,Other NT,Ace care and community services,0425 112 650,https://acecommunityservices.com/,info@acecommunityservices.com,Not publicly available,Not publicly available,,,Not publicly available,,yes,Approved NDIS registration groups: Assist-Travel/Transport; Hearing Equipment; Hearing Services; Household Tasks; Innov Community Participation; Plan Management,yes,ok,High,https://www.ndiscommission.gov.au/provider-registration/find-registered-provider | https://acecommunityservices.com/,2026-09-29
15650186860,ACTIVE SUPPORT SERVICES SA/NT,ACTIVE SUPPORT SERVICES SA/NT,Active Support Community Services Pty Ltd,15650186860,private_company,"Active Support Community Services provide high quality, personalised care and support in Alice Springs Northern Territory and Adelaide South Australia since 2019. Active Support Community Service focuses on person-centered support for vulnerable adults and children, with expertise in care for physical and learning disabilities. Support and care can be provided in any community setting (in-home, SI","Assist Access/Maintain Employ; Assist Personal Activities High; Assist-Life Stage, Transition; Assist-Personal Activities; Assist-Travel/Transport; Community Nursing Care; Daily Tasks/Shared Living; Development-Life Skills; Group/Centre Activities; Household Tasks; Participate Community; Specialised Disability Accommodation; Support Coordination; Supported Independent Living",Alice Springs,Active Support Community Services Respite,0470 539 231,https://activesupportservices.com.au/,info@activesupportservices.com.au,Not publicly available,Not publicly available,,,Not publicly available,,yes,"Approved NDIS registration groups: Assist Access/Maintain Employ; Assist Personal Activities High; Assist-Life Stage, Transition; Assist-Personal Activities; Assist-Travel/Transport; Community Nursing Care; Daily Tasks/Shared Living; Development-Life Skills; Group/Centre Activities; Household Tasks; Participate Community; Specialised Disability Accommodation; Support Coordination; Supported Independent Living",yes,ok,High,https://www.ndiscommission.gov.au/provider-registration/find-registered-provider | https://activesupportservices.com.au/,2026-09-29
16661863841,Allexandra Care Services,Allexandra Care Services,Allexandra Care Services Pty Ltd,16661863841,private_company,Not publicly available,"Assist Personal Activities High; Assist-Life Stage, Transition; Assist-Personal Activities; Assist-Travel/Transport; Community Nursing Care; Daily Tasks/Shared Living; Participate Community; Supported Independent Living",Other NT,"Brisbane, NT, NSW, Pert, Adelaide and Melbourne",+610469371879,https://www.allexandracareservices.com.au,Not publicly available,Not publicly available,Not publicly available,,,Not publicly available,,yes,"Approved NDIS registration groups: Assist Personal Activities High; Assist-Life Stage, Transition; Assist-Personal Activities; Assist-Travel/Transport; Community Nursing Care; Daily Tasks/Shared Living; Participate Community; Supported Independent Living",yes,"error:HTTPSConnectionPool(host='www.allexandracareservices.com.au', port=443): Max retries exceeded with url: / (Caused by NameResolutionError(""HTTPSConnection(host='www.allexandracareservices.com.au', port=443): Failed to resolve 'www.allexandracareservices.com.au' ([Errno -2] Name or service not known)""))",Medium,https://www.ndiscommission.gov.au/provider-registration/find-registered-provider,2026-09-29
41646961131,ALMOST FAMILY COMMUNITY SERVICES PTY LTD,ALMOST FAMILY COMMUNITY SERVICES PTY LTD,ALMOST FAMILY COMMUNITY SERVICES PTY LTD,41646961131,private_company,Not publicly available,"Accommodation/Tenancy; Assist Access/Maintain Employ; Assist Personal Activities High; Assist-Life Stage, Transition; Assist-Personal Activities; Assist-Travel/Transport; Daily Tasks/Shared Living; Development-Life Skills; Group/Centre Activities; Household Tasks; Participate Community; Spec Support Employ; Supported Independent Living",Palmerston,"Almost Family Community Services - SIL House, 40 Haultain Crescent, DURACK, NT, 0830, AU",+610433362182,https://www.almostfamily.com.au,Not publicly available,Not publicly available,Not publicly available,,,Not publicly available,,yes,"Approved NDIS registration groups: Accommodation/Tenancy; Assist Access/Maintain Employ; Assist Personal Activities High; Assist-Life Stage, Transition; Assist-Personal Activities; Assist-Travel/Transport; Daily Tasks/Shared Living; Development-Life Skills; Group/Centre Activities; Household Tasks; Participate Community; Spec Support Employ; Supported Independent Living",yes,"error:HTTPSConnectionPool(host='www.almostfamily.com.au', port=443): Max retries exceeded with url: / (Caused by NameResolutionError(""HTTPSConnection(host='www.almostfamily.com.au', port=443): Failed to resolve 'www.almostfamily.com.au' ([Errno -2] Name or service not known)""))",Medium,https://www.ndiscommission.gov.au/provider-registration/find-registered-provider,2026-09-29
72678326522,AMAZING GRACE SUPPORT SERVICES PTY LTD.,AMAZING GRACE SUPPORT SERVICES PTY LTD.,Amazing Grace Support Services Pty Ltd.,72678326522,private_company,Not publicly available,Assist-Personal Activities; Assist-Travel/Transport; Daily Tasks/Shared Living; Household Tasks; Innov Community Participation; Supported Independent Living,Katherine,Amazing Grace Support Services Pty Ltd.,Not publicly available,Not publicly available,Not publicly available,Not publicly available,Not publicly available,,,Not publicly available,,yes,Approved NDIS registration groups: Assist-Personal Activities; Assist-Travel/Transport; Daily Tasks/Shared Living; Household Tasks; Innov Community Participation; Supported Independent Living,yes,no official website,Medium,https://www.ndiscommission.gov.au/provider-registration/find-registered-provider,2026-09-29
69087521391,Alpha Plan Management and Your Nursing Agency,Alpha Plan Management and Your Nursing Agency,HEALTH MANAGEMENT AND NURSING SERVICES PTY LTD,69087521391,private_company,"Torrens Health is the group behind a growing family of Australian healthcare, aged care and disability brands, backed by a shared workforce engine and our own technology.","Assist Personal Activities High; Assist-Life Stage, Transition; Assist-Personal Activities; Assist-Travel/Transport; Community Nursing Care; Daily Tasks/Shared Living; Development-Life Skills; Household Tasks; Participate Community; Plan Management; Supported Independent Living",Other NT,"Alpha Plan Management NT, AU",+610871295000,https://torrenshealth.com.au/,Not publicly available,https://www.linkedin.com/company/40815984,Not publicly available,,,Not publicly available,,yes,"Approved NDIS registration groups: Assist Personal Activities High; Assist-Life Stage, Transition; Assist-Personal Activities; Assist-Travel/Transport; Community Nursing Care; Daily Tasks/Shared Living; Development-Life Skills; Household Tasks; Participate Community; Plan Management; Supported Independent Living",yes,ok,High,https://www.ndiscommission.gov.au/provider-registration/find-registered-provider | https://torrenshealth.com.au/,2026-09-29
18694864956,ANCHOR NURSING & DISABILITY SUPPORT SERVICES,ANCHOR NURSING & DISABILITY SUPPORT SERVICES,Anchor Collective Pty. Ltd.,18694864956,private_company,Not publicly available,"Assist Access/Maintain Employ; Assist Personal Activities High; Assist-Life Stage, Transition; Assist-Personal Activities; Assist-Travel/Transport; Community Nursing Care; Daily Tasks/Shared Living; Development-Life Skills; Group/Centre Activities; Household Tasks; Innov Community Participation; Participate Community; Spec Support Employ; Support Coordination",Other NT,"Anchor Nursing & Disability Support Services, AU",Not publicly available,Not publicly available,Not publicly available,Not publicly available,Not publicly available,,,Not publicly available,,yes,"Approved NDIS registration groups: Assist Access/Maintain Employ; Assist Personal Activities High; Assist-Life Stage, Transition; Assist-Personal Activities; Assist-Travel/Transport; Community Nursing Care; Daily Tasks/Shared Living; Development-Life Skills; Group/Centre Activities; Household Tasks; Innov Community Participation; Participate Community; Spec Support Employ; Support Coordination",yes,no official website,Medium,https://www.ndiscommission.gov.au/provider-registration/find-registered-provider,2026-09-29
16694182404,Anchorpoint Disability Services,Anchorpoint Disability Services,Ability Bloom Care Pty Ltd,16694182404,private_company,Not publicly available,"Accommodation/Tenancy; Assist Access/Maintain Employ; Assist-Life Stage, Transition; Assist-Personal Activities; Assist-Travel/Transport; Daily Tasks/Shared Living; Development-Life Skills; Group/Centre Activities; Household Tasks; Innov Community Participation; Participate Community; Supported Independent Living",Alice Springs,"SADADEEN, NT, 0870, AU",Not publicly available,Not publicly available,Not publicly available,Not publicly available,Not publicly available,,,Not publicly available,,yes,"Approved NDIS registration groups: Accommodation/Tenancy; Assist Access/Maintain Employ; Assist-Life Stage, Transition; Assist-Personal Activities; Assist-Travel/Transport; Daily Tasks/Shared Living; Development-Life Skills; Group/Centre Activities; Household Tasks; Innov Community Participation; Participate Community; Supported Independent Living",yes,no official website,Medium,https://www.ndiscommission.gov.au/provider-registration/find-registered-provider,2026-09-29
19683077376,ANGELINA CARE DISABILITY SERVICES PTY LTD,ANGELINA CARE DISABILITY SERVICES PTY LTD,Angelina Care Disability Services Pty Ltd,19683077376,private_company,Not publicly available,Assist Prod-Pers Care/Safety; Assist-Personal Activities; Assist-Travel/Transport; Daily Tasks/Shared Living; Development-Life Skills; Group/Centre Activities; Household Tasks; Participate Community; Supported Independent Living,Alice Springs,Angelina Care,Not publicly available,Not publicly available,Not publicly available,Not publicly available,Not publicly available,,,Not publicly available,,yes,Approved NDIS registration groups: Assist Prod-Pers Care/Safety; Assist-Personal Activities; Assist-Travel/Transport; Daily Tasks/Shared Living; Development-Life Skills; Group/Centre Activities; Household Tasks; Participate Community; Supported Independent Living,yes,no official website,Medium,https://www.ndiscommission.gov.au/provider-registration/find-registered-provider,2026-09-29
62657496592,ANI'S CARE PTY LTD,ANI'S CARE PTY LTD,Ani's Care Pty Ltd,62657496592,private_company,Ani’s Care is a trusted disability support worker in Darwin for NDIS participants. Call us on 0450 438 175 today to discuss personalised support.,"Accommodation/Tenancy; Assist Access/Maintain Employ; Assist-Life Stage, Transition; Assist-Personal Activities; Assist-Travel/Transport; Daily Tasks/Shared Living; Development-Life Skills; Household Tasks; Innov Community Participation; Participate Community; Spec Support Employ; Supported Independent Living",Darwin,"ANI'S CARE PTY LTD, AU",0450 438 175,https://www.anis-care.com.au/,info@anis-care.com.au,https://www.linkedin.com/company/ani-s-care-pty-ltd,Not publicly available,,,Not publicly available,,yes,"Approved NDIS registration groups: Accommodation/Tenancy; Assist Access/Maintain Employ; Assist-Life Stage, Transition; Assist-Personal Activities; Assist-Travel/Transport; Daily Tasks/Shared Living; Development-Life Skills; Household Tasks; Innov Community Participation; Participate Community; Spec Support Employ; Supported Independent Living",yes,ok,High,https://www.ndiscommission.gov.au/provider-registration/find-registered-provider | https://www.anis-care.com.au/,2026-09-29
84677907881,APEX AID HEALTH CARE PTY LTD,APEX AID HEALTH CARE PTY LTD,Apex Aid Health Care Pty Ltd,84677907881,private_company,Not publicly available,"Assist Personal Activities High; Assist-Life Stage, Transition; Assist-Personal Activities; Assist-Travel/Transport; Assistive Prod-Household Task; Community Nursing Care; Daily Tasks/Shared Living; Development-Life Skills; Group/Centre Activities; Household Tasks; Innov Community Participation; Participate Community; Personal Mobility Equipment; Specialised Disability Accommodation; Supported Independent Living",Darwin,APEX AID HEALTH CARE,+610420662691,Not publicly available,Not publicly available,Not publicly available,Not publicly available,,,Not publicly available,,yes,"Approved NDIS registration groups: Assist Personal Activities High; Assist-Life Stage, Transition; Assist-Personal Activities; Assist-Travel/Transport; Assistive Prod-Household Task; Community Nursing Care; Daily Tasks/Shared Living; Development-Life Skills; Group/Centre Activities; Household Tasks; Innov Community Participation; Participate Community; Personal Mobility Equipment; Specialised Disability Accommodation; Supported Independent Living",yes,no official website,Medium,https://www.ndiscommission.gov.au/provider-registration/find-registered-provider,2026-09-29
95692463102,ALICE CONNECTION PTY LTD,ALICE CONNECTION PTY LTD,Alice Connection Pty Ltd,95692463102,private_company,Not publicly available,"Accommodation/Tenancy; Assist Access/Maintain Employ; Assist-Life Stage, Transition; Assist-Personal Activities; Assist-Travel/Transport; Daily Tasks/Shared Living; Development-Life Skills; Group/Centre Activities; Household Tasks; Innov Community Participation; Participate Community; Spec Support Employ; Supported Independent Living",Other NT,"ALICE CONNECTION, AU",+610401020904,https://aliceconnection.com.au/,Not publicly available,Not publicly available,Not publicly available,,,Not publicly available,,yes,"Approved NDIS registration groups: Accommodation/Tenancy; Assist Access/Maintain Employ; Assist-Life Stage, Transition; Assist-Personal Activities; Assist-Travel/Transport; Daily Tasks/Shared Living; Development-Life Skills; Group/Centre Activities; Household Tasks; Innov Community Participation; Participate Community; Spec Support Employ; Supported Independent Living",yes,ok,Medium,https://www.ndiscommission.gov.au/provider-registration/find-registered-provider | https://aliceconnection.com.au/,2026-09-29
55635195176,ARAFURA MOBILITY,ARAFURA MOBILITY,Sitg Ventures Pty Ltd,55635195176,private_company,Not publicly available,Assist Prod-Pers Care/Safety; Assistive Prod-Household Task; Personal Mobility Equipment,Darwin,Scooters & Mobility Darwin,+610403760499,Not publicly available,Not publicly available,Not publicly available,Not publicly available,,,Not publicly available,,yes,Approved NDIS registration groups: Assist Prod-Pers Care/Safety; Assistive Prod-Household Task; Personal Mobility Equipment,yes,no official website,Medium,https://www.ndiscommission.gov.au/provider-registration/find-registered-provider,2026-09-29
81648608968,ALPHA PLAN MANAGEMENT PTY LTD,ALPHA PLAN MANAGEMENT PTY LTD,Alpha Plan Management Pty Ltd,81648608968,private_company,Not publicly available,Plan Management,Other NT,"Alpha Plan Managment NT, 242 Glen Osmond Road, FULLARTON, SA, 5063, AU",+611300290602,https://www.alphaplanmanagement.com.au/,Not publicly available,Not publicly available,Not publicly available,,,Not publicly available,,yes,Approved NDIS registration groups: Plan Management,yes,ok,Medium,https://www.ndiscommission.gov.au/provider-registration/find-registered-provider | https://www.alphaplanmanagement.com.au/,2026-09-29
68656292063,ARK SUPPORT COORDINATORS PTY LTD,ARK SUPPORT COORDINATORS PTY LTD,ARK SUPPORT COORDINATORS PTY LTD,68656292063,private_company,"ARK Planit connects NDIS participants with independent disability support coordinators, offering peer support, strong practice frameworks and values‑driven guidance to help you navigate the NDIS and achieve your goals.","Assist-Life Stage, Transition; Support Coordination","Darwin, Alice Springs","Northern Territory, AU",+610476271819,https://www.arkplanit.com/,info@arkndis.com,Not publicly available,Not publicly available,,,Not publicly available,,yes,"Approved NDIS registration groups: Assist-Life Stage, Transition; Support Coordination",yes,ok,High,https://www.ndiscommission.gov.au/provider-registration/find-registered-provider | https://www.arkplanit.com/,2026-09-29
23655962655,ASSAD CARE SERVICES,ASSAD CARE SERVICES,Assad Care NT Pty Ltd,23655962655,private_company,Assad Care NT is a disability service provider based in Palmerston.,Accommodation/Tenancy; Assist-Personal Activities; Assist-Travel/Transport; Daily Tasks/Shared Living; Development-Life Skills; Group/Centre Activities; Household Tasks; Interpret/Translate; Participate Community; Support Coordination; Supported Independent Living; Therapeutic Supports,Palmerston,"PALMERSTON CITY, NT, 0830, AU",4-4947-9299,https://www.assadcarent.com/,info@assadcarent.com,https://www.linkedin.com/company/assad-care-services,Not publicly available,,,Not publicly available,,yes,Approved NDIS registration groups: Accommodation/Tenancy; Assist-Personal Activities; Assist-Travel/Transport; Daily Tasks/Shared Living; Development-Life Skills; Group/Centre Activities; Household Tasks; Interpret/Translate; Participate Community; Support Coordination; Supported Independent Living; Therapeutic Supports,yes,ok,High,https://www.ndiscommission.gov.au/provider-registration/find-registered-provider | https://www.assadcarent.com/,2026-09-29
15675122273,AUS CARE PROVIDER PLUS PTY LTD,AUS CARE PROVIDER PLUS PTY LTD,Aus Care Provider Plus Pty Ltd,15675122273,private_company,Not publicly available,Assist-Personal Activities; Assist-Travel/Transport; Daily Tasks/Shared Living; Development-Life Skills; Group/Centre Activities; Household Tasks; Participate Community; Supported Independent Living,Katherine,Aus Care Provider Plus Pty Ltd,Not publicly available,Not publicly available,Not publicly available,Not publicly available,Not publicly available,,,Not publicly available,,yes,Approved NDIS registration groups: Assist-Personal Activities; Assist-Travel/Transport; Daily Tasks/Shared Living; Development-Life Skills; Group/Centre Activities; Household Tasks; Participate Community; Supported Independent Living,yes,no official website,Medium,https://www.ndiscommission.gov.au/provider-registration/find-registered-provider,2026-09-29
51662131697,AUSTRALIA ONE SUPPORT SERVICES,AUSTRALIA ONE SUPPORT SERVICES,Australia One Care Pty Ltd,51662131697,private_company,Not publicly available,Assist-Personal Activities; Assist-Travel/Transport; Daily Tasks/Shared Living; Development-Life Skills; Group/Centre Activities; Household Tasks; Innov Community Participation; Participate Community; Supported Independent Living,Darwin,AUSTRALIA ONE CARE PTY LTD,+610456413333,Not publicly available,Not publicly available,Not publicly available,Not publicly available,,,Not publicly available,,yes,Approved NDIS registration groups: Assist-Personal Activities; Assist-Travel/Transport; Daily Tasks/Shared Living; Development-Life Skills; Group/Centre Activities; Household Tasks; Innov Community Participation; Participate Community; Supported Independent Living,yes,no official website,Medium,https://www.ndiscommission.gov.au/provider-registration/find-registered-provider,2026-09-29
91647542541,APEX DISABILITY SUPPORT SERVICES PTY LTD,APEX DISABILITY SUPPORT SERVICES PTY LTD,APEX DISABILITY SUPPORT SERVICES PTY LTD,91647542541,private_company,"Apex Disability Support Services is a trusted NDIS provider of disability support services, operating across the Queensland and Northern Territory. We are a registered NDIS provider. At the core of our services is a strong dedication to person-centred care. Our founding team consists of passionate professionals with over two decades of combined expertise in the disability support sector.","Assist Personal Activities High; Assist-Life Stage, Transition; Assist-Personal Activities; Assist-Travel/Transport; Behaviour Support; Community Nursing Care; Daily Tasks/Shared Living; Development-Life Skills; Group/Centre Activities; Household Tasks; Innov Community Participation; Participate Community; Supported Independent Living",Other NT,"APEX DISABILITY SUPPORT SERVICES PTY LTD, 103 Danbulla Street, SOUTH RIPLEY, QLD, 4306, AU",+61 427 112 171,https://apexdisabilitysupport.com.au/,info@apexdisabilitysupport.com.au,Not publicly available,Not publicly available,,,Not publicly available,,yes,"Approved NDIS registration groups: Assist Personal Activities High; Assist-Life Stage, Transition; Assist-Personal Activities; Assist-Travel/Transport; Behaviour Support; Community Nursing Care; Daily Tasks/Shared Living; Development-Life Skills; Group/Centre Activities; Household Tasks; Innov Community Participation; Participate Community; Supported Independent Living",yes,ok,High,https://www.ndiscommission.gov.au/provider-registration/find-registered-provider | https://apexdisabilitysupport.com.au/,2026-09-29
62679876914,ARAFURA COMMUNITY CARE PTY LTD,ARAFURA COMMUNITY CARE PTY LTD,Arafura Community Care Pty Ltd,62679876914,private_company,"Your journey, your way. Arafura Community Care offers dedicated disability support tailored to the unique needs of our local mob and community. From daily living assistance to community participation, we work with you to ensure you get the right support to live a strong, fulfilling life. At Arafura Community Care, our vision is to create a community where people of all abilities have the opportuni","Assist Personal Activities High; Assist-Life Stage, Transition; Assist-Personal Activities; Assist-Travel/Transport; Community Nursing Care; Daily Tasks/Shared Living; Development-Life Skills; Group/Centre Activities; Household Tasks; Participate Community; Supported Independent Living",Other NT,Arafura Community Care Pty Ltd,+61 422 558 725,https://arafuracommunitycare.com.au/,info@arafuracommunitycare.com.au,Not publicly available,Not publicly available,,,Not publicly available,,yes,"Approved NDIS registration groups: Assist Personal Activities High; Assist-Life Stage, Transition; Assist-Personal Activities; Assist-Travel/Transport; Community Nursing Care; Daily Tasks/Shared Living; Development-Life Skills; Group/Centre Activities; Household Tasks; Participate Community; Supported Independent Living",yes,ok,High,https://www.ndiscommission.gov.au/provider-registration/find-registered-provider | https://arafuracommunitycare.com.au/,2026-09-29
65685908981,AXIS CARE SERVICES PTY LTD,AXIS CARE SERVICES PTY LTD,Axis Care Services Pty Ltd,65685908981,private_company,Not publicly available,"Accommodation/Tenancy; Assist Access/Maintain Employ; Assist Personal Activities High; Assist-Life Stage, Transition; Assist-Personal Activities; Assist-Travel/Transport; Community Nursing Care; Daily Tasks/Shared Living; Development-Life Skills; Group/Centre Activities; Household Tasks; Innov Community Participation; Participate Community; Supported Independent Living; Therapeutic Supports",Alice Springs,"Physical, Unit 2, 19 Mercorella Circuit, SADADEEN, NT, 0870, AU",+610478515786,Not publicly available,Not publicly available,Not publicly available,Not publicly available,,,Not publicly available,,yes,"Approved NDIS registration groups: Accommodation/Tenancy; Assist Access/Maintain Employ; Assist Personal Activities High; Assist-Life Stage, Transition; Assist-Personal Activities; Assist-Travel/Transport; Community Nursing Care; Daily Tasks/Shared Living; Development-Life Skills; Group/Centre Activities; Household Tasks; Innov Community Participation; Participate Community; Supported Independent Living; Therapeutic Supports",yes,no official website,Medium,https://www.ndiscommission.gov.au/provider-registration/find-registered-provider,2026-09-29
75668715955,ASTRAL CARE,ASTRAL CARE,Astral Care Services Pty. Ltd.,75668715955,private_company,We Respect & Recognize the Rich Indigenous Heritage of Australia & Provide Services for all under our care.,"Assist-Life Stage, Transition; Assist-Personal Activities; Assist-Travel/Transport; Daily Tasks/Shared Living; Development-Life Skills; Group/Centre Activities; Household Tasks; Innov Community Participation; Participate Community; Supported Independent Living",Other NT,"BELLAMACK, NT, 0832, AU",Not publicly available,https://www.astralcare.com.au/,Not publicly available,Not publicly available,Not publicly available,,,Not publicly available,,yes,"Approved NDIS registration groups: Assist-Life Stage, Transition; Assist-Personal Activities; Assist-Travel/Transport; Daily Tasks/Shared Living; Development-Life Skills; Group/Centre Activities; Household Tasks; Innov Community Participation; Participate Community; Supported Independent Living",yes,ok,Medium,https://www.ndiscommission.gov.au/provider-registration/find-registered-provider | https://www.astralcare.com.au/,2026-09-29
36686848019,BARAKA 4U PTY LTD,BARAKA 4U PTY LTD,Baraka 4u Pty Ltd,36686848019,private_company,Not publicly available,"Assist-Life Stage, Transition; Assist-Personal Activities; Assist-Travel/Transport; Daily Tasks/Shared Living; Development-Life Skills; Group/Centre Activities; Household Tasks; Participate Community; Supported Independent Living",Darwin,"Baraka 4U Pty Ltd, AU",+610469099395,Not publicly available,Not publicly available,Not publicly available,Not publicly available,,,Not publicly available,,yes,"Approved NDIS registration groups: Assist-Life Stage, Transition; Assist-Personal Activities; Assist-Travel/Transport; Daily Tasks/Shared Living; Development-Life Skills; Group/Centre Activities; Household Tasks; Participate Community; Supported Independent Living",yes,no official website,Medium,https://www.ndiscommission.gov.au/provider-registration/find-registered-provider,2026-09-29
16655517043,AWANA CARE,AWANA CARE,Awana Care Pty Ltd,16655517043,private_company,Companionship is key to a trusted relationship with our caregivers. We not only strive to help you with everyday tasks but want to develop a caring relationship with you. We provide one-on-one attention and care that cannot compare in other settings. Feel better in the comfort of your own home. We specialise in care and daily living assistance to an array of individuals. Whether you need daily or ,"Accommodation/Tenancy; Assist-Life Stage, Transition; Assist-Personal Activities; Assist-Travel/Transport; Daily Tasks/Shared Living; Development-Life Skills; Group/Centre Activities; Household Tasks; Innov Community Participation; Participate Community; Specialised Disability Accommodation; Supported Independent Living",Palmerston,Awana Home,+610422420650,https://awanacare.com.au/,Not publicly available,Not publicly available,Not publicly available,,,Not publicly available,,yes,"Approved NDIS registration groups: Accommodation/Tenancy; Assist-Life Stage, Transition; Assist-Personal Activities; Assist-Travel/Transport; Daily Tasks/Shared Living; Development-Life Skills; Group/Centre Activities; Household Tasks; Innov Community Participation; Participate Community; Specialised Disability Accommodation; Supported Independent Living",yes,ok,Medium,https://www.ndiscommission.gov.au/provider-registration/find-registered-provider | https://awanacare.com.au/,2026-09-29
76660328307,BEE LIFE SUPPORT,BEE LIFE SUPPORT,Bee Life Support Pty Ltd,76660328307,private_company,Not publicly available,"Assist Access/Maintain Employ; Assist Personal Activities High; Assist-Life Stage, Transition; Assist-Personal Activities; Assist-Travel/Transport; Community Nursing Care; Daily Tasks/Shared Living; Development-Life Skills; Group/Centre Activities; Household Tasks; Innov Community Participation; Participate Community; Supported Independent Living",Other NT,"BEE LIFE SUPPORT, AU",Not publicly available,Not publicly available,Not publicly available,Not publicly available,Not publicly available,,,Not publicly available,,yes,"Approved NDIS registration groups: Assist Access/Maintain Employ; Assist Personal Activities High; Assist-Life Stage, Transition; Assist-Personal Activities; Assist-Travel/Transport; Community Nursing Care; Daily Tasks/Shared Living; Development-Life Skills; Group/Centre Activities; Household Tasks; Innov Community Participation; Participate Community; Supported Independent Living",yes,no official website,Medium,https://www.ndiscommission.gov.au/provider-registration/find-registered-provider,2026-09-29
16681190803,Assistive Technology Lab,Assistive Technology Lab,Atlab Group Pty Ltd,16681190803,private_company,ATLAB - Assistance Technology Lab,Assist Prod-Pers Care/Safety; Assistive Equip-Recreation; Assistive Prod-Household Task; Comms & Info Equipment; Custom Prosthetics; Ex Phys Pers Training; Home Modification; Innov Community Participation; Personal Mobility Equipment; Therapeutic Supports; Vision Equipment,Alice Springs,Assistive Technology Lab (Central),0410 544 731,https://atlab.com.au/,Not publicly available,Not publicly available,Not publicly available,,,Not publicly available,,yes,Approved NDIS registration groups: Assist Prod-Pers Care/Safety; Assistive Equip-Recreation; Assistive Prod-Household Task; Comms & Info Equipment; Custom Prosthetics; Ex Phys Pers Training; Home Modification; Innov Community Participation; Personal Mobility Equipment; Therapeutic Supports; Vision Equipment,yes,ok,Medium,https://www.ndiscommission.gov.au/provider-registration/find-registered-provider | https://atlab.com.au/,2026-09-29
77656610801,BETTER CARE PROVIDER,BETTER CARE PROVIDER,Lakan Care Pty Ltd,77656610801,private_company,Not publicly available,"Assist Access/Maintain Employ; Assist Personal Activities High; Assist-Life Stage, Transition; Assist-Personal Activities; Assist-Travel/Transport; Community Nursing Care; Daily Tasks/Shared Living; Development-Life Skills; Group/Centre Activities; Household Tasks; Innov Community Participation; Participate Community; Supported Independent Living",Other NT,"Lakan Care Pty Ltd, AU",+610499092309,Not publicly available,Not publicly available,Not publicly available,Not publicly available,,,Not publicly available,,yes,"Approved NDIS registration groups: Assist Access/Maintain Employ; Assist Personal Activities High; Assist-Life Stage, Transition; Assist-Personal Activities; Assist-Travel/Transport; Community Nursing Care; Daily Tasks/Shared Living; Development-Life Skills; Group/Centre Activities; Household Tasks; Innov Community Participation; Participate Community; Supported Independent Living",yes,no official website,Medium,https://www.ndiscommission.gov.au/provider-registration/find-registered-provider,2026-09-29
96629424915,Better Connections NT PTY LTD,Better Connections NT PTY LTD,BETTER CONNECTIONS NT PTY LTD,96629424915,private_company,Not publicly available,"Assist Access/Maintain Employ; Assist-Life Stage, Transition; Assist-Personal Activities; Assist-Travel/Transport; Daily Tasks/Shared Living; Development-Life Skills; Group/Centre Activities; Participate Community; Supported Independent Living",Darwin,"Better Connections NT, 36, 465 Stuart Highway, COOLALINGA, NT, 0839, AU",+610418988770,Not publicly available,Not publicly available,Not publicly available,Not publicly available,,,Not publicly available,,yes,"Approved NDIS registration groups: Assist Access/Maintain Employ; Assist-Life Stage, Transition; Assist-Personal Activities; Assist-Travel/Transport; Daily Tasks/Shared Living; Development-Life Skills; Group/Centre Activities; Participate Community; Supported Independent Living",yes,no official website,Medium,https://www.ndiscommission.gov.au/provider-registration/find-registered-provider,2026-09-29
96657770066,Bal Cor,Bal Cor,Balanced Coordination Support Services Pty Ltd,96657770066,private_company,"We provide cultural safety and respectful support for you and your families. We believe all people’s rights should be protected, recognised, and respected. We believe in empowering people living with a disability and prioritising Individual needs that contribute to their health and wellbeing.","Accommodation/Tenancy; Assist Access/Maintain Employ; Assist-Life Stage, Transition; Assist-Personal Activities; Assist-Travel/Transport; Behaviour Support; Daily Tasks/Shared Living; Development-Life Skills; Group/Centre Activities; Household Tasks; Innov Community Participation; Participate Community; Supported Independent Living",Darwin,"BALANCED COORDINATION SUPPORT SERVICES PTY LTD, AU",828895595,https://www.balcor.com.au/,caring@balcor.com.au,Not publicly available,Not publicly available,,,Not publicly available,,yes,"Approved NDIS registration groups: Accommodation/Tenancy; Assist Access/Maintain Employ; Assist-Life Stage, Transition; Assist-Personal Activities; Assist-Travel/Transport; Behaviour Support; Daily Tasks/Shared Living; Development-Life Skills; Group/Centre Activities; Household Tasks; Innov Community Participation; Participate Community; Supported Independent Living",yes,ok,High,https://www.ndiscommission.gov.au/provider-registration/find-registered-provider | https://www.balcor.com.au/,2026-09-29
34648955837,BDMS COMMUNITY SERVICES PTY LTD,BDMS COMMUNITY SERVICES PTY LTD,BDMS COMMUNITY SERVICES PTY LTD,34648955837,private_company,Not publicly available,Assist Personal Activities High; Assist-Personal Activities; Assist-Travel/Transport; Assistive Prod-Household Task; Community Nursing Care; Daily Tasks/Shared Living; Group/Centre Activities; Household Tasks; Innov Community Participation; Participate Community; Specialised Disability Accommodation; Supported Independent Living,Darwin,"BDMS Community Services, Head office",+611300108512,https://www.bdmscommunityservices.com.au/,Not publicly available,Not publicly available,Not publicly available,,,Not publicly available,,yes,Approved NDIS registration groups: Assist Personal Activities High; Assist-Personal Activities; Assist-Travel/Transport; Assistive Prod-Household Task; Community Nursing Care; Daily Tasks/Shared Living; Group/Centre Activities; Household Tasks; Innov Community Participation; Participate Community; Specialised Disability Accommodation; Supported Independent Living,yes,ok,Medium,https://www.ndiscommission.gov.au/provider-registration/find-registered-provider | https://www.bdmscommunityservices.com.au/,2026-09-29
78641701108,BETTER N BEYOND,BETTER N BEYOND,SAS INITIATIVE PTY LTD,78641701108,private_company,Not publicly available,"Accommodation/Tenancy; Assist Access/Maintain Employ; Assist Personal Activities High; Assist-Life Stage, Transition; Assist-Personal Activities; Assist-Travel/Transport; Behaviour Support; Community Nursing Care; Daily Tasks/Shared Living; Development-Life Skills; Group/Centre Activities; Household Tasks; Innov Community Participation; Participate Community; Support Coordination; Supported Independent Living; Therapeutic Supports",Darwin,"Better n Beyond, T 13,, 60 Winnellie Road, WINNELLIE, NT, 0820, AU",+610493719206,https://www.betternbeyond.com.au/,Not publicly available,Not publicly available,Not publicly available,,,Not publicly available,,yes,"Approved NDIS registration groups: Accommodation/Tenancy; Assist Access/Maintain Employ; Assist Personal Activities High; Assist-Life Stage, Transition; Assist-Personal Activities; Assist-Travel/Transport; Behaviour Support; Community Nursing Care; Daily Tasks/Shared Living; Development-Life Skills; Group/Centre Activities; Household Tasks; Innov Community Participation; Participate Community; Support Coordination; Supported Independent Living; Therapeutic Supports",yes,ok,Medium,https://www.ndiscommission.gov.au/provider-registration/find-registered-provider | https://www.betternbeyond.com.au/,2026-09-29
99643633943,Being Well,Being Well,BEING MENTORS PTY LTD,99643633943,private_company,"We provide support work and community access for people of all abilities. Delivering well-trained staff who have a passion and desire to see people achieve, Being Mentors prides their work on ensuring clients happiness and growth.","Assist Access/Maintain Employ; Assist-Life Stage, Transition; Assist-Personal Activities; Behaviour Support; Daily Tasks/Shared Living; Development-Life Skills; Early Childhood Supports; Group/Centre Activities; Innov Community Participation; Participate Community; Supported Independent Living; Therapeutic Supports",Darwin,"Being Mentors - NT, Unit 6, 69 Progress Drive, NIGHTCLIFF, NT, 0810, AU",+610433844332,https://www.beingmentors.com.au/,Not publicly available,https://www.linkedin.com/company/being-mentors,Not publicly available,,,Not publicly available,,yes,"Approved NDIS registration groups: Assist Access/Maintain Employ; Assist-Life Stage, Transition; Assist-Personal Activities; Behaviour Support; Daily Tasks/Shared Living; Development-Life Skills; Early Childhood Supports; Group/Centre Activities; Innov Community Participation; Participate Community; Supported Independent Living; Therapeutic Supports",yes,ok,High,https://www.ndiscommission.gov.au/provider-registration/find-registered-provider | https://www.beingmentors.com.au/,2026-09-29
81669522230,BORS COMMUNITY SERVICES,BORS COMMUNITY SERVICES,Bors Community Services Pty Ltd,81669522230,private_company,Not publicly available,"Assist Access/Maintain Employ; Assist Personal Activities High; Assist-Life Stage, Transition; Assist-Personal Activities; Assist-Travel/Transport; Community Nursing Care; Daily Tasks/Shared Living; Development-Life Skills; Group/Centre Activities; Household Tasks; Innov Community Participation; Participate Community; Spec Support Employ; Supported Independent Living",Palmerston,BORS COMMUNITY SERVICES,Not publicly available,Not publicly available,Not publicly available,Not publicly available,Not publicly available,,,Not publicly available,,yes,"Approved NDIS registration groups: Assist Access/Maintain Employ; Assist Personal Activities High; Assist-Life Stage, Transition; Assist-Personal Activities; Assist-Travel/Transport; Community Nursing Care; Daily Tasks/Shared Living; Development-Life Skills; Group/Centre Activities; Household Tasks; Innov Community Participation; Participate Community; Spec Support Employ; Supported Independent Living",yes,no official website,Medium,https://www.ndiscommission.gov.au/provider-registration/find-registered-provider,2026-09-29
47665282100,BLUEGUM ABILITY SERVICES PTY LTD,BLUEGUM ABILITY SERVICES PTY LTD,BLUEGUM ABILITY SERVICES PTY LTD,47665282100,private_company,"Bluegum Ability Services, an NDIS-registered provider, offers personalised disability support and care services across Northern Territory and Queensland. We are committed to empowering individuals through quality, compassionate support. Discover our services today.","Assist-Life Stage, Transition; Assist-Personal Activities; Assist-Travel/Transport; Daily Tasks/Shared Living; Development-Life Skills; Group/Centre Activities; Household Tasks; Participate Community; Supported Independent Living","Darwin, Tennant Creek","SIL, 33 Kittle Street, TENNANT CREEK, NT, 0860, AU",0449 753 407,https://www.bluegumability.com/,admin@bluegumability.com,https://www.linkedin.com/company/bluegum-ability-services,Not publicly available,,,Not publicly available,,yes,"Approved NDIS registration groups: Assist-Life Stage, Transition; Assist-Personal Activities; Assist-Travel/Transport; Daily Tasks/Shared Living; Development-Life Skills; Group/Centre Activities; Household Tasks; Participate Community; Supported Independent Living",yes,ok,High,https://www.ndiscommission.gov.au/provider-registration/find-registered-provider | https://www.bluegumability.com/,2026-09-29
35688070224,BRIDGE OF HOPE CARE PTY LTD,BRIDGE OF HOPE CARE PTY LTD,Bridge of Hope Care Pty Ltd,35688070224,private_company,Not publicly available,"Assist Personal Activities High; Assist-Life Stage, Transition; Assist-Personal Activities; Assist-Travel/Transport; Community Nursing Care; Daily Tasks/Shared Living; Development-Life Skills; Group/Centre Activities; Household Tasks; Innov Community Participation; Participate Community; Supported Independent Living",Darwin,BRIDGE OF HOPE CARE PTY LTD,Not publicly available,Not publicly available,Not publicly available,Not publicly available,Not publicly available,,,Not publicly available,,yes,"Approved NDIS registration groups: Assist Personal Activities High; Assist-Life Stage, Transition; Assist-Personal Activities; Assist-Travel/Transport; Community Nursing Care; Daily Tasks/Shared Living; Development-Life Skills; Group/Centre Activities; Household Tasks; Innov Community Participation; Participate Community; Supported Independent Living",yes,no official website,Medium,https://www.ndiscommission.gov.au/provider-registration/find-registered-provider,2026-09-29
80602022435,Better Rehabilitation,Better Rehabilitation,BETTER REHABILITATION PTY. LTD.,80602022435,private_company,"As your trusted allied healthcare provider, we offer support in occupational therapy, speech pathology, physio, exercise physiology, & behaviour support.",Behaviour Support; Early Childhood Supports; Ex Phys Pers Training; Therapeutic Supports,Darwin,"Better Rehab - Darwin NT, AU",1300 073 422,https://betterrehab.com.au/,admin@betterrehab.com.au,https://www.linkedin.com/company/better-rehab,Not publicly available,,,Not publicly available,,yes,Approved NDIS registration groups: Behaviour Support; Early Childhood Supports; Ex Phys Pers Training; Therapeutic Supports,yes,ok,High,https://www.ndiscommission.gov.au/provider-registration/find-registered-provider | https://betterrehab.com.au/,2026-09-29
20676302908,BRIDGECARE COMMUNITY SERVICES PTY LTD,BRIDGECARE COMMUNITY SERVICES PTY LTD,Bridgecare Community Services Pty Ltd,20676302908,private_company,Not publicly available,"Assist Access/Maintain Employ; Assist Personal Activities High; Assist-Life Stage, Transition; Assist-Personal Activities; Assist-Travel/Transport; Community Nursing Care; Daily Tasks/Shared Living; Development-Life Skills; Group/Centre Activities; Household Tasks; Innov Community Participation; Participate Community; Supported Independent Living",Other NT,Bridgecare Community Services Pty Ltd,+610401585999,Not publicly available,Not publicly available,Not publicly available,Not publicly available,,,Not publicly available,,yes,"Approved NDIS registration groups: Assist Access/Maintain Employ; Assist Personal Activities High; Assist-Life Stage, Transition; Assist-Personal Activities; Assist-Travel/Transport; Community Nursing Care; Daily Tasks/Shared Living; Development-Life Skills; Group/Centre Activities; Household Tasks; Innov Community Participation; Participate Community; Supported Independent Living",yes,no official website,Medium,https://www.ndiscommission.gov.au/provider-registration/find-registered-provider,2026-09-29
66656174604,BIG SKY PSYCHOLOGY PTY LTD,BIG SKY PSYCHOLOGY PTY LTD,Big Sky Psychology Pty Ltd,66656174604,private_company,"Telehealth psychology and online counselling for people in Darwin, the Northern Territory and other remote areas across Australia.",Therapeutic Supports,Katherine,Big Sky Psychology,08 8986 0666,https://bigskypsychology.com.au/,info@bigskypsychology.com.au,Not publicly available,Not publicly available,,,Not publicly available,,yes,Approved NDIS registration groups: Therapeutic Supports,yes,ok,High,https://www.ndiscommission.gov.au/provider-registration/find-registered-provider | https://bigskypsychology.com.au/,2026-09-29
82632901798,Bright Lily Pty Ltd,Bright Lily Pty Ltd,BRIGHT LILY PTY LTD,82632901798,private_company,LilyCare Disability Support Services in Australia,"Accommodation/Tenancy; Assist Access/Maintain Employ; Assist Personal Activities High; Assist-Life Stage, Transition; Assist-Personal Activities; Assist-Travel/Transport; Community Nursing Care; Daily Tasks/Shared Living; Development-Life Skills; Group/Centre Activities; Household Tasks; Innov Community Participation; Participate Community; Support Coordination; Supported Independent Living",Alice Springs,Bright Lily Pty Ltd T/as Lily Care (VIC),+610413636566,https://lilycare.com.au/,Not publicly available,Not publicly available,Not publicly available,,,Not publicly available,,yes,"Approved NDIS registration groups: Accommodation/Tenancy; Assist Access/Maintain Employ; Assist Personal Activities High; Assist-Life Stage, Transition; Assist-Personal Activities; Assist-Travel/Transport; Community Nursing Care; Daily Tasks/Shared Living; Development-Life Skills; Group/Centre Activities; Household Tasks; Innov Community Participation; Participate Community; Support Coordination; Supported Independent Living",yes,ok,Medium,https://www.ndiscommission.gov.au/provider-registration/find-registered-provider | https://lilycare.com.au/,2026-09-29
75641339915,BRIGHTER FUTURES CONSULTING PTY LTD,BRIGHTER FUTURES CONSULTING PTY LTD,BRIGHTER FUTURES CONSULTING PTY LTD,75641339915,private_company,Not publicly available,"Assist-Life Stage, Transition; Behaviour Support; Group/Centre Activities; Participate Community; Support Coordination; Therapeutic Supports",Darwin,"T27, Level 1, 60 Winnellie Road, 60 Winnellie Road, WINNELLIE, NT, 0820, AU",+610457944506,Not publicly available,Not publicly available,Not publicly available,Not publicly available,,,Not publicly available,,yes,"Approved NDIS registration groups: Assist-Life Stage, Transition; Behaviour Support; Group/Centre Activities; Participate Community; Support Coordination; Therapeutic Supports",yes,no official website,Medium,https://www.ndiscommission.gov.au/provider-registration/find-registered-provider,2026-09-29
15670502459,BRIGHTPOINT CARE SERVICES PTY LTD.,BRIGHTPOINT CARE SERVICES PTY LTD.,Brightpoint Care Services Pty Ltd.,15670502459,private_company,Not publicly available,"Assist Personal Activities High; Assist-Life Stage, Transition; Assist-Personal Activities; Assist-Travel/Transport; Community Nursing Care; Daily Tasks/Shared Living; Development-Life Skills; Group/Centre Activities; Household Tasks; Innov Community Participation; Participate Community; Supported Independent Living",Alice Springs,BRIGHTPOINT CARE SERVICES PTY LTD,+610426714327,Not publicly available,Not publicly available,Not publicly available,Not publicly available,,,Not publicly available,,yes,"Approved NDIS registration groups: Assist Personal Activities High; Assist-Life Stage, Transition; Assist-Personal Activities; Assist-Travel/Transport; Community Nursing Care; Daily Tasks/Shared Living; Development-Life Skills; Group/Centre Activities; Household Tasks; Innov Community Participation; Participate Community; Supported Independent Living",yes,no official website,Medium,https://www.ndiscommission.gov.au/provider-registration/find-registered-provider,2026-09-29
60681859763,BRIGHTWAY ABILITIES PTY LTD,BRIGHTWAY ABILITIES PTY LTD,Brightway Abilities Pty Ltd,60681859763,private_company,Not publicly available,"Accommodation/Tenancy; Assist Access/Maintain Employ; Assist-Life Stage, Transition; Assist-Personal Activities; Assist-Travel/Transport; Community Nursing Care; Daily Tasks/Shared Living; Development-Life Skills; Group/Centre Activities; Household Tasks; Innov Community Participation; Participate Community; Spec Support Employ; Specialised Disability Accommodation; Supported Independent Living",Palmerston,Brightway Abilities,+610422121973,Not publicly available,Not publicly available,Not publicly available,Not publicly available,,,Not publicly available,,yes,"Approved NDIS registration groups: Accommodation/Tenancy; Assist Access/Maintain Employ; Assist-Life Stage, Transition; Assist-Personal Activities; Assist-Travel/Transport; Community Nursing Care; Daily Tasks/Shared Living; Development-Life Skills; Group/Centre Activities; Household Tasks; Innov Community Participation; Participate Community; Spec Support Employ; Specialised Disability Accommodation; Supported Independent Living",yes,no official website,Medium,https://www.ndiscommission.gov.au/provider-registration/find-registered-provider,2026-09-29
80632289813,AMAZING GRACE COMMUNITY SERVICES PTY. LTD.,AMAZING GRACE COMMUNITY SERVICES PTY. LTD.,AMAZING GRACE COMMUNITY SERVICES PTY. LTD.,80632289813,private_company,"Explore NDIS-funded accommodation, SIL, respite & living supports across NT, SA & WA. Amazing Grace offers trusted, person-centred care. Enquire now.","Accommodation/Tenancy; Assist Access/Maintain Employ; Assist Personal Activities High; Assist-Life Stage, Transition; Assist-Personal Activities; Assist-Travel/Transport; Assistive Prod-Household Task; Daily Tasks/Shared Living; Development-Life Skills; Group/Centre Activities; Household Tasks; Innov Community Participation; Participate Community; Supported Independent Living","Darwin, Palmerston","31 Landsborough Street, Bakwell, 31 Landsborough Street, BAKEWELL, NT, 0832, AU",08 8932 9246,https://amazingcommunityservices.com.au/,admin@amazingcommunityservices.com.au,https://www.linkedin.com/company/amazing-grace-communıty-servıces,Not publicly available,,,Not publicly available,,yes,"Approved NDIS registration groups: Accommodation/Tenancy; Assist Access/Maintain Employ; Assist Personal Activities High; Assist-Life Stage, Transition; Assist-Personal Activities; Assist-Travel/Transport; Assistive Prod-Household Task; Daily Tasks/Shared Living; Development-Life Skills; Group/Centre Activities; Household Tasks; Innov Community Participation; Participate Community; Supported Independent Living",yes,ok,High,https://www.ndiscommission.gov.au/provider-registration/find-registered-provider | https://amazingcommunityservices.com.au/,2026-09-29
75678937356,BRIDGE OF HOPE COMMUNITY SERVICES PTY LTD,BRIDGE OF HOPE COMMUNITY SERVICES PTY LTD,Bridge of Hope Community Services Pty Ltd,75678937356,private_company,Not publicly available,"Assist-Life Stage, Transition; Assist-Personal Activities; Assist-Travel/Transport; Daily Tasks/Shared Living; Development-Life Skills; Group/Centre Activities; Household Tasks; Innov Community Participation; Participate Community; Supported Independent Living; Therapeutic Supports",Other NT,"Bridge Of Hope Community Services Pty Ltd, AU",+610404951621,https://www.bridgeofhopecs.com.au,Not publicly available,Not publicly available,Not publicly available,,,Not publicly available,,yes,"Approved NDIS registration groups: Assist-Life Stage, Transition; Assist-Personal Activities; Assist-Travel/Transport; Daily Tasks/Shared Living; Development-Life Skills; Group/Centre Activities; Household Tasks; Innov Community Participation; Participate Community; Supported Independent Living; Therapeutic Supports",yes,"error:HTTPSConnectionPool(host='www.bridgeofhopecs.com.au', port=443): Max retries exceeded with url: / (Caused by SSLError(SSLCertVerificationError(1, ""[SSL: CERTIFICATE_VERIFY_FAILED] certificate verify failed: Hostname mismatch, certificate is not valid for 'www.bridgeofhopecs.com.au'. (_ssl.c:1000)"")))",Medium,https://www.ndiscommission.gov.au/provider-registration/find-registered-provider,2026-09-29
63674192673,BSF DISABILITY SERVICES PTY LTD,BSF DISABILITY SERVICES PTY LTD,Bsf Disability Services Pty Ltd,63674192673,private_company,Not publicly available,"Accommodation/Tenancy; Assist Personal Activities High; Assist-Life Stage, Transition; Assist-Personal Activities; Assist-Travel/Transport; Community Nursing Care; Daily Tasks/Shared Living; Development-Life Skills; Group/Centre Activities; Household Tasks; Innov Community Participation; Participate Community; Plan Management; Supported Independent Living",Alice Springs,"BSF Disability Services Pty Ltd, AU",+610456729996,Not publicly available,Not publicly available,Not publicly available,Not publicly available,,,Not publicly available,,yes,"Approved NDIS registration groups: Accommodation/Tenancy; Assist Personal Activities High; Assist-Life Stage, Transition; Assist-Personal Activities; Assist-Travel/Transport; Community Nursing Care; Daily Tasks/Shared Living; Development-Life Skills; Group/Centre Activities; Household Tasks; Innov Community Participation; Participate Community; Plan Management; Supported Independent Living",yes,no official website,Medium,https://www.ndiscommission.gov.au/provider-registration/find-registered-provider,2026-09-29
27665035834,BUILD UP NT PTY LTD,BUILD UP NT PTY LTD,Build up NT Pty Ltd,27665035834,private_company,Not publicly available,Behaviour Support; Therapeutic Supports,Darwin,"Build Up NT Main Office, 143 Coonawarra Road, WINNELLIE, NT, 0820, AU",Not publicly available,Not publicly available,Not publicly available,Not publicly available,Not publicly available,,,Not publicly available,,yes,Approved NDIS registration groups: Behaviour Support; Therapeutic Supports,yes,no official website,Medium,https://www.ndiscommission.gov.au/provider-registration/find-registered-provider,2026-09-29
52619556946,BRILLIANT CARE PTY LTD,BRILLIANT CARE PTY LTD,BRILLIANT CARE PTY LTD,52619556946,private_company,Not publicly available,"Accommodation/Tenancy; Assist Personal Activities High; Assist-Life Stage, Transition; Assist-Personal Activities; Assist-Travel/Transport; Community Nursing Care; Daily Tasks/Shared Living; Development-Life Skills; Early Childhood Supports; Group/Centre Activities; Household Tasks; Innov Community Participation; Participate Community; Plan Management; Specialised Disability Accommodation; Support Coordination; Supported Independent Living",Tennant Creek,Tennant Creek Group Home - NT,+610424895943,https://http:www.brilliantcare.com.au,Not publicly available,Not publicly available,Not publicly available,,,Not publicly available,,yes,"Approved NDIS registration groups: Accommodation/Tenancy; Assist Personal Activities High; Assist-Life Stage, Transition; Assist-Personal Activities; Assist-Travel/Transport; Community Nursing Care; Daily Tasks/Shared Living; Development-Life Skills; Early Childhood Supports; Group/Centre Activities; Household Tasks; Innov Community Participation; Participate Community; Plan Management; Specialised Disability Accommodation; Support Coordination; Supported Independent Living",yes,error:Failed to parse: https://http:www.brilliantcare.com.au,Medium,https://www.ndiscommission.gov.au/provider-registration/find-registered-provider,2026-09-29
60630211166,BRIGHT PLAN MANAGEMENT PTY LTD,BRIGHT PLAN MANAGEMENT PTY LTD,BRIGHT PLAN MANAGEMENT PTY LTD,60630211166,private_company,"NDIS Plan Management Provider that is Fast, Supportive and Trustworthy. As your nominated plan manager, Bright Plan will take on the responsibility of paying your supports so you can focus on getting the most out of your plan.",Plan Management,Darwin,"Bright PMP - Plan Management Provider, Darwin River Road, DARWIN, NT, 0800, AU",1800 911 199,https://www.brightplan.com.au/,hello@brightplan.com.au,Not publicly available,Not publicly available,,,Not publicly available,,yes,Approved NDIS registration groups: Plan Management,yes,ok,High,https://www.ndiscommission.gov.au/provider-registration/find-registered-provider | https://www.brightplan.com.au/,2026-09-29
87680730269,BRAVE CONNECTIONS PTY LTD,BRAVE CONNECTIONS PTY LTD,Brave Connections Pty Ltd,87680730269,private_company,Not publicly available,"Assist-Life Stage, Transition; Behaviour Support; Early Childhood Supports; Support Coordination; Therapeutic Supports",Other NT,"BELLAMACK, NT, 0832, AU",Not publicly available,https://braveconnections.com.au/,Not publicly available,Not publicly available,Not publicly available,,,Not publicly available,,yes,"Approved NDIS registration groups: Assist-Life Stage, Transition; Behaviour Support; Early Childhood Supports; Support Coordination; Therapeutic Supports",yes,ok,Medium,https://www.ndiscommission.gov.au/provider-registration/find-registered-provider | https://braveconnections.com.au/,2026-09-29
50664384703,BUSH STEPS PTY LTD,BUSH STEPS PTY LTD,Bush Steps Pty Ltd,50664384703,private_company,"Bush Steps offers specialised prosthetics, orthotics and Physiotherapy to the people of Central Australia and surrounds.",Assist Prod-Pers Care/Safety; Assistive Equip-Recreation; Assistive Prod-Household Task; Custom Prosthetics; Personal Mobility Equipment; Therapeutic Supports,Other NT,Bush Steps clinic,0417 381 257,https://www.bushsteps.com.au/,admin@bushsteps.com.au,https://www.linkedin.com/company/bush-steps,Not publicly available,,,Not publicly available,,yes,Approved NDIS registration groups: Assist Prod-Pers Care/Safety; Assistive Equip-Recreation; Assistive Prod-Household Task; Custom Prosthetics; Personal Mobility Equipment; Therapeutic Supports,yes,ok,High,https://www.ndiscommission.gov.au/provider-registration/find-registered-provider | https://www.bushsteps.com.au/,2026-09-29
33677568651,CARE 4LYF SERVICES PTY LTD,CARE 4LYF SERVICES PTY LTD,Care 4lyf Services Pty Ltd,33677568651,private_company,Not publicly available,Assist-Personal Activities; Assist-Travel/Transport; Development-Life Skills; Group/Centre Activities; Household Tasks; Innov Community Participation; Participate Community; Supported Independent Living,Other NT,"Care 4Lyf Services Pty Ltd, AU",+610439133441,Not publicly available,Not publicly available,Not publicly available,Not publicly available,,,Not publicly available,,yes,Approved NDIS registration groups: Assist-Personal Activities; Assist-Travel/Transport; Development-Life Skills; Group/Centre Activities; Household Tasks; Innov Community Participation; Participate Community; Supported Independent Living,yes,no official website,Medium,https://www.ndiscommission.gov.au/provider-registration/find-registered-provider,2026-09-29
59342164987,C.M.O.T SERVICES PTY LTD,C.M.O.T SERVICES PTY LTD,"JAL, CHOL JOHN",59342164987,private_company,Not publicly available,"Assist-Life Stage, Transition; Assist-Personal Activities; Assist-Travel/Transport; Daily Tasks/Shared Living; Development-Life Skills; Group/Centre Activities; Household Tasks; Participate Community; Support Coordination; Supported Independent Living",Alice Springs,"ALICE SPRINGS, NT, 0870, AU",Not publicly available,https://www.cmotservice.com.au,Not publicly available,Not publicly available,Not publicly available,,,Not publicly available,,yes,"Approved NDIS registration groups: Assist-Life Stage, Transition; Assist-Personal Activities; Assist-Travel/Transport; Daily Tasks/Shared Living; Development-Life Skills; Group/Centre Activities; Household Tasks; Participate Community; Support Coordination; Supported Independent Living",yes,"error:HTTPSConnectionPool(host='www.cmotservice.com.au', port=443): Max retries exceeded with url: / (Caused by NameResolutionError(""HTTPSConnection(host='www.cmotservice.com.au', port=443): Failed to resolve 'www.cmotservice.com.au' ([Errno -2] Name or service not known)""))",Medium,https://www.ndiscommission.gov.au/provider-registration/find-registered-provider,2026-09-29
71670582528,CARE DOVE,CARE DOVE,Care Dove Pty Ltd,71670582528,private_company,Not publicly available,"Assist-Life Stage, Transition; Assist-Personal Activities; Assist-Travel/Transport; Daily Tasks/Shared Living; Development-Life Skills; Group/Centre Activities; Household Tasks; Innov Community Participation; Participate Community; Plan Management; Supported Independent Living",Darwin,"WINNELLIE, NT, 0820, AU",Not publicly available,Not publicly available,Not publicly available,Not publicly available,Not publicly available,,,Not publicly available,,yes,"Approved NDIS registration groups: Assist-Life Stage, Transition; Assist-Personal Activities; Assist-Travel/Transport; Daily Tasks/Shared Living; Development-Life Skills; Group/Centre Activities; Household Tasks; Innov Community Participation; Participate Community; Plan Management; Supported Independent Living",yes,no official website,Medium,https://www.ndiscommission.gov.au/provider-registration/find-registered-provider,2026-09-29
33638567950,CARE NT PTY LTD,CARE NT PTY LTD,CARE NT PTY LTD,33638567950,private_company,Not publicly available,"Assist Personal Activities High; Assist-Life Stage, Transition; Assist-Personal Activities; Assist-Travel/Transport; Community Nursing Care; Daily Tasks/Shared Living; Group/Centre Activities; Household Tasks; Innov Community Participation; Participate Community; Supported Independent Living",Darwin,Care NT PTY LTD,+610484060517,Not publicly available,Not publicly available,Not publicly available,Not publicly available,,,Not publicly available,,yes,"Approved NDIS registration groups: Assist Personal Activities High; Assist-Life Stage, Transition; Assist-Personal Activities; Assist-Travel/Transport; Community Nursing Care; Daily Tasks/Shared Living; Group/Centre Activities; Household Tasks; Innov Community Participation; Participate Community; Supported Independent Living",yes,no official website,Medium,https://www.ndiscommission.gov.au/provider-registration/find-registered-provider,2026-09-29
85684694497,CARE PRO NURSING SERVICES,CARE PRO NURSING SERVICES,Mm & Aa Pty Ltd,85684694497,private_company,Not publicly available,"Assist Personal Activities High; Assist-Life Stage, Transition; Assist-Personal Activities; Assist-Travel/Transport; Community Nursing Care; Daily Tasks/Shared Living; Development-Life Skills; Group/Centre Activities; Household Tasks; Innov Community Participation; Participate Community; Specialised Disability Accommodation; Support Coordination; Supported Independent Living",Alice Springs,CARE PRO NURSING SERVICES,+610416655398,Not publicly available,Not publicly available,Not publicly available,Not publicly available,,,Not publicly available,,yes,"Approved NDIS registration groups: Assist Personal Activities High; Assist-Life Stage, Transition; Assist-Personal Activities; Assist-Travel/Transport; Community Nursing Care; Daily Tasks/Shared Living; Development-Life Skills; Group/Centre Activities; Household Tasks; Innov Community Participation; Participate Community; Specialised Disability Accommodation; Support Coordination; Supported Independent Living",yes,no official website,Medium,https://www.ndiscommission.gov.au/provider-registration/find-registered-provider,2026-09-29
23650769734,CAMERON WELLNESS CENTRE PTY LTD,CAMERON WELLNESS CENTRE PTY LTD,CAMERON WELLNESS CENTRE PTY LTD,23650769734,private_company,Not publicly available,"Assist-Life Stage, Transition; Assist-Personal Activities; Assist-Travel/Transport; Development-Life Skills; Early Childhood Supports; Ex Phys Pers Training; Group/Centre Activities; Home Modification; Household Tasks; Innov Community Participation; Participate Community; Therapeutic Supports","Darwin, Palmerston","Geelong, Level 1 Suite 5A, 168 Little Malop Street, GEELONG, VIC, 3220, AU",+611800000292,https://www.cameronwellnesscentre.com.au,Not publicly available,Not publicly available,Not publicly available,,,Not publicly available,,yes,"Approved NDIS registration groups: Assist-Life Stage, Transition; Assist-Personal Activities; Assist-Travel/Transport; Development-Life Skills; Early Childhood Supports; Ex Phys Pers Training; Group/Centre Activities; Home Modification; Household Tasks; Innov Community Participation; Participate Community; Therapeutic Supports",yes,"error:HTTPSConnectionPool(host='www.cameronwellnesscentre.com.au', port=443): Max retries exceeded with url: / (Caused by NameResolutionError(""HTTPSConnection(host='www.cameronwellnesscentre.com.au', port=443): Failed to resolve 'www.cameronwellnesscentre.com.au' ([Errno -2] Name or service not known)""))",Medium,https://www.ndiscommission.gov.au/provider-registration/find-registered-provider,2026-09-29
32682731559,CARE SUCCESS PTY LTD,CARE SUCCESS PTY LTD,Care Success Pty Ltd,32682731559,private_company,"Care Success is a registered NDIS provider delivering Specialist Support Coordination across NT and SA, supporting people to navigate their NDIS plans.","Assist-Life Stage, Transition; Support Coordination",Other NT,"NOONAMAH, NT, 0837, AU",Not publicly available,https://caresuccess.com.au/,Not publicly available,https://www.linkedin.com/company/care-success-support-coordination-nt,Not publicly available,,,Not publicly available,,yes,"Approved NDIS registration groups: Assist-Life Stage, Transition; Support Coordination",yes,ok,High,https://www.ndiscommission.gov.au/provider-registration/find-registered-provider | https://caresuccess.com.au/,2026-09-29
71682957357,CAREBRIDGE HEALTH SERVICES PTY LTD,CAREBRIDGE HEALTH SERVICES PTY LTD,Carebridge Health Services Pty Ltd,71682957357,private_company,Not publicly available,"Accommodation/Tenancy; Assist Personal Activities High; Assist-Life Stage, Transition; Assist-Personal Activities; Assist-Travel/Transport; Community Nursing Care; Daily Tasks/Shared Living; Development-Life Skills; Early Childhood Supports; Group/Centre Activities; Household Tasks; Innov Community Participation; Participate Community; Specialised Disability Accommodation; Support Coordination; Supported Independent Living; Therapeutic Supports",Other NT,CAREBRIDGE HEALTH SERVICES,+610405884141,Not publicly available,Not publicly available,Not publicly available,Not publicly available,,,Not publicly available,,yes,"Approved NDIS registration groups: Accommodation/Tenancy; Assist Personal Activities High; Assist-Life Stage, Transition; Assist-Personal Activities; Assist-Travel/Transport; Community Nursing Care; Daily Tasks/Shared Living; Development-Life Skills; Early Childhood Supports; Group/Centre Activities; Household Tasks; Innov Community Participation; Participate Community; Specialised Disability Accommodation; Support Coordination; Supported Independent Living; Therapeutic Supports",yes,no official website,Medium,https://www.ndiscommission.gov.au/provider-registration/find-registered-provider,2026-09-29
66640461392,CARE 24,CARE 24,IC DISABILITY HOME CARE PTY LTD,66640461392,private_company,"Care 24’s commitment to providing support opens the door to endless possibilities for individuals, empowering them to navigate their unique journeys with resilience and fulfilment. We are a registered NDIS provider in Victoria, committed to delivering compassionate care around the clock.","Assist Personal Activities High; Assist-Life Stage, Transition; Assist-Personal Activities; Assist-Travel/Transport; Community Nursing Care; Daily Tasks/Shared Living; Development-Life Skills; Group/Centre Activities; Household Tasks; Innov Community Participation; Participate Community; Specialised Disability Accommodation; Supported Independent Living",Palmerston,"Palmerston Office, 1 Palmerston Circuit, PALMERSTON CITY, NT, 0830, AU",1300 022 731,https://care24seven.com.au/,enquiries@care24seven.com.au,https://www.linkedin.com/company/care-24,Not publicly available,,,Not publicly available,,yes,"Approved NDIS registration groups: Assist Personal Activities High; Assist-Life Stage, Transition; Assist-Personal Activities; Assist-Travel/Transport; Community Nursing Care; Daily Tasks/Shared Living; Development-Life Skills; Group/Centre Activities; Household Tasks; Innov Community Participation; Participate Community; Specialised Disability Accommodation; Supported Independent Living",yes,ok,High,https://www.ndiscommission.gov.au/provider-registration/find-registered-provider | https://care24seven.com.au/,2026-09-29
96652072056,CARELINK NT PTY LTD,CARELINK NT PTY LTD,CARELINK NT PTY LTD,96652072056,private_company,"Individualized in-home & community support. Having and knowing there are people who support you can help you feel safe, cared for and can benefit your outlook on life.","Assist-Life Stage, Transition; Assist-Personal Activities; Assist-Travel/Transport; Daily Tasks/Shared Living; Development-Life Skills; Group/Centre Activities; Household Tasks; Innov Community Participation; Participate Community; Support Coordination; Supported Independent Living",Other NT,"WOOLNER, NT, 0820, AU",08 8998 6100,https://www.carelinknt.com.au/,reception@carelinknt.com.au,Not publicly available,Not publicly available,,,Not publicly available,,yes,"Approved NDIS registration groups: Assist-Life Stage, Transition; Assist-Personal Activities; Assist-Travel/Transport; Daily Tasks/Shared Living; Development-Life Skills; Group/Centre Activities; Household Tasks; Innov Community Participation; Participate Community; Support Coordination; Supported Independent Living",yes,ok,High,https://www.ndiscommission.gov.au/provider-registration/find-registered-provider | https://www.carelinknt.com.au/,2026-09-29
42677283555,CAPABLE CARE SERVICES PTY LTD.,CAPABLE CARE SERVICES PTY LTD.,Capable Care Services Pty Ltd.,42677283555,private_company,Ethical. Consistent. Care.,Assist-Personal Activities; Assist-Travel/Transport; Daily Tasks/Shared Living; Development-Life Skills; Group/Centre Activities; Household Tasks; Participate Community; Supported Independent Living,Katherine,Capable Care Services Pty Ltd,+610476329294,https://capablecareservices.com.au/,contact@capablecareservices.com.au,Not publicly available,Not publicly available,,,Not publicly available,,yes,Approved NDIS registration groups: Assist-Personal Activities; Assist-Travel/Transport; Daily Tasks/Shared Living; Development-Life Skills; Group/Centre Activities; Household Tasks; Participate Community; Supported Independent Living,yes,ok,High,https://www.ndiscommission.gov.au/provider-registration/find-registered-provider | https://capablecareservices.com.au/,2026-09-29
55668446071,CAREWELL COMMUNITY SERVICES PTY LTD,CAREWELL COMMUNITY SERVICES PTY LTD,Carewell Community Services Pty Ltd,55668446071,private_company,Not publicly available,"Assist Personal Activities High; Assist-Life Stage, Transition; Assist-Personal Activities; Assist-Travel/Transport; Daily Tasks/Shared Living; Development-Life Skills; Group/Centre Activities; Household Tasks; Innov Community Participation; Participate Community; Specialised Disability Accommodation; Supported Independent Living",Alice Springs,CAREWELL COMMUNITY SERVICES PTY LTD,Not publicly available,Not publicly available,Not publicly available,Not publicly available,Not publicly available,,,Not publicly available,,yes,"Approved NDIS registration groups: Assist Personal Activities High; Assist-Life Stage, Transition; Assist-Personal Activities; Assist-Travel/Transport; Daily Tasks/Shared Living; Development-Life Skills; Group/Centre Activities; Household Tasks; Innov Community Participation; Participate Community; Specialised Disability Accommodation; Supported Independent Living",yes,no official website,Medium,https://www.ndiscommission.gov.au/provider-registration/find-registered-provider,2026-09-29
24661624095,CARMEL CARE/DISABILITY SERVICES PTY LTD,CARMEL CARE/DISABILITY SERVICES PTY LTD,Carmel Care/Disability Services Pty Ltd,24661624095,private_company,Not publicly available,Assist Personal Activities High; Assist-Personal Activities; Assist-Travel/Transport; Community Nursing Care; Daily Tasks/Shared Living; Development-Life Skills; Group/Centre Activities; Household Tasks; Innov Community Participation; Participate Community; Supported Independent Living,Katherine,"KATHERINE SOUTH, NT, 0850, AU",Not publicly available,Not publicly available,Not publicly available,Not publicly available,Not publicly available,,,Not publicly available,,yes,Approved NDIS registration groups: Assist Personal Activities High; Assist-Personal Activities; Assist-Travel/Transport; Community Nursing Care; Daily Tasks/Shared Living; Development-Life Skills; Group/Centre Activities; Household Tasks; Innov Community Participation; Participate Community; Supported Independent Living,yes,no official website,Medium,https://www.ndiscommission.gov.au/provider-registration/find-registered-provider,2026-09-29
72653370837,Carer Mates,Carer Mates,TOPEND COMMUNITY CARE PTY LTD,72653370837,private_company,"Carer Mates proudly delivers trusted NDIS support services across the Northern Territory, South Australia, and Queensland â including Darwin, Alice Springs, Adelaide, Brisbane, and more.","Assist Personal Activities High; Assist-Life Stage, Transition; Assist-Personal Activities; Assist-Travel/Transport; Community Nursing Care; Daily Tasks/Shared Living; Development-Life Skills; Group/Centre Activities; Household Tasks; Innov Community Participation; Participate Community; Supported Independent Living","Darwin, Alice Springs","Carer Mates, 5 Hong Street, GILLEN, NT, 0870, AU",0426 299 563,https://www.carermates.com.au/,info@carermates.com.au,Not publicly available,Not publicly available,,,Not publicly available,,yes,"Approved NDIS registration groups: Assist Personal Activities High; Assist-Life Stage, Transition; Assist-Personal Activities; Assist-Travel/Transport; Community Nursing Care; Daily Tasks/Shared Living; Development-Life Skills; Group/Centre Activities; Household Tasks; Innov Community Participation; Participate Community; Supported Independent Living",yes,ok,High,https://www.ndiscommission.gov.au/provider-registration/find-registered-provider | https://www.carermates.com.au/,2026-09-29
66666197619,Care Companions NT,Care Companions NT,Camellia Nursing & Community Services Pty Ltd,66666197619,private_company,Not publicly available,"Assist Access/Maintain Employ; Assist Personal Activities High; Assist-Life Stage, Transition; Assist-Personal Activities; Assist-Travel/Transport; Community Nursing Care; Daily Tasks/Shared Living; Development-Life Skills; Group/Centre Activities; Household Tasks; Innov Community Participation; Participate Community; Supported Independent Living",Other NT,Care Companions NT,+610429562040,https://carecompanionsnt.com.au/,Not publicly available,Not publicly available,Not publicly available,,,Not publicly available,,yes,"Approved NDIS registration groups: Assist Access/Maintain Employ; Assist Personal Activities High; Assist-Life Stage, Transition; Assist-Personal Activities; Assist-Travel/Transport; Community Nursing Care; Daily Tasks/Shared Living; Development-Life Skills; Group/Centre Activities; Household Tasks; Innov Community Participation; Participate Community; Supported Independent Living",yes,ok,Medium,https://www.ndiscommission.gov.au/provider-registration/find-registered-provider | https://carecompanionsnt.com.au/,2026-09-29
80693275982,CENTROCARE COMMUNITY SERVICES PTY LTD,CENTROCARE COMMUNITY SERVICES PTY LTD,Centrocare Community Services Pty Ltd,80693275982,private_company,Not publicly available,"Accommodation/Tenancy; Assist Access/Maintain Employ; Assist Personal Activities High; Assist-Life Stage, Transition; Assist-Personal Activities; Assist-Travel/Transport; Community Nursing Care; Daily Tasks/Shared Living; Development-Life Skills; Group/Centre Activities; Household Tasks; Innov Community Participation; Participate Community; Supported Independent Living",Other NT,CENTROCARE COMMUNITY SERVICES PTY LTD,+610451759756,Not publicly available,Not publicly available,Not publicly available,Not publicly available,,,Not publicly available,,yes,"Approved NDIS registration groups: Accommodation/Tenancy; Assist Access/Maintain Employ; Assist Personal Activities High; Assist-Life Stage, Transition; Assist-Personal Activities; Assist-Travel/Transport; Community Nursing Care; Daily Tasks/Shared Living; Development-Life Skills; Group/Centre Activities; Household Tasks; Innov Community Participation; Participate Community; Supported Independent Living",yes,no official website,Medium,https://www.ndiscommission.gov.au/provider-registration/find-registered-provider,2026-09-29
40647030386,CERTITUDE COMMUNITY SUPPORT SERVICES PTY LTD.,CERTITUDE COMMUNITY SUPPORT SERVICES PTY LTD.,CERTITUDE COMMUNITY SUPPORT SERVICES PTY LTD.,40647030386,private_company,Not publicly available,Assist-Personal Activities; Assist-Travel/Transport; Daily Tasks/Shared Living; Development-Life Skills; Household Tasks; Participate Community; Supported Independent Living,Palmerston,Certitude Community Support Services,+610469930594,Not publicly available,Not publicly available,Not publicly available,Not publicly available,,,Not publicly available,,yes,Approved NDIS registration groups: Assist-Personal Activities; Assist-Travel/Transport; Daily Tasks/Shared Living; Development-Life Skills; Household Tasks; Participate Community; Supported Independent Living,yes,no official website,Medium,https://www.ndiscommission.gov.au/provider-registration/find-registered-provider,2026-09-29
90659727447,CARE TEAM DISABILITY SERVICES PTY LTD,CARE TEAM DISABILITY SERVICES PTY LTD,Care Team Disability Services Pty Ltd,90659727447,private_company,Looking for a registered NDIS provider in Darwin? Care Team Disability Services is available for Disability Care Services in Darwin NT.,"Assist Access/Maintain Employ; Assist Personal Activities High; Assist-Life Stage, Transition; Assist-Personal Activities; Assist-Travel/Transport; Community Nursing Care; Daily Tasks/Shared Living; Development-Life Skills; Group/Centre Activities; Household Tasks; Innov Community Participation; Participate Community; Support Coordination; Supported Independent Living",Palmerston,"Care Team Disability Services, Unit 5, 41 Georgina Crescent, YARRAWONGA, NT, 0830, AU",0415 956 722,https://careteamservices.com.au/,info@careteamservices.com.au,Not publicly available,Not publicly available,,,Not publicly available,,yes,"Approved NDIS registration groups: Assist Access/Maintain Employ; Assist Personal Activities High; Assist-Life Stage, Transition; Assist-Personal Activities; Assist-Travel/Transport; Community Nursing Care; Daily Tasks/Shared Living; Development-Life Skills; Group/Centre Activities; Household Tasks; Innov Community Participation; Participate Community; Support Coordination; Supported Independent Living",yes,ok,High,https://www.ndiscommission.gov.au/provider-registration/find-registered-provider | https://careteamservices.com.au/,2026-09-29
59686963137,CAREPATH SUPPORT,CAREPATH SUPPORT,Carepath Group Pty Ltd,59686963137,private_company,"Personalised disability support in Alice Springs and Melbourne. SIL homes, NDIS services, and culturally aware care you can trust.","Assist Access/Maintain Employ; Assist-Life Stage, Transition; Assist-Personal Activities; Assist-Travel/Transport; Daily Tasks/Shared Living; Development-Life Skills; Group/Centre Activities; Household Tasks; Innov Community Participation; Participate Community; Support Coordination; Supported Independent Living",Alice Springs,Office,0411 563 122,https://www.carepathsupport.com.au/,contact@carepathsupport.com.au,Not publicly available,Not publicly available,,,Not publicly available,,yes,"Approved NDIS registration groups: Assist Access/Maintain Employ; Assist-Life Stage, Transition; Assist-Personal Activities; Assist-Travel/Transport; Daily Tasks/Shared Living; Development-Life Skills; Group/Centre Activities; Household Tasks; Innov Community Participation; Participate Community; Support Coordination; Supported Independent Living",yes,ok,High,https://www.ndiscommission.gov.au/provider-registration/find-registered-provider | https://www.carepathsupport.com.au/,2026-09-29
20638182251,COLAB DISABILITY SOLUTIONS PTY LTD,COLAB DISABILITY SOLUTIONS PTY LTD,COLAB DISABILITY SOLUTIONS PTY LTD,20638182251,private_company,Not publicly available,"Assist-Life Stage, Transition; Support Coordination",Alice Springs,"ALICE SPRINGS, NT, 0870, AU",Not publicly available,Not publicly available,Not publicly available,Not publicly available,Not publicly available,,,Not publicly available,,yes,"Approved NDIS registration groups: Assist-Life Stage, Transition; Support Coordination",yes,no official website,Medium,https://www.ndiscommission.gov.au/provider-registration/find-registered-provider,2026-09-29
13602002273,Community Assist,Community Assist,CR CONSULTING PTY LTD,13602002273,private_company,Not publicly available,"Assist-Life Stage, Transition; Behaviour Support; Ex Phys Pers Training; Support Coordination; Therapeutic Supports",Darwin,"Community Assist - Darwin, Common Property, 12 Salonika Street, PARAP, NT, 0820, AU",+611300500834,https://www.communityassist.com.au,Not publicly available,Not publicly available,Not publicly available,,,Not publicly available,,yes,"Approved NDIS registration groups: Assist-Life Stage, Transition; Behaviour Support; Ex Phys Pers Training; Support Coordination; Therapeutic Supports",yes,blocked,Medium,https://www.ndiscommission.gov.au/provider-registration/find-registered-provider,2026-09-29
96659395310,Changing Lives Community Services,Changing Lives Community Services,Changing Lives Community Services Pty Ltd,96659395310,private_company,"Changing Lives Community services (CLCS) offers individualised & personalised in-home/community access support care, specialist home nursing packages and disability services. Are you looking for high quality nursing home care & disability services?","Accommodation/Tenancy; Assist Access/Maintain Employ; Assist Personal Activities High; Assist-Life Stage, Transition; Assist-Personal Activities; Assist-Travel/Transport; Community Nursing Care; Daily Tasks/Shared Living; Development-Life Skills; Group/Centre Activities; Household Tasks; Innov Community Participation; Participate Community; Support Coordination; Supported Independent Living",Palmerston,Changing Lives Community Services,0403 592 546,https://www.changinglivesnt.com.au/,admin@changinglivesnt.com.au,Not publicly available,Not publicly available,,,Not publicly available,,yes,"Approved NDIS registration groups: Accommodation/Tenancy; Assist Access/Maintain Employ; Assist Personal Activities High; Assist-Life Stage, Transition; Assist-Personal Activities; Assist-Travel/Transport; Community Nursing Care; Daily Tasks/Shared Living; Development-Life Skills; Group/Centre Activities; Household Tasks; Innov Community Participation; Participate Community; Support Coordination; Supported Independent Living",yes,ok,High,https://www.ndiscommission.gov.au/provider-registration/find-registered-provider | https://www.changinglivesnt.com.au/,2026-09-29
71651398051,COMPASSION AND WISDOM CARE,COMPASSION AND WISDOM CARE,COMPASSION AND WISDOM CARE PTY LTD,71651398051,private_company,Not publicly available,Assist Personal Activities High; Assist-Personal Activities; Assist-Travel/Transport; Community Nursing Care; Daily Tasks/Shared Living; Development-Life Skills; Group/Centre Activities; Household Tasks; Innov Community Participation; Participate Community; Supported Independent Living,Palmerston,"Compassion and wisdom care, 113 Maurice Terrace, BAKEWELL, NT, 0832, AU",+610481979397,Not publicly available,Not publicly available,Not publicly available,Not publicly available,,,Not publicly available,,yes,Approved NDIS registration groups: Assist Personal Activities High; Assist-Personal Activities; Assist-Travel/Transport; Community Nursing Care; Daily Tasks/Shared Living; Development-Life Skills; Group/Centre Activities; Household Tasks; Innov Community Participation; Participate Community; Supported Independent Living,yes,no official website,Medium,https://www.ndiscommission.gov.au/provider-registration/find-registered-provider,2026-09-29
34631326068,Charis Health Care PTY LTD,Charis Health Care PTY LTD,CHARIS HEALTH CARE PTY LTD,34631326068,private_company,Lorem Ipsum is simply dummy text of the printing and typesetting industry. Lorem Ipsum is simply dummy text of the printing and typesetting industry. Lorem Ipsum is simply dummy text of the printing and typesetting industry. Lorem Ipsum is simply dummy text of the printing and typesetting industry. Lorem Ipsum is simply dummy text of the printing and typesetting industry. Lorem Ipsum is simply dum,Assist Personal Activities High; Assist-Personal Activities; Daily Tasks/Shared Living; Household Tasks; Participate Community; Supported Independent Living,Katherine,"KATHERINE EAST, NT, 0850, AU",0451 148 407,http://charishealthcare.com.au/,Not publicly available,Not publicly available,Not publicly available,,,Not publicly available,,yes,Approved NDIS registration groups: Assist Personal Activities High; Assist-Personal Activities; Daily Tasks/Shared Living; Household Tasks; Participate Community; Supported Independent Living,yes,ok,Medium,https://www.ndiscommission.gov.au/provider-registration/find-registered-provider | http://charishealthcare.com.au/,2026-09-29
11659718582,CONNECT WITH CARE SERVICES PTY LTD,CONNECT WITH CARE SERVICES PTY LTD,Connect with Care Services Pty Ltd,11659718582,private_company,Not publicly available,"Assist-Life Stage, Transition; Assist-Personal Activities; Assist-Travel/Transport; Daily Tasks/Shared Living; Development-Life Skills; Group/Centre Activities; Household Tasks; Innov Community Participation; Participate Community; Supported Independent Living",Alice Springs,CONNECT WITH CARE SERVICES PTY LTD,+610423244653,Not publicly available,Not publicly available,Not publicly available,Not publicly available,,,Not publicly available,,yes,"Approved NDIS registration groups: Assist-Life Stage, Transition; Assist-Personal Activities; Assist-Travel/Transport; Daily Tasks/Shared Living; Development-Life Skills; Group/Centre Activities; Household Tasks; Innov Community Participation; Participate Community; Supported Independent Living",yes,no official website,Medium,https://www.ndiscommission.gov.au/provider-registration/find-registered-provider,2026-09-29
54639958884,CARPE DIEM COMMUNITY SERVICES PTY LTD,CARPE DIEM COMMUNITY SERVICES PTY LTD,CARPE DIEM COMMUNITY SERVICES PTY LTD,54639958884,private_company,"Carpe Diem Community Services is here for YOU We are your local Registered Mental Health and Disability Service Provider in Darwin. Get Started Get Started Refer To Us Specialist Disability Accomodation STA,MTA and SIL Accommodations NDIS Explained Unlock the Power of NDIS About Carpe Diem Mental Health & Disability Support Refer Someone Let Us Assist […]","Assist Access/Maintain Employ; Assist Prod-Pers Care/Safety; Assist-Life Stage, Transition; Assist-Personal Activities; Assist-Travel/Transport; Assistive Equip-Recreation; Assistive Prod-Household Task; Comms & Info Equipment; Daily Tasks/Shared Living; Development-Life Skills; Group/Centre Activities; Household Tasks; Innov Community Participation; Participate Community; Personal Mobility Equipment; Spec Support Employ; Specialised Disability Accommodation; Support Coordination; Supported Independent Living",Other NT,"14/16 Charlton Court, Woolner, Unit 14, 16 Charlton Court, WOOLNER, NT, 0820, AU",+610432590279,https://www.carpediem.net.au/,admin@carpediem.net.au,https://www.linkedin.com/company/carpe-diem-community-services,Not publicly available,,,Not publicly available,,yes,"Approved NDIS registration groups: Assist Access/Maintain Employ; Assist Prod-Pers Care/Safety; Assist-Life Stage, Transition; Assist-Personal Activities; Assist-Travel/Transport; Assistive Equip-Recreation; Assistive Prod-Household Task; Comms & Info Equipment; Daily Tasks/Shared Living; Development-Life Skills; Group/Centre Activities; Household Tasks; Innov Community Participation; Participate Community; Personal Mobility Equipment; Spec Support Employ; Specialised Disability Accommodation; Support Coordination; Supported Independent Living",yes,ok,High,https://www.ndiscommission.gov.au/provider-registration/find-registered-provider | https://www.carpediem.net.au/,2026-09-29
87686798023,CONNECTED LIVING AS,CONNECTED LIVING AS,Connected Living As Pty. Ltd.,87686798023,private_company,Not publicly available,"Assist Access/Maintain Employ; Assist Personal Activities High; Assist-Life Stage, Transition; Assist-Personal Activities; Assist-Travel/Transport; Community Nursing Care; Daily Tasks/Shared Living; Development-Life Skills; Group/Centre Activities; Household Tasks; Innov Community Participation; Participate Community; Spec Support Employ; Supported Independent Living",Alice Springs,CONNECTED LIVING AS,Not publicly available,Not publicly available,Not publicly available,Not publicly available,Not publicly available,,,Not publicly available,,yes,"Approved NDIS registration groups: Assist Access/Maintain Employ; Assist Personal Activities High; Assist-Life Stage, Transition; Assist-Personal Activities; Assist-Travel/Transport; Community Nursing Care; Daily Tasks/Shared Living; Development-Life Skills; Group/Centre Activities; Household Tasks; Innov Community Participation; Participate Community; Spec Support Employ; Supported Independent Living",yes,no official website,Medium,https://www.ndiscommission.gov.au/provider-registration/find-registered-provider,2026-09-29
26646989942,CMM CARE SOLUTIONS,CMM CARE SOLUTIONS,CMM CARE SOLUTIONS PTY LTD,26646989942,private_company,"CMM Care Solutions is a NDIS Provider in Darwin NT, Supported Accommodation, Support Coordination & more. 22 Warbird St, Zuccoli 0832.","Assist Personal Activities High; Assist-Life Stage, Transition; Assist-Personal Activities; Behaviour Support; Community Nursing Care; Daily Tasks/Shared Living; Development-Life Skills; Household Tasks; Participate Community; Support Coordination; Supported Independent Living; Therapeutic Supports",Other NT,CMM CARE SOLUTIONS PTY LTD,0499 319 772,https://cmmcaresolutions.com.au/,info@cmmcaresolutions.com.au,Not publicly available,Not publicly available,,,Not publicly available,,yes,"Approved NDIS registration groups: Assist Personal Activities High; Assist-Life Stage, Transition; Assist-Personal Activities; Behaviour Support; Community Nursing Care; Daily Tasks/Shared Living; Development-Life Skills; Household Tasks; Participate Community; Support Coordination; Supported Independent Living; Therapeutic Supports",yes,ok,High,https://www.ndiscommission.gov.au/provider-registration/find-registered-provider | https://cmmcaresolutions.com.au/,2026-09-29
33678257513,CONNECTORS WELLBEING PTY LTD,CONNECTORS WELLBEING PTY LTD,Connectors Wellbeing Pty Ltd,33678257513,private_company,Not publicly available,"Assist Access/Maintain Employ; Assist Personal Activities High; Assist-Life Stage, Transition; Assist-Personal Activities; Assist-Travel/Transport; Community Nursing Care; Daily Tasks/Shared Living; Development-Life Skills; Early Childhood Supports; Group/Centre Activities; Household Tasks; Innov Community Participation; Participate Community; Support Coordination; Supported Independent Living",Other NT,CONNECTORS WELLBEING PTY LTD,+610404759035,Not publicly available,Not publicly available,Not publicly available,Not publicly available,,,Not publicly available,,yes,"Approved NDIS registration groups: Assist Access/Maintain Employ; Assist Personal Activities High; Assist-Life Stage, Transition; Assist-Personal Activities; Assist-Travel/Transport; Community Nursing Care; Daily Tasks/Shared Living; Development-Life Skills; Early Childhood Supports; Group/Centre Activities; Household Tasks; Innov Community Participation; Participate Community; Support Coordination; Supported Independent Living",yes,no official website,Medium,https://www.ndiscommission.gov.au/provider-registration/find-registered-provider,2026-09-29
65646669703,BROAD CARE INCLUSIVE DISABILITY SERVICES,BROAD CARE INCLUSIVE DISABILITY SERVICES,BROAD CARE ENTERPRISES PTY LTD,65646669703,private_company,Not publicly available,"Accommodation/Tenancy; Assist Access/Maintain Employ; Assist Personal Activities High; Assist-Life Stage, Transition; Assist-Personal Activities; Assist-Travel/Transport; Daily Tasks/Shared Living; Development-Life Skills; Household Tasks; Innov Community Participation; Participate Community; Specialised Disability Accommodation; Support Coordination; Supported Independent Living",Darwin,"Broad Care Inclusive Disability Services, 26, 119, REICHARDT ROAD WINNELLIE, NT, 0820, AU",+610402301932,https://26/119 reichardt road winellie 0820,Not publicly available,Not publicly available,Not publicly available,,,Not publicly available,,yes,"Approved NDIS registration groups: Accommodation/Tenancy; Assist Access/Maintain Employ; Assist Personal Activities High; Assist-Life Stage, Transition; Assist-Personal Activities; Assist-Travel/Transport; Daily Tasks/Shared Living; Development-Life Skills; Household Tasks; Innov Community Participation; Participate Community; Specialised Disability Accommodation; Support Coordination; Supported Independent Living",yes,"error:HTTPSConnectionPool(host='26', port=443): Max retries exceeded with url: /119%20reichardt%20road%20winellie%200820 (Caused by ConnectTimeoutError(<HTTPSConnection(host='26', port=443) at 0x7f25830ffb00>, 'Connection to 26 timed out. (connect timeout=20)'))",Medium,https://www.ndiscommission.gov.au/provider-registration/find-registered-provider,2026-09-29
62649348354,COUNTRY CONNECT PTY LTD,COUNTRY CONNECT PTY LTD,Country Connect Pty Ltd,62649348354,private_company,"Country Connect provides Disability & NDIS, Youth, and Return to Country support services and programs to help connect people with country. We help people do the things that are important to them, in the places that matter.","Assist Access/Maintain Employ; Assist-Life Stage, Transition; Assist-Personal Activities; Daily Tasks/Shared Living; Development-Life Skills; Group/Centre Activities; Household Tasks; Participate Community",Nhulunbuy,"Nhulunbuy Facility, 2 Miller Close, NHULUNBUY, NT, 0880, AU",+610429677817,https://www.countryconnect.org.au/,louise@countryconnect.org.au,https://www.linkedin.com/company/country-connect-pty-ltd,Not publicly available,,,Not publicly available,,yes,"Approved NDIS registration groups: Assist Access/Maintain Employ; Assist-Life Stage, Transition; Assist-Personal Activities; Daily Tasks/Shared Living; Development-Life Skills; Group/Centre Activities; Household Tasks; Participate Community",yes,ok,High,https://www.ndiscommission.gov.au/provider-registration/find-registered-provider | https://www.countryconnect.org.au/,2026-09-29
21656362711,CRESTA CONSULTANCY SERVICES PTY LTD,CRESTA CONSULTANCY SERVICES PTY LTD,Cresta Consultancy Services Pty Ltd,21656362711,private_company,Not publicly available,"Assist-Life Stage, Transition; Assist-Personal Activities; Assist-Travel/Transport; Community Nursing Care; Daily Tasks/Shared Living; Development-Life Skills; Group/Centre Activities; Household Tasks; Participate Community; Supported Independent Living",Alice Springs,Cresta Consultancy Services PTY LTD,Not publicly available,Not publicly available,Not publicly available,Not publicly available,Not publicly available,,,Not publicly available,,yes,"Approved NDIS registration groups: Assist-Life Stage, Transition; Assist-Personal Activities; Assist-Travel/Transport; Community Nursing Care; Daily Tasks/Shared Living; Development-Life Skills; Group/Centre Activities; Household Tasks; Participate Community; Supported Independent Living",yes,no official website,Medium,https://www.ndiscommission.gov.au/provider-registration/find-registered-provider,2026-09-29
88643298122,DARWIN ACEHEALTH COMMUNITY SERVICES PTY LTD.,DARWIN ACEHEALTH COMMUNITY SERVICES PTY LTD.,Darwin Acehealth Community Services Pty Ltd.,88643298122,private_company,Not publicly available,"Accommodation/Tenancy; Assist-Life Stage, Transition; Assist-Personal Activities; Assist-Travel/Transport; Daily Tasks/Shared Living; Development-Life Skills; Household Tasks; Participate Community",Palmerston,"DURACK, NT, 0830, AU",Not publicly available,Not publicly available,Not publicly available,Not publicly available,Not publicly available,,,Not publicly available,,yes,"Approved NDIS registration groups: Accommodation/Tenancy; Assist-Life Stage, Transition; Assist-Personal Activities; Assist-Travel/Transport; Daily Tasks/Shared Living; Development-Life Skills; Household Tasks; Participate Community",yes,no official website,Medium,https://www.ndiscommission.gov.au/provider-registration/find-registered-provider,2026-09-29
94673739207,DIVINE CARE AND ABILITY SOLUTIONS PTY LTD,DIVINE CARE AND ABILITY SOLUTIONS PTY LTD,Divine Care and Ability Solutions Pty Ltd,94673739207,private_company,Not publicly available,"Assist-Life Stage, Transition; Assist-Personal Activities; Assist-Travel/Transport; Development-Life Skills; Household Tasks; Innov Community Participation; Participate Community",Other NT,"Divine Care and Ability Solutions (Mobile CA), 1 Claymore Circuit, BRINKIN, NT, 0810, AU",+610482917880,Not publicly available,Not publicly available,Not publicly available,Not publicly available,,,Not publicly available,,yes,"Approved NDIS registration groups: Assist-Life Stage, Transition; Assist-Personal Activities; Assist-Travel/Transport; Development-Life Skills; Household Tasks; Innov Community Participation; Participate Community",yes,no official website,Medium,https://www.ndiscommission.gov.au/provider-registration/find-registered-provider,2026-09-29
55655147096,DARWIN HEALTH GROUP PTY LTD,DARWIN HEALTH GROUP PTY LTD,DARWIN HEALTH GROUP PTY LTD,55655147096,private_company,"Darwin physiotherapy clinic offering sports massage, women’s health physio, Pilates, dry needling, NDIS physio and concussion rehab.",Therapeutic Supports,Darwin,Darwin Health Group,4-4947-9299,https://www.darwinhealthgroup.com/,info@darwinhealthgroup.com,Not publicly available,Not publicly available,,,Not publicly available,,yes,Approved NDIS registration groups: Therapeutic Supports,yes,ok,High,https://www.ndiscommission.gov.au/provider-registration/find-registered-provider | https://www.darwinhealthgroup.com/,2026-09-29
71663566756,Dr Alfred?s Home Care & Individual Nursing,Dr Alfred?s Home Care & Individual Nursing,Dr Alfred's Home Care & Individual Nursing Pty Ltd,71663566756,private_company,"Discover Alfred Care, a family-run NDIS provider across Australia, specializing in complex personal care and tailored support for participants.","Accommodation/Tenancy; Assist Access/Maintain Employ; Assist Personal Activities High; Assist-Life Stage, Transition; Assist-Personal Activities; Assist-Travel/Transport; Community Nursing Care; Daily Tasks/Shared Living; Development-Life Skills; Group/Centre Activities; Household Tasks; Innov Community Participation; Participate Community; Specialised Disability Accommodation; Supported Independent Living","Darwin, Palmerston, Alice Springs, Katherine","Alfred's Support Services (Karama), Kalymnos Drive, KARAMA, NT, 0812, AU",+610487124664,https://alfredsupport.com.au/,info@alfredsupport.com.au,Not publicly available,Not publicly available,,,Not publicly available,,yes,"Approved NDIS registration groups: Accommodation/Tenancy; Assist Access/Maintain Employ; Assist Personal Activities High; Assist-Life Stage, Transition; Assist-Personal Activities; Assist-Travel/Transport; Community Nursing Care; Daily Tasks/Shared Living; Development-Life Skills; Group/Centre Activities; Household Tasks; Innov Community Participation; Participate Community; Specialised Disability Accommodation; Supported Independent Living",yes,ok,High,https://www.ndiscommission.gov.au/provider-registration/find-registered-provider | https://alfredsupport.com.au/,2026-09-29
39108974554,Conticare,Conticare,PRICEBREAKERS PTY. LTD.,39108974554,private_company,"Get answers on NDIS funding, product selection, and discreet Australia‑wide delivery for continence aids. Free VIC delivery over $50. Call Conticare today.",Assist Prod-Pers Care/Safety; Assistive Prod-Household Task,Other NT,Conticare NT,03 8506 4644,https://www.conticare.com.au/,hello@conticare.com.au,Not publicly available,Not publicly available,,,Not publicly available,,yes,Approved NDIS registration groups: Assist Prod-Pers Care/Safety; Assistive Prod-Household Task,yes,ok,High,https://www.ndiscommission.gov.au/provider-registration/find-registered-provider | https://www.conticare.com.au/,2026-09-29
85677908253,DESERT DIETITIANS PTY LTD,DESERT DIETITIANS PTY LTD,Desert Dietitians Pty Ltd,85677908253,private_company,"Accredited Practising Dietitian and founder of Desert Dietitians, Katelyn Paterson, providing accurate nutrition advice that proves results. Paediatric nutrition, food allergies, fussy eating, weight management, FODMAPS, NDIS and Chronic disease. Offering flexible and after work hour appointments. Providing NDIS nurtition services to Alice Springs, Tennant Creek, Barkley region, Central Australia ",Therapeutic Supports,Alice Springs,Desert Dietitians,0455 275 874,https://www.desertdietitians.com.au/,admin@desertdietitians.com.au,Not publicly available,Not publicly available,,,Not publicly available,,yes,Approved NDIS registration groups: Therapeutic Supports,yes,ok,High,https://www.ndiscommission.gov.au/provider-registration/find-registered-provider | https://www.desertdietitians.com.au/,2026-09-29
45685569064,EL ROI. HELP ON WHEELS PTY LTD,EL ROI. HELP ON WHEELS PTY LTD,El Roi. Help on Wheels Pty Ltd,45685569064,private_company,Not publicly available,"Assist Access/Maintain Employ; Assist Personal Activities High; Assist-Life Stage, Transition; Assist-Personal Activities; Assist-Travel/Transport; Community Nursing Care; Daily Tasks/Shared Living; Development-Life Skills; Group/Centre Activities; Household Tasks; Innov Community Participation; Participate Community; Supported Independent Living",Other NT,El Roi. Help on Wheels Pty Ltd,+610422709572,Not publicly available,Not publicly available,Not publicly available,Not publicly available,,,Not publicly available,,yes,"Approved NDIS registration groups: Assist Access/Maintain Employ; Assist Personal Activities High; Assist-Life Stage, Transition; Assist-Personal Activities; Assist-Travel/Transport; Community Nursing Care; Daily Tasks/Shared Living; Development-Life Skills; Group/Centre Activities; Household Tasks; Innov Community Participation; Participate Community; Supported Independent Living",yes,no official website,Medium,https://www.ndiscommission.gov.au/provider-registration/find-registered-provider,2026-09-29
90670099411,ELPIS CARE PTY. LTD.,ELPIS CARE PTY. LTD.,Elpis Care Pty. Ltd.,90670099411,private_company,Not publicly available,"Accommodation/Tenancy; Assist Personal Activities High; Assist-Life Stage, Transition; Assist-Personal Activities; Assist-Travel/Transport; Community Nursing Care; Daily Tasks/Shared Living; Development-Life Skills; Group/Centre Activities; Household Tasks; Innov Community Participation; Participate Community; Supported Independent Living",Other NT,"ELPIS CARE PTY. LTD., AU",+610485508443,Not publicly available,Not publicly available,Not publicly available,Not publicly available,,,Not publicly available,,yes,"Approved NDIS registration groups: Accommodation/Tenancy; Assist Personal Activities High; Assist-Life Stage, Transition; Assist-Personal Activities; Assist-Travel/Transport; Community Nursing Care; Daily Tasks/Shared Living; Development-Life Skills; Group/Centre Activities; Household Tasks; Innov Community Participation; Participate Community; Supported Independent Living",yes,no official website,Medium,https://www.ndiscommission.gov.au/provider-registration/find-registered-provider,2026-09-29
22673847893,EMBRACING LIFE SUPPORT SERVICES PTY LTD,EMBRACING LIFE SUPPORT SERVICES PTY LTD,Embracing Life Support Services Pty Ltd,22673847893,private_company,Not publicly available,"Accommodation/Tenancy; Assist Personal Activities High; Assist-Life Stage, Transition; Assist-Personal Activities; Assist-Travel/Transport; Community Nursing Care; Daily Tasks/Shared Living; Development-Life Skills; Group/Centre Activities; Household Tasks; Innov Community Participation; Participate Community; Supported Independent Living",Alice Springs,"Embracing Life Suport Services, Unit 24, 15 Adamson Avenue, GILLEN, NT, 0870, AU",+610424208097,Not publicly available,Not publicly available,Not publicly available,Not publicly available,,,Not publicly available,,yes,"Approved NDIS registration groups: Accommodation/Tenancy; Assist Personal Activities High; Assist-Life Stage, Transition; Assist-Personal Activities; Assist-Travel/Transport; Community Nursing Care; Daily Tasks/Shared Living; Development-Life Skills; Group/Centre Activities; Household Tasks; Innov Community Participation; Participate Community; Supported Independent Living",yes,no official website,Medium,https://www.ndiscommission.gov.au/provider-registration/find-registered-provider,2026-09-29
56616435575,Early Start Australia,Early Start Australia,EARLY START AUSTRALIA PTY LTD,56616435575,private_company,"Early Start Australia offers speech therapy, occupational therapy & NDIS services. Expert support for children’s growth, autism, early intervention & more.","Assist-Life Stage, Transition; Comms & Info Equipment; Early Childhood Supports; Ex Phys Pers Training; Participate Community; Therapeutic Supports","Darwin, Palmerston","NT | Durack, 5/6 Woodlake Boulevarde, DURACK, NT, 0830, AU",1300 372 439,https://www.earlystartaustralia.com.au/,cameron.allen@apm.net.au,https://www.linkedin.com/company/28676447,Not publicly available,,,Not publicly available,,yes,"Approved NDIS registration groups: Assist-Life Stage, Transition; Comms & Info Equipment; Early Childhood Supports; Ex Phys Pers Training; Participate Community; Therapeutic Supports",yes,ok,High,https://www.ndiscommission.gov.au/provider-registration/find-registered-provider | https://www.earlystartaustralia.com.au/,2026-09-29
71687811687,EMMAC SUPPORT SERVICES PTY LTD,EMMAC SUPPORT SERVICES PTY LTD,Emmac Support Services Pty Ltd,71687811687,private_company,Not publicly available,Assist-Personal Activities; Assist-Travel/Transport; Daily Tasks/Shared Living; Development-Life Skills; Group/Centre Activities; Household Tasks; Participate Community; Supported Independent Living,Other NT,Emmac Support Services Pty Ltd,+610420804670,Not publicly available,Not publicly available,Not publicly available,Not publicly available,,,Not publicly available,,yes,Approved NDIS registration groups: Assist-Personal Activities; Assist-Travel/Transport; Daily Tasks/Shared Living; Development-Life Skills; Group/Centre Activities; Household Tasks; Participate Community; Supported Independent Living,yes,no official website,Medium,https://www.ndiscommission.gov.au/provider-registration/find-registered-provider,2026-09-29
25653345969,DUTCH ORANGE PTY LTD,DUTCH ORANGE PTY LTD,Dutch Orange Pty Ltd,25653345969,private_company,"Compassionate, flexible NDIS care across Alice Springs & Central Australia. Personalised support that puts community and culture first.",Assist Personal Activities High; Assist-Personal Activities; Assist-Travel/Transport; Community Nursing Care; Daily Tasks/Shared Living; Development-Life Skills; Household Tasks; Innov Community Participation; Participate Community; Supported Independent Living,Alice Springs,"BRAITLING, NT, 0870, AU",0427383419,https://desertstar.au/,Not publicly available,Not publicly available,Not publicly available,,,Not publicly available,,yes,Approved NDIS registration groups: Assist Personal Activities High; Assist-Personal Activities; Assist-Travel/Transport; Community Nursing Care; Daily Tasks/Shared Living; Development-Life Skills; Household Tasks; Innov Community Participation; Participate Community; Supported Independent Living,yes,ok,Medium,https://www.ndiscommission.gov.au/provider-registration/find-registered-provider | https://desertstar.au/,2026-09-29
42004939771,Drake Australia Pty Ltd,Drake Australia Pty Ltd,DRAKE AUSTRALIA PTY LTD,42004939771,private_company,"Drake Medox is one of the most respected providers of homecare and disability support services and healthcare recruitment in Australia. We have extensive experience in homecare, providing registered nurses and support workers for individuals who require all levels of support at home – and are an accredited NDIS service provider. We also work closely with some of our nation's largest hospitals, and","Assist Personal Activities High; Assist-Life Stage, Transition; Assist-Personal Activities; Assist-Travel/Transport; Community Nursing Care; Daily Tasks/Shared Living; Development-Life Skills; Group/Centre Activities; Household Tasks; Innov Community Participation; Participate Community; Supported Independent Living",Other NT,"Drake Australia - NT, Berrimah Business Centre, Tenancy 12, 641 Stuart Highway, BERRIMAH, NT, 0828, AU",1300 360 070,https://drakemedox.com.au/,Not publicly available,https://www.linkedin.com/company/drake-medox,Not publicly available,,,Not publicly available,,yes,"Approved NDIS registration groups: Assist Personal Activities High; Assist-Life Stage, Transition; Assist-Personal Activities; Assist-Travel/Transport; Community Nursing Care; Daily Tasks/Shared Living; Development-Life Skills; Group/Centre Activities; Household Tasks; Innov Community Participation; Participate Community; Supported Independent Living",yes,ok,High,https://www.ndiscommission.gov.au/provider-registration/find-registered-provider | https://drakemedox.com.au/,2026-09-29
83618431904,EASY LIVING CARE SOLUTIONS PTY LTD,EASY LIVING CARE SOLUTIONS PTY LTD,EASY LIVING CARE SOLUTIONS PTY LTD,83618431904,private_company,Easy Living Care Solutions is dedicated to providing highly professional Disability Care Services in Melbourne. Support Independent Living - ELCS,"Accommodation/Tenancy; Assist Personal Activities High; Assist-Life Stage, Transition; Assist-Personal Activities; Assist-Travel/Transport; Community Nursing Care; Daily Tasks/Shared Living; Development-Life Skills; Group/Centre Activities; Household Tasks; Innov Community Participation; Participate Community; Specialised Disability Accommodation; Support Coordination; Supported Independent Living",Other NT,SIL House Northern Territory,+610460809276,https://easylivingcare.com.au/,info@easylivingcare.com.au,Not publicly available,Not publicly available,,,Not publicly available,,yes,"Approved NDIS registration groups: Accommodation/Tenancy; Assist Personal Activities High; Assist-Life Stage, Transition; Assist-Personal Activities; Assist-Travel/Transport; Community Nursing Care; Daily Tasks/Shared Living; Development-Life Skills; Group/Centre Activities; Household Tasks; Innov Community Participation; Participate Community; Specialised Disability Accommodation; Support Coordination; Supported Independent Living",yes,ok,High,https://www.ndiscommission.gov.au/provider-registration/find-registered-provider | https://easylivingcare.com.au/,2026-09-29
94629133231,ESAT Accounting Services Pty Ltd,ESAT Accounting Services Pty Ltd,Esat Accounting Services Pty Ltd,94629133231,private_company,Not publicly available,Plan Management,Alice Springs,"ALICE SPRINGS, NT, 0870, AU",Not publicly available,Not publicly available,Not publicly available,Not publicly available,Not publicly available,,,Not publicly available,,yes,Approved NDIS registration groups: Plan Management,yes,no official website,Medium,https://www.ndiscommission.gov.au/provider-registration/find-registered-provider,2026-09-29
15642703259,Endless Possibilities NT (EPNT),Endless Possibilities NT (EPNT),Endless Possibilities NT Pty Ltd,15642703259,private_company,"Person-led NDIS support in Darwin, including supported living, short stays, community access and support coordination. Talk with the EPNT team.","Assist Access/Maintain Employ; Assist Prod-Pers Care/Safety; Assist-Life Stage, Transition; Assist-Personal Activities; Assist-Travel/Transport; Daily Tasks/Shared Living; Development-Life Skills; Group/Centre Activities; Household Tasks; Participate Community; Specialised Disability Accommodation; Supported Independent Living",Darwin,"Endless Possibilities NT, Unit 17, 41 Sadgroves Crescent, WINNELLIE, NT, 0820, AU",0431 044 443,https://www.epnt.com.au/,admin@epnt.com.au,Not publicly available,Not publicly available,,,Not publicly available,,yes,"Approved NDIS registration groups: Assist Access/Maintain Employ; Assist Prod-Pers Care/Safety; Assist-Life Stage, Transition; Assist-Personal Activities; Assist-Travel/Transport; Daily Tasks/Shared Living; Development-Life Skills; Group/Centre Activities; Household Tasks; Participate Community; Specialised Disability Accommodation; Supported Independent Living",yes,ok,High,https://www.ndiscommission.gov.au/provider-registration/find-registered-provider | https://www.epnt.com.au/,2026-09-29
43692812874,EVERRISE DISABILITY SUPPORT PTY LTD,EVERRISE DISABILITY SUPPORT PTY LTD,Everrise Disability Support Pty Ltd,43692812874,private_company,Not publicly available,"Assist Access/Maintain Employ; Assist-Life Stage, Transition; Assist-Personal Activities; Assist-Travel/Transport; Daily Tasks/Shared Living; Development-Life Skills; Group/Centre Activities; Household Tasks; Innov Community Participation; Participate Community; Spec Support Employ",Alice Springs,"Everrise Disability Support Pty Ltd, AU",+610470551429,Not publicly available,Not publicly available,Not publicly available,Not publicly available,,,Not publicly available,,yes,"Approved NDIS registration groups: Assist Access/Maintain Employ; Assist-Life Stage, Transition; Assist-Personal Activities; Assist-Travel/Transport; Daily Tasks/Shared Living; Development-Life Skills; Group/Centre Activities; Household Tasks; Innov Community Participation; Participate Community; Spec Support Employ",yes,no official website,Medium,https://www.ndiscommission.gov.au/provider-registration/find-registered-provider,2026-09-29
55669738096,Empower Ability Solutions,Empower Ability Solutions,Empowerability Solution Pty Ltd,55669738096,private_company,Registered NDIS provider supporting people across Darwin. Personalised support to help you live independently.,Accommodation/Tenancy; Assist-Personal Activities; Assist-Travel/Transport; Daily Tasks/Shared Living; Development-Life Skills; Group/Centre Activities; Household Tasks; Innov Community Participation; Participate Community; Supported Independent Living,Other NT,Head office,0470 023 008,https://empowerabilitysolutions.com.au/,info@empowerabilitysolutions.com.au,Not publicly available,Not publicly available,,,Not publicly available,,yes,Approved NDIS registration groups: Accommodation/Tenancy; Assist-Personal Activities; Assist-Travel/Transport; Daily Tasks/Shared Living; Development-Life Skills; Group/Centre Activities; Household Tasks; Innov Community Participation; Participate Community; Supported Independent Living,yes,ok,High,https://www.ndiscommission.gov.au/provider-registration/find-registered-provider | https://empowerabilitysolutions.com.au/,2026-09-29
43656458454,EVORA CARE,EVORA CARE,Evora Care Pty Ltd,43656458454,private_company,"Evora Care is an NDIS-registered disability service provider in Alice Springs. Assistance with self-care, Supported Independent Living, Individual Living Options, community access, skill development and employment assistance.","Accommodation/Tenancy; Assist Access/Maintain Employ; Assist-Life Stage, Transition; Assist-Personal Activities; Assist-Travel/Transport; Daily Tasks/Shared Living; Development-Life Skills; Group/Centre Activities; Household Tasks; Innov Community Participation; Participate Community; Supported Independent Living",Alice Springs,"Evora Care Alice Springs, 3/1 Colson St, ALICE SPRINGS, NT, 0870, AU",1300 889 440,https://evoracare.com.au/,admin@evoracare.com.au,Not publicly available,Not publicly available,,,Not publicly available,,yes,"Approved NDIS registration groups: Accommodation/Tenancy; Assist Access/Maintain Employ; Assist-Life Stage, Transition; Assist-Personal Activities; Assist-Travel/Transport; Daily Tasks/Shared Living; Development-Life Skills; Group/Centre Activities; Household Tasks; Innov Community Participation; Participate Community; Supported Independent Living",yes,ok,High,https://www.ndiscommission.gov.au/provider-registration/find-registered-provider | https://evoracare.com.au/,2026-09-29
27647584843,ENABLE OPPORTUNITIES,ENABLE OPPORTUNITIES,INDEPENDENT CHOICE CONTROL (ICC) PTY LTD,27647584843,private_company,"Enable Opportunities primarily focus to serve Alice Springs and Greater region for the NDIS funded customers in SIL, respite and community participation",Accommodation/Tenancy; Assist Personal Activities High; Assist-Personal Activities; Assist-Travel/Transport; Daily Tasks/Shared Living; Development-Life Skills; Group/Centre Activities; Household Tasks; Innov Community Participation; Participate Community; Plan Management; Supported Independent Living,Alice Springs,"ALICE SPRINGS, NT, 0870, AU",08 7924 0333,https://www.enop.com.au/,enquiries@enop.com.au,Not publicly available,Not publicly available,,,Not publicly available,,yes,Approved NDIS registration groups: Accommodation/Tenancy; Assist Personal Activities High; Assist-Personal Activities; Assist-Travel/Transport; Daily Tasks/Shared Living; Development-Life Skills; Group/Centre Activities; Household Tasks; Innov Community Participation; Participate Community; Plan Management; Supported Independent Living,yes,ok,High,https://www.ndiscommission.gov.au/provider-registration/find-registered-provider | https://www.enop.com.au/,2026-09-29
58669405556,FEM SERVICES PTY LTD,FEM SERVICES PTY LTD,Fem Services Pty Ltd,58669405556,private_company,Not publicly available,"Assist Access/Maintain Employ; Assist-Life Stage, Transition; Assist-Personal Activities; Assist-Travel/Transport; Daily Tasks/Shared Living; Development-Life Skills; Group/Centre Activities; Household Tasks; Innov Community Participation; Participate Community; Support Coordination; Supported Independent Living",Nhulunbuy,FEM Services Pty LTD,+610413883738,Not publicly available,Not publicly available,Not publicly available,Not publicly available,,,Not publicly available,,yes,"Approved NDIS registration groups: Assist Access/Maintain Employ; Assist-Life Stage, Transition; Assist-Personal Activities; Assist-Travel/Transport; Daily Tasks/Shared Living; Development-Life Skills; Group/Centre Activities; Household Tasks; Innov Community Participation; Participate Community; Support Coordination; Supported Independent Living",yes,no official website,Medium,https://www.ndiscommission.gov.au/provider-registration/find-registered-provider,2026-09-29
13677779172,FIRST NATIONS AND PACIFIC ISLANDS CARE PTY LTD,FIRST NATIONS AND PACIFIC ISLANDS CARE PTY LTD,First Nations and Pacific Islands Care Pty Ltd,13677779172,private_company,Not publicly available,"Assist-Life Stage, Transition; Assist-Personal Activities; Assist-Travel/Transport; Community Nursing Care; Daily Tasks/Shared Living; Development-Life Skills; Group/Centre Activities; Household Tasks; Innov Community Participation; Participate Community; Spec Support Employ; Supported Independent Living",Other NT,First Nations and Pacific Islands Care Pty Ltd,Not publicly available,Not publicly available,Not publicly available,Not publicly available,Not publicly available,,,Not publicly available,,yes,"Approved NDIS registration groups: Assist-Life Stage, Transition; Assist-Personal Activities; Assist-Travel/Transport; Community Nursing Care; Daily Tasks/Shared Living; Development-Life Skills; Group/Centre Activities; Household Tasks; Innov Community Participation; Participate Community; Spec Support Employ; Supported Independent Living",yes,no official website,Medium,https://www.ndiscommission.gov.au/provider-registration/find-registered-provider,2026-09-29
19673660252,FRB CARE PLUS PTY LTD,FRB CARE PLUS PTY LTD,Frb Care Plus Pty Ltd,19673660252,private_company,Not publicly available,"Assist Personal Activities High; Assist-Life Stage, Transition; Assist-Personal Activities; Assist-Travel/Transport; Community Nursing Care; Daily Tasks/Shared Living; Development-Life Skills; Group/Centre Activities; Household Tasks; Innov Community Participation; Participate Community; Supported Independent Living",Palmerston,FRB Care Plus Pty Ltd,Not publicly available,Not publicly available,Not publicly available,Not publicly available,Not publicly available,,,Not publicly available,,yes,"Approved NDIS registration groups: Assist Personal Activities High; Assist-Life Stage, Transition; Assist-Personal Activities; Assist-Travel/Transport; Community Nursing Care; Daily Tasks/Shared Living; Development-Life Skills; Group/Centre Activities; Household Tasks; Innov Community Participation; Participate Community; Supported Independent Living",yes,no official website,Medium,https://www.ndiscommission.gov.au/provider-registration/find-registered-provider,2026-09-29
59693339883,FREE & BOUNTY LIFE PTY LTD,FREE & BOUNTY LIFE PTY LTD,Free & Bounty Life Pty Ltd,59693339883,private_company,Not publicly available,Behaviour Support; Development-Life Skills; Therapeutic Supports,Other NT,"ZUCCOLI, NT, 0832, AU",Not publicly available,Not publicly available,Not publicly available,Not publicly available,Not publicly available,,,Not publicly available,,yes,Approved NDIS registration groups: Behaviour Support; Development-Life Skills; Therapeutic Supports,yes,no official website,Medium,https://www.ndiscommission.gov.au/provider-registration/find-registered-provider,2026-09-29
62677856763,FREEDOM BEYOND DISABILITY,FREEDOM BEYOND DISABILITY,Mcried Living Pty Limited,62677856763,private_company,Not publicly available,"Accommodation/Tenancy; Assist Access/Maintain Employ; Assist Personal Activities High; Assist Prod-Pers Care/Safety; Assist-Life Stage, Transition; Assist-Personal Activities; Assist-Travel/Transport; Assistive Equip-Recreation; Community Nursing Care; Daily Tasks/Shared Living; Development-Life Skills; Group/Centre Activities; Home Modification; Household Tasks; Participate Community; Personal Mobility Equipment; Plan Management; Supported Independent Living",Alice Springs,"Freedom Beyond Disability, 82 Todd Street, ALICE SPRINGS, NT, 0870, AU",+610458436344,Not publicly available,Not publicly available,Not publicly available,Not publicly available,,,Not publicly available,,yes,"Approved NDIS registration groups: Accommodation/Tenancy; Assist Access/Maintain Employ; Assist Personal Activities High; Assist Prod-Pers Care/Safety; Assist-Life Stage, Transition; Assist-Personal Activities; Assist-Travel/Transport; Assistive Equip-Recreation; Community Nursing Care; Daily Tasks/Shared Living; Development-Life Skills; Group/Centre Activities; Home Modification; Household Tasks; Participate Community; Personal Mobility Equipment; Plan Management; Supported Independent Living",yes,no official website,Medium,https://www.ndiscommission.gov.au/provider-registration/find-registered-provider,2026-09-29
76630450636,Eunoia Lane,Eunoia Lane,FEO SKILLS DEVELOPMENT PTY LTD,76630450636,private_company,NDIS Provider for Northern Australia. Eunoia Lane strives to provide person-centered care and support for our clients.,"Accommodation/Tenancy; Assist Access/Maintain Employ; Assist Prod-Pers Care/Safety; Assist-Life Stage, Transition; Assist-Personal Activities; Assist-Travel/Transport; Assistive Equip-Recreation; Assistive Prod-Household Task; Comms & Info Equipment; Custom Prosthetics; Daily Tasks/Shared Living; Development-Life Skills; Early Childhood Supports; Group/Centre Activities; Home Modification; Household Tasks; Innov Community Participation; Participate Community; Spec Support Employ; Specialised Driver Training; Support Coordination; Supported Independent Living; Therapeutic Supports; Vision Equipment","Darwin, Alice Springs","Eunoia Lane - Cairns, 14 Spence Street, CAIRNS CITY, QLD, 4870, AU",08 8947 6908,https://eunoialane.com.au/,Not publicly available,https://www.linkedin.com/company/eunoia-lane,Not publicly available,,,Not publicly available,,yes,"Approved NDIS registration groups: Accommodation/Tenancy; Assist Access/Maintain Employ; Assist Prod-Pers Care/Safety; Assist-Life Stage, Transition; Assist-Personal Activities; Assist-Travel/Transport; Assistive Equip-Recreation; Assistive Prod-Household Task; Comms & Info Equipment; Custom Prosthetics; Daily Tasks/Shared Living; Development-Life Skills; Early Childhood Supports; Group/Centre Activities; Home Modification; Household Tasks; Innov Community Participation; Participate Community; Spec Support Employ; Specialised Driver Training; Support Coordination; Supported Independent Living; Therapeutic Supports; Vision Equipment",yes,ok,High,https://www.ndiscommission.gov.au/provider-registration/find-registered-provider | https://eunoialane.com.au/,2026-09-29
30689817463,GLORY CARE SERVICES PTY LTD,GLORY CARE SERVICES PTY LTD,Glory Care Services Pty Ltd,30689817463,private_company,Not publicly available,"Assist Personal Activities High; Assist-Life Stage, Transition; Assist-Personal Activities; Assist-Travel/Transport; Community Nursing Care; Daily Tasks/Shared Living; Development-Life Skills; Group/Centre Activities; Household Tasks; Innov Community Participation; Participate Community; Supported Independent Living",Alice Springs,Glory Care Services,+610401163944,Not publicly available,Not publicly available,Not publicly available,Not publicly available,,,Not publicly available,,yes,"Approved NDIS registration groups: Assist Personal Activities High; Assist-Life Stage, Transition; Assist-Personal Activities; Assist-Travel/Transport; Community Nursing Care; Daily Tasks/Shared Living; Development-Life Skills; Group/Centre Activities; Household Tasks; Innov Community Participation; Participate Community; Supported Independent Living",yes,no official website,Medium,https://www.ndiscommission.gov.au/provider-registration/find-registered-provider,2026-09-29
30658822354,GRACE REYAT DISABILITY SERVICES PTY LTD.,GRACE REYAT DISABILITY SERVICES PTY LTD.,Grace Reyat Disability Services Pty Ltd.,30658822354,private_company,Not publicly available,"Accommodation/Tenancy; Assist-Life Stage, Transition; Assist-Personal Activities; Assist-Travel/Transport; Daily Tasks/Shared Living; Development-Life Skills; Group/Centre Activities; Household Tasks; Innov Community Participation; Participate Community; Support Coordination; Supported Independent Living",Other NT,Grace Reyat Disability Services Pty Ltd - WA,+610459298370,Not publicly available,Not publicly available,Not publicly available,Not publicly available,,,Not publicly available,,yes,"Approved NDIS registration groups: Accommodation/Tenancy; Assist-Life Stage, Transition; Assist-Personal Activities; Assist-Travel/Transport; Daily Tasks/Shared Living; Development-Life Skills; Group/Centre Activities; Household Tasks; Innov Community Participation; Participate Community; Support Coordination; Supported Independent Living",yes,no official website,Medium,https://www.ndiscommission.gov.au/provider-registration/find-registered-provider,2026-09-29
80624370869,GRACIOUS HELPER SUPPORT SERVICES,GRACIOUS HELPER SUPPORT SERVICES,Desert Communication Pty Ltd,80624370869,private_company,Not publicly available,"Assist Access/Maintain Employ; Assist-Life Stage, Transition; Assist-Personal Activities; Assist-Travel/Transport; Daily Tasks/Shared Living; Development-Life Skills; Group/Centre Activities; Household Tasks; Innov Community Participation; Participate Community; Spec Support Employ; Supported Independent Living",Alice Springs,"GRACIOUS HELPER SUPPORT SERVICES, AU",Not publicly available,Not publicly available,Not publicly available,Not publicly available,Not publicly available,,,Not publicly available,,yes,"Approved NDIS registration groups: Assist Access/Maintain Employ; Assist-Life Stage, Transition; Assist-Personal Activities; Assist-Travel/Transport; Daily Tasks/Shared Living; Development-Life Skills; Group/Centre Activities; Household Tasks; Innov Community Participation; Participate Community; Spec Support Employ; Supported Independent Living",yes,no official website,Medium,https://www.ndiscommission.gov.au/provider-registration/find-registered-provider,2026-09-29
42643075165,GIFTED HANDS SUPPORT SERVICES,GIFTED HANDS SUPPORT SERVICES,GIFTED HANDS SUPPORT SERVICES PTY LTD,42643075165,private_company,"Welcome to Gifted Hands Support Services, a trusted and compassionate provider of NDIS (National Disability Insurance Scheme) and mental health care services. We are dedicated to enhancing the lives of individuals with disabilities and mental health challenges by offering personalized support, care, and advocacy. Our team of highly skilled professionals is committed to delivering exceptional servi","Assist Access/Maintain Employ; Assist Personal Activities High; Assist-Life Stage, Transition; Assist-Personal Activities; Assist-Travel/Transport; Behaviour Support; Community Nursing Care; Daily Tasks/Shared Living; Development-Life Skills; Household Tasks; Innov Community Participation; Participate Community; Support Coordination; Supported Independent Living",Other NT,"Gifted Hands Support Services, AU",+61423256484,https://giftedhands.net.au/,info@giftedhands.net,Not publicly available,Not publicly available,,,Not publicly available,,yes,"Approved NDIS registration groups: Assist Access/Maintain Employ; Assist Personal Activities High; Assist-Life Stage, Transition; Assist-Personal Activities; Assist-Travel/Transport; Behaviour Support; Community Nursing Care; Daily Tasks/Shared Living; Development-Life Skills; Household Tasks; Innov Community Participation; Participate Community; Support Coordination; Supported Independent Living",yes,ok,High,https://www.ndiscommission.gov.au/provider-registration/find-registered-provider | https://giftedhands.net.au/,2026-09-29
41097382600,Golden Glow Corporation (Nt) Pty Ltd Wan,Golden Glow Corporation (Nt) Pty Ltd Wan,GOLDEN GLOW CORPORATION (NT) PTY. LTD.,41097382600,private_company,Supported Independent Living (SIL) & In-Home Supports It is important that individuals experiencing continence problems are assessed by a Continence Health Professional.,"Assist Personal Activities High; Assist-Life Stage, Transition; Assist-Personal Activities; Assist-Travel/Transport; Assistive Prod-Household Task; Community Nursing Care; Daily Tasks/Shared Living; Household Tasks; Participate Community; Supported Independent Living",Darwin,"Golden Glow Nursing Muirhead House, AU",08 8927 2756,https://goldenglownursing.com.au/,info@goldenglownursing.com.au,https://www.linkedin.com/company/golden-glow-nursing,Not publicly available,,,Not publicly available,,yes,"Approved NDIS registration groups: Assist Personal Activities High; Assist-Life Stage, Transition; Assist-Personal Activities; Assist-Travel/Transport; Assistive Prod-Household Task; Community Nursing Care; Daily Tasks/Shared Living; Household Tasks; Participate Community; Supported Independent Living",yes,ok,High,https://www.ndiscommission.gov.au/provider-registration/find-registered-provider | https://goldenglownursing.com.au/,2026-09-29
59676872594,Harmonious Community Care,Harmonious Community Care,Harmonious Community Care Pty Ltd,59676872594,private_company,Not publicly available,"Assist Access/Maintain Employ; Assist Personal Activities High; Assist-Life Stage, Transition; Assist-Personal Activities; Assist-Travel/Transport; Community Nursing Care; Daily Tasks/Shared Living; Development-Life Skills; Group/Centre Activities; Household Tasks; Innov Community Participation; Participate Community; Supported Independent Living",Other NT,"LEE POINT, NT, 0810, AU",Not publicly available,Not publicly available,Not publicly available,Not publicly available,Not publicly available,,,Not publicly available,,yes,"Approved NDIS registration groups: Assist Access/Maintain Employ; Assist Personal Activities High; Assist-Life Stage, Transition; Assist-Personal Activities; Assist-Travel/Transport; Community Nursing Care; Daily Tasks/Shared Living; Development-Life Skills; Group/Centre Activities; Household Tasks; Innov Community Participation; Participate Community; Supported Independent Living",yes,no official website,Medium,https://www.ndiscommission.gov.au/provider-registration/find-registered-provider,2026-09-29
41649120132,HARMONY HELPING HANDS PTY LTD,HARMONY HELPING HANDS PTY LTD,HARMONY HELPING HANDS PTY LTD,41649120132,private_company,Not publicly available,Accommodation/Tenancy; Assist-Personal Activities; Assist-Travel/Transport; Daily Tasks/Shared Living; Development-Life Skills; Group/Centre Activities; Household Tasks; Innov Community Participation; Participate Community; Supported Independent Living,Palmerston,SIL House,+610490239176,Not publicly available,Not publicly available,Not publicly available,Not publicly available,,,Not publicly available,,yes,Approved NDIS registration groups: Accommodation/Tenancy; Assist-Personal Activities; Assist-Travel/Transport; Daily Tasks/Shared Living; Development-Life Skills; Group/Centre Activities; Household Tasks; Innov Community Participation; Participate Community; Supported Independent Living,yes,no official website,Medium,https://www.ndiscommission.gov.au/provider-registration/find-registered-provider,2026-09-29
76656481202,Fly2 Health Group,Fly2 Health Group,Fly2 Health Group Pty Ltd,76656481202,private_company,"Healthcare access is limited or non-existent in many regions of Australia. Fly2Health is dedicated to bridging these gaps by providing high-quality, accessible healthcare services to rural and remote communities.",Behaviour Support; Early Childhood Supports; Therapeutic Supports,"Darwin, Palmerston, Alice Springs, Tennant Creek","Fly2Health NT Gunbalanya, Gunbalanya, GUNBALANYA, NT, 0822, AU",+611300163665,https://www.fly2health.com.au/,hello@fly2health.com.au,https://www.linkedin.com/company/fly2-health-group,Not publicly available,,,Not publicly available,,yes,Approved NDIS registration groups: Behaviour Support; Early Childhood Supports; Therapeutic Supports,yes,ok,High,https://www.ndiscommission.gov.au/provider-registration/find-registered-provider | https://www.fly2health.com.au/,2026-09-29
66678166115,HEALING PATHWAYS NT PTY LTD,HEALING PATHWAYS NT PTY LTD,Healing Pathways NT Pty Ltd,66678166115,private_company,Not publicly available,"Assist Access/Maintain Employ; Assist-Life Stage, Transition; Assist-Personal Activities; Assist-Travel/Transport; Daily Tasks/Shared Living; Development-Life Skills; Early Childhood Supports; Group/Centre Activities; Household Tasks; Innov Community Participation; Participate Community; Spec Support Employ; Therapeutic Supports",Other NT,Healing Pathways NT Pty Ltd,+610466998324,https://www.hpnt.com.au/,Not publicly available,Not publicly available,Not publicly available,,,Not publicly available,,yes,"Approved NDIS registration groups: Assist Access/Maintain Employ; Assist-Life Stage, Transition; Assist-Personal Activities; Assist-Travel/Transport; Daily Tasks/Shared Living; Development-Life Skills; Early Childhood Supports; Group/Centre Activities; Household Tasks; Innov Community Participation; Participate Community; Spec Support Employ; Therapeutic Supports",yes,ok,Medium,https://www.ndiscommission.gov.au/provider-registration/find-registered-provider | https://www.hpnt.com.au/,2026-09-29
46634228363,HANDS ON PEOPLE,HANDS ON PEOPLE,HANDS ON PEOPLE PTY LTD,46634228363,private_company,Not publicly available,"Accommodation/Tenancy; Assist Access/Maintain Employ; Assist Personal Activities High; Assist-Life Stage, Transition; Assist-Personal Activities; Assist-Travel/Transport; Community Nursing Care; Daily Tasks/Shared Living; Development-Life Skills; Group/Centre Activities; Household Tasks; Innov Community Participation; Participate Community; Plan Management; Support Coordination; Supported Independent Living; Therapeutic Supports",Darwin,"Darwin Brach-  Hands on People, 37 Changsha Crescent, MUIRHEAD, NT, 0810, AU",+610481590333,https://www.handsonpeople.com.au,Not publicly available,Not publicly available,Not publicly available,,,Not publicly available,,yes,"Approved NDIS registration groups: Accommodation/Tenancy; Assist Access/Maintain Employ; Assist Personal Activities High; Assist-Life Stage, Transition; Assist-Personal Activities; Assist-Travel/Transport; Community Nursing Care; Daily Tasks/Shared Living; Development-Life Skills; Group/Centre Activities; Household Tasks; Innov Community Participation; Participate Community; Plan Management; Support Coordination; Supported Independent Living; Therapeutic Supports",yes,"error:HTTPSConnectionPool(host='www.handsonpeople.com.au', port=443): Max retries exceeded with url: / (Caused by NameResolutionError(""HTTPSConnection(host='www.handsonpeople.com.au', port=443): Failed to resolve 'www.handsonpeople.com.au' ([Errno -2] Name or service not known)""))",Medium,https://www.ndiscommission.gov.au/provider-registration/find-registered-provider,2026-09-29
23791570058,Emergency Medical Systems Pty Ltd,Emergency Medical Systems Pty Ltd,The Trustee for EMSAS Trust,23791570058,private_company,"Australian personal medical alarms with 24/7 in-house monitoring, fall detection & GPS. Trusted by 40,000+ Australians for 25+ years. Call 1300 699 159.",Assist Prod-Pers Care/Safety; Comms & Info Equipment,Other NT,Emergency Medical Services - NT,1300 699 159,https://www.emsas.com.au/,info@emsas.com.au,Not publicly available,Not publicly available,,,Not publicly available,,yes,Approved NDIS registration groups: Assist Prod-Pers Care/Safety; Comms & Info Equipment,yes,ok,High,https://www.ndiscommission.gov.au/provider-registration/find-registered-provider | https://www.emsas.com.au/,2026-09-29
99646907100,HELP FOR ALL PTY LTD,HELP FOR ALL PTY LTD,HELP FOR ALL PTY LTD,99646907100,private_company,Not publicly available,"Assist Access/Maintain Employ; Assist Prod-Pers Care/Safety; Assist-Life Stage, Transition; Assist-Personal Activities; Assist-Travel/Transport; Assistive Prod-Household Task; Daily Tasks/Shared Living; Development-Life Skills; Group/Centre Activities; Household Tasks; Innov Community Participation; Participate Community; Plan Management; Spec Support Employ; Supported Independent Living; Therapeutic Supports",Darwin,HELP FOR ALL Therapeutic Supports,+610478000553,Not publicly available,Not publicly available,Not publicly available,Not publicly available,,,Not publicly available,,yes,"Approved NDIS registration groups: Assist Access/Maintain Employ; Assist Prod-Pers Care/Safety; Assist-Life Stage, Transition; Assist-Personal Activities; Assist-Travel/Transport; Assistive Prod-Household Task; Daily Tasks/Shared Living; Development-Life Skills; Group/Centre Activities; Household Tasks; Innov Community Participation; Participate Community; Plan Management; Spec Support Employ; Supported Independent Living; Therapeutic Supports",yes,no official website,Medium,https://www.ndiscommission.gov.au/provider-registration/find-registered-provider,2026-09-29
58673882810,HEALING TOUCH SUPPORT SERVICES,HEALING TOUCH SUPPORT SERVICES,Healing Touch Support Services Pty Ltd.,58673882810,private_company,Not publicly available,Assist Personal Activities High; Assist-Personal Activities; Assist-Travel/Transport; Community Nursing Care; Daily Tasks/Shared Living; Development-Life Skills; Group/Centre Activities; Household Tasks; Innov Community Participation; Participate Community; Supported Independent Living,Darwin,Mobile Outlet,+610457077866,https://htsupport.com.au,Not publicly available,Not publicly available,Not publicly available,,,Not publicly available,,yes,Approved NDIS registration groups: Assist Personal Activities High; Assist-Personal Activities; Assist-Travel/Transport; Community Nursing Care; Daily Tasks/Shared Living; Development-Life Skills; Group/Centre Activities; Household Tasks; Innov Community Participation; Participate Community; Supported Independent Living,yes,error:HTTP 500,Medium,https://www.ndiscommission.gov.au/provider-registration/find-registered-provider,2026-09-29
85006405152,Healthscope Independence Services,Healthscope Independence Services,HEALTHSCOPE OPERATIONS PTY LTD,85006405152,private_company,Not publicly available,"Assist Personal Activities High; Assist-Life Stage, Transition; Assist-Personal Activities; Assist-Travel/Transport; Daily Tasks/Shared Living; Development-Life Skills; Household Tasks; Participate Community; Supported Independent Living","Darwin, Palmerston","Johnston House, 10 Balikpapan Court, JOHNSTON, NT, 0832, AU",+610385518888,https://www.healthscopeindependenceservices.com.au,Not publicly available,Not publicly available,Not publicly available,,,Not publicly available,,yes,"Approved NDIS registration groups: Assist Personal Activities High; Assist-Life Stage, Transition; Assist-Personal Activities; Assist-Travel/Transport; Daily Tasks/Shared Living; Development-Life Skills; Household Tasks; Participate Community; Supported Independent Living",yes,"error:HTTPSConnectionPool(host='www.healthscopeindependenceservices.com.au', port=443): Max retries exceeded with url: / (Caused by SSLError(SSLEOFError(8, '[SSL: UNEXPECTED_EOF_WHILE_READING] EOF occurred in violation of protocol (_ssl.c:1000)')))",Medium,https://www.ndiscommission.gov.au/provider-registration/find-registered-provider,2026-09-29
19651004956,Home Grown Lawn Mowing PTY LTD,Home Grown Lawn Mowing PTY LTD,HOME GROWN LAWN MOWING PTY LTD,19651004956,private_company,"We uphold our Professionalism in specialising in Gardening & Lawn care, with our extensive care for: Lawn Mowing, Lawn Care, Professional Edging, Garden Care, Pruning / Hedging, Applying Mulch/Soil, I",Household Tasks,Palmerston,HOME GROWN LAWN MOWING PTY LTD,0432 494 382,https://www.homegrownlawnmowing.com.au/,info@homegrownlawnmowing.com,Not publicly available,Not publicly available,,,Not publicly available,,yes,Approved NDIS registration groups: Household Tasks,yes,ok,High,https://www.ndiscommission.gov.au/provider-registration/find-registered-provider | https://www.homegrownlawnmowing.com.au/,2026-09-29
61143889703,GREENSPACE HOMES,GREENSPACE HOMES,Greenspace Group Pty. Ltd.,61143889703,private_company,Architecturally designed homes and apartments Construction of over 150 first build dwellings,Home Modification,Other NT,Greenspace Group,+610889844351,https://www.greenspacehomes.com.au/,Not publicly available,Not publicly available,Not publicly available,,,Not publicly available,,yes,Approved NDIS registration groups: Home Modification,yes,ok,Medium,https://www.ndiscommission.gov.au/provider-registration/find-registered-provider | https://www.greenspacehomes.com.au/,2026-09-29
85691425948,HOPE BRIDGE DISABILITY SUPPORT PTY LTD,HOPE BRIDGE DISABILITY SUPPORT PTY LTD,Hope Bridge Disability Support Pty Ltd,85691425948,private_company,Not publicly available,"Assist Access/Maintain Employ; Assist-Life Stage, Transition; Assist-Personal Activities; Assist-Travel/Transport; Daily Tasks/Shared Living; Development-Life Skills; Group/Centre Activities; Household Tasks; Innov Community Participation; Participate Community",Other NT,"MOUNT JOHNS, NT, 0874, AU",Not publicly available,Not publicly available,Not publicly available,Not publicly available,Not publicly available,,,Not publicly available,,yes,"Approved NDIS registration groups: Assist Access/Maintain Employ; Assist-Life Stage, Transition; Assist-Personal Activities; Assist-Travel/Transport; Daily Tasks/Shared Living; Development-Life Skills; Group/Centre Activities; Household Tasks; Innov Community Participation; Participate Community",yes,no official website,Medium,https://www.ndiscommission.gov.au/provider-registration/find-registered-provider,2026-09-29
17646073252,HOX'S SERVICES PTY LTD,HOX'S SERVICES PTY LTD,Hox's Services Pty Ltd,17646073252,private_company,Not publicly available,"Accommodation/Tenancy; Assist Access/Maintain Employ; Assist Personal Activities High; Assist-Life Stage, Transition; Assist-Personal Activities; Assist-Travel/Transport; Community Nursing Care; Daily Tasks/Shared Living; Development-Life Skills; Group/Centre Activities; Household Tasks; Innov Community Participation; Participate Community; Supported Independent Living",Alice Springs,HOX'S SERVICES PTY LTD,+610413662113,Not publicly available,Not publicly available,Not publicly available,Not publicly available,,,Not publicly available,,yes,"Approved NDIS registration groups: Accommodation/Tenancy; Assist Access/Maintain Employ; Assist Personal Activities High; Assist-Life Stage, Transition; Assist-Personal Activities; Assist-Travel/Transport; Community Nursing Care; Daily Tasks/Shared Living; Development-Life Skills; Group/Centre Activities; Household Tasks; Innov Community Participation; Participate Community; Supported Independent Living",yes,no official website,Medium,https://www.ndiscommission.gov.au/provider-registration/find-registered-provider,2026-09-29
64630243659,Hope Ability,Hope Ability,HOPE ONLINE PTY LTD,64630243659,private_company,Hope Ability | NDIS Psychosocial and Forensic Disability Supports and Services,"Accommodation/Tenancy; Assist Access/Maintain Employ; Assist Personal Activities High; Assist-Life Stage, Transition; Assist-Personal Activities; Assist-Travel/Transport; Community Nursing Care; Daily Tasks/Shared Living; Development-Life Skills; Group/Centre Activities; Household Tasks; Innov Community Participation; Participate Community; Plan Management; Spec Support Employ; Support Coordination; Supported Independent Living; Therapeutic Supports","Darwin, Palmerston, Katherine","Hope Ability - Head Office, Unit 15, 16 Charlton Court, WOOLNER, NT, 0820, AU",08 7918 3357,https://www.hopeability.com.au./,info@hopeability.com.au,Not publicly available,Not publicly available,,,Not publicly available,,yes,"Approved NDIS registration groups: Accommodation/Tenancy; Assist Access/Maintain Employ; Assist Personal Activities High; Assist-Life Stage, Transition; Assist-Personal Activities; Assist-Travel/Transport; Community Nursing Care; Daily Tasks/Shared Living; Development-Life Skills; Group/Centre Activities; Household Tasks; Innov Community Participation; Participate Community; Plan Management; Spec Support Employ; Support Coordination; Supported Independent Living; Therapeutic Supports",yes,ok,High,https://www.ndiscommission.gov.au/provider-registration/find-registered-provider | https://www.hopeability.com.au./,2026-09-29
61641040066,iCare Youth And Community Services,iCare Youth And Community Services,ICARE YOUTH AND COMMUNITY SERVICES PTY LTD,61641040066,private_company,"Leading NDIS-registered provider of compassionate disability support in Northern Territory. SIL, respite care, youth services & more in Alice Springs.","Assist Access/Maintain Employ; Assist Personal Activities High; Assist-Life Stage, Transition; Assist-Personal Activities; Assist-Travel/Transport; Community Nursing Care; Daily Tasks/Shared Living; Development-Life Skills; Ex Phys Pers Training; Group/Centre Activities; Household Tasks; Participate Community; Spec Support Employ; Supported Independent Living; Therapeutic Supports","Alice Springs, Tennant Creek","iCare Youth And Community Services, 44 Bath Street, ALICE SPRINGS, NT, 0870, AU",+610411567430,https://www.icare-nt.com.au/,info@icare-nt.com.au,Not publicly available,Not publicly available,,,Not publicly available,,yes,"Approved NDIS registration groups: Assist Access/Maintain Employ; Assist Personal Activities High; Assist-Life Stage, Transition; Assist-Personal Activities; Assist-Travel/Transport; Community Nursing Care; Daily Tasks/Shared Living; Development-Life Skills; Ex Phys Pers Training; Group/Centre Activities; Household Tasks; Participate Community; Spec Support Employ; Supported Independent Living; Therapeutic Supports",yes,ok,High,https://www.ndiscommission.gov.au/provider-registration/find-registered-provider | https://www.icare-nt.com.au/,2026-09-29
39688332309,IMARA CARE PTY LTD,IMARA CARE PTY LTD,Imara Care Pty Ltd,39688332309,private_company,Not publicly available,"Assist-Life Stage, Transition; Assist-Personal Activities; Assist-Travel/Transport; Daily Tasks/Shared Living; Development-Life Skills; Group/Centre Activities; Household Tasks; Innov Community Participation; Participate Community; Supported Independent Living",Alice Springs,Mobile,+610410974542,Not publicly available,Not publicly available,Not publicly available,Not publicly available,,,Not publicly available,,yes,"Approved NDIS registration groups: Assist-Life Stage, Transition; Assist-Personal Activities; Assist-Travel/Transport; Daily Tasks/Shared Living; Development-Life Skills; Group/Centre Activities; Household Tasks; Innov Community Participation; Participate Community; Supported Independent Living",yes,no official website,Medium,https://www.ndiscommission.gov.au/provider-registration/find-registered-provider,2026-09-29
78661838615,HEART TO HOLD FOUNDATION PTY LTD,HEART TO HOLD FOUNDATION PTY LTD,Heart to Hold Foundation Pty Ltd,78661838615,private_company,Discover disability support in SA & NT with Heart To Hold Foundation. Compassionate care that promotes independence.,"Assist-Life Stage, Transition; Assist-Personal Activities; Assist-Travel/Transport; Community Nursing Care; Daily Tasks/Shared Living; Development-Life Skills; Group/Centre Activities; Household Tasks; Innov Community Participation; Participate Community; Specialised Disability Accommodation; Support Coordination; Supported Independent Living; Therapeutic Supports",Palmerston,"Heart to Hold Foundation - NT, Shop 1, 1 Palmerston Circuit, PALMERSTON CITY, NT, 0830, AU",08 7092 6014,https://www.heart2hold.com.au/,connect@heart2hold.com.au,Not publicly available,Not publicly available,,,Not publicly available,,yes,"Approved NDIS registration groups: Assist-Life Stage, Transition; Assist-Personal Activities; Assist-Travel/Transport; Community Nursing Care; Daily Tasks/Shared Living; Development-Life Skills; Group/Centre Activities; Household Tasks; Innov Community Participation; Participate Community; Specialised Disability Accommodation; Support Coordination; Supported Independent Living; Therapeutic Supports",yes,ok,High,https://www.ndiscommission.gov.au/provider-registration/find-registered-provider | https://www.heart2hold.com.au/,2026-09-29
85678399561,Independent Living,Independent Living,Independent Living NT Pty Ltd,85678399561,private_company,Not publicly available,Assist-Personal Activities; Assist-Travel/Transport; Daily Tasks/Shared Living; Development-Life Skills; Group/Centre Activities; Household Tasks; Innov Community Participation; Participate Community; Supported Independent Living,Darwin,Mobile,+610458651147,Not publicly available,Not publicly available,Not publicly available,Not publicly available,,,Not publicly available,,yes,Approved NDIS registration groups: Assist-Personal Activities; Assist-Travel/Transport; Daily Tasks/Shared Living; Development-Life Skills; Group/Centre Activities; Household Tasks; Innov Community Participation; Participate Community; Supported Independent Living,yes,no official website,Medium,https://www.ndiscommission.gov.au/provider-registration/find-registered-provider,2026-09-29
70671918219,INFINITY CARE AUSTRALIA PTY LTD,INFINITY CARE AUSTRALIA PTY LTD,Infinity Care Australia Pty Ltd,70671918219,private_company,Not publicly available,Assist-Personal Activities; Assist-Travel/Transport; Daily Tasks/Shared Living; Development-Life Skills; Group/Centre Activities; Household Tasks; Participate Community; Supported Independent Living,Alice Springs,Infinity Care Australia PTY LTD,Not publicly available,Not publicly available,Not publicly available,Not publicly available,Not publicly available,,,Not publicly available,,yes,Approved NDIS registration groups: Assist-Personal Activities; Assist-Travel/Transport; Daily Tasks/Shared Living; Development-Life Skills; Group/Centre Activities; Household Tasks; Participate Community; Supported Independent Living,yes,no official website,Medium,https://www.ndiscommission.gov.au/provider-registration/find-registered-provider,2026-09-29
25661990236,INSIGHT LIVING,INSIGHT LIVING,Iv Revive Drips Pty Ltd,25661990236,private_company,Not publicly available,"Assist Access/Maintain Employ; Assist Personal Activities High; Assist-Life Stage, Transition; Assist-Personal Activities; Assist-Travel/Transport; Community Nursing Care; Daily Tasks/Shared Living; Development-Life Skills; Group/Centre Activities; Household Tasks; Innov Community Participation; Participate Community; Spec Support Employ",Other NT,"INSIGHT LIVING, AU",Not publicly available,Not publicly available,Not publicly available,Not publicly available,Not publicly available,,,Not publicly available,,yes,"Approved NDIS registration groups: Assist Access/Maintain Employ; Assist Personal Activities High; Assist-Life Stage, Transition; Assist-Personal Activities; Assist-Travel/Transport; Community Nursing Care; Daily Tasks/Shared Living; Development-Life Skills; Group/Centre Activities; Household Tasks; Innov Community Participation; Participate Community; Spec Support Employ",yes,no official website,Medium,https://www.ndiscommission.gov.au/provider-registration/find-registered-provider,2026-09-29
48653444823,INTEGRITY PRACTICES PTY LTD,INTEGRITY PRACTICES PTY LTD,INTEGRITY PRACTICES PTY LTD,48653444823,private_company,Not publicly available,Behaviour Support,Other NT,"MUIRHEAD, NT, 0810, AU",Not publicly available,Not publicly available,Not publicly available,Not publicly available,Not publicly available,,,Not publicly available,,yes,Approved NDIS registration groups: Behaviour Support,yes,no official website,Medium,https://www.ndiscommission.gov.au/provider-registration/find-registered-provider,2026-09-29
38684232004,INCLUSIVE SUPPORTS NT PTY LTD,INCLUSIVE SUPPORTS NT PTY LTD,Inclusive Supports NT Pty Ltd,38684232004,private_company,"We put your needs, preferences, and goals at the heart of everything we do, ensuring services that truly make a difference in your life. Count on consistent, professional care from trusted support workers who are thoroughly trained and committed to excellence.","Assist Access/Maintain Employ; Assist-Life Stage, Transition; Assist-Personal Activities; Assist-Travel/Transport; Daily Tasks/Shared Living; Development-Life Skills; Group/Centre Activities; Household Tasks; Innov Community Participation; Participate Community; Supported Independent Living",Darwin,"Mobile, AU",+610486266537,https://isupportsnt.com.au/,manager@isupportsnt.com.au,Not publicly available,Not publicly available,,,Not publicly available,,yes,"Approved NDIS registration groups: Assist Access/Maintain Employ; Assist-Life Stage, Transition; Assist-Personal Activities; Assist-Travel/Transport; Daily Tasks/Shared Living; Development-Life Skills; Group/Centre Activities; Household Tasks; Innov Community Participation; Participate Community; Supported Independent Living",yes,ok,High,https://www.ndiscommission.gov.au/provider-registration/find-registered-provider | https://isupportsnt.com.au/,2026-09-29
74664633907,INNER BALANCE HEALTH PTY LTD,INNER BALANCE HEALTH PTY LTD,Inner Balance Health Pty Ltd,74664633907,private_company,"Inner Balance Health offers Pilates classes, clinical Pilates, yoga, physio & massage services in Darwin. To enquire or book, call (08) 8948 3954.",Ex Phys Pers Training; Therapeutic Supports,Darwin,Mobile,+610889483954,https://www.innerbalancehealth.com.au/,reception@innerbalancehealth.com.au,Not publicly available,Not publicly available,,,Not publicly available,,yes,Approved NDIS registration groups: Ex Phys Pers Training; Therapeutic Supports,yes,ok,High,https://www.ndiscommission.gov.au/provider-registration/find-registered-provider | https://www.innerbalancehealth.com.au/,2026-09-29
20083457854,J. C. SMITH & ASSOCIATES NT PTY. LTD.,J. C. SMITH & ASSOCIATES NT PTY. LTD.,J.C. SMITH & ASSOCIATES NT PTY. LTD.,20083457854,private_company,Not publicly available,"Accommodation/Tenancy; Assist-Life Stage, Transition; Assist-Personal Activities; Assist-Travel/Transport; Daily Tasks/Shared Living; Development-Life Skills; Group/Centre Activities; Household Tasks; Innov Community Participation; Participate Community; Plan Management; Supported Independent Living",Nhulunbuy,JC Smith & Associates NT PTY LTD,+610482663828,Not publicly available,Not publicly available,Not publicly available,Not publicly available,,,Not publicly available,,yes,"Approved NDIS registration groups: Accommodation/Tenancy; Assist-Life Stage, Transition; Assist-Personal Activities; Assist-Travel/Transport; Daily Tasks/Shared Living; Development-Life Skills; Group/Centre Activities; Household Tasks; Innov Community Participation; Participate Community; Plan Management; Supported Independent Living",yes,no official website,Medium,https://www.ndiscommission.gov.au/provider-registration/find-registered-provider,2026-09-29
59903291025,IDEAL Plan Management,IDEAL Plan Management,ABMKG Family Trust & Lismar Trust & Milojo Trust & ROSEKIRK PTY LTD & The Lariss,59903291025,private_company,Your partner in NDIS plan management - IDEAL is a team of expert NDIS plan managers servicing all of Australia,Plan Management; Supported Independent Living,Other NT,"IDEAL Plan Management NT, AU",1300 800 110,https://www.idealplan.com.au/,manager@idealplan.com.au,https://www.linkedin.com/company/ideal-plan-management,Not publicly available,,,Not publicly available,,yes,Approved NDIS registration groups: Plan Management; Supported Independent Living,yes,ok,High,https://www.ndiscommission.gov.au/provider-registration/find-registered-provider | https://www.idealplan.com.au/,2026-09-29
71684279650,JOURNEY TO HORIZON SERVICES PTY LTD,JOURNEY TO HORIZON SERVICES PTY LTD,Journey to Horizon Services Pty Ltd,71684279650,private_company,Not publicly available,"Assist-Life Stage, Transition; Assist-Personal Activities; Assist-Travel/Transport; Daily Tasks/Shared Living; Development-Life Skills; Group/Centre Activities; Household Tasks; Innov Community Participation; Participate Community; Supported Independent Living",Palmerston,JOURNEY TO HORIZON SERVICES PTY LTD,+610414855410,Not publicly available,Not publicly available,Not publicly available,Not publicly available,,,Not publicly available,,yes,"Approved NDIS registration groups: Assist-Life Stage, Transition; Assist-Personal Activities; Assist-Travel/Transport; Daily Tasks/Shared Living; Development-Life Skills; Group/Centre Activities; Household Tasks; Innov Community Participation; Participate Community; Supported Independent Living",yes,no official website,Medium,https://www.ndiscommission.gov.au/provider-registration/find-registered-provider,2026-09-29
93649384565,IRIS Collective,IRIS Collective,SYNORO PTY LTD,93649384565,private_company,"IRIS Collective are NDIS Registered Positive Behaviour Support (PBS) Providers in Australia. Expert practitioners in Alice Springs & Darwin, NT. Championing human rights.","Assist-Life Stage, Transition; Behaviour Support; Support Coordination; Therapeutic Supports","Palmerston, Alice Springs","IRIS Collective Head Office, Suite 4A, Helm House, 40 Bath Street, ALICE SPRINGS, NT, 0870, AU",+611800717511,https://iriscollective.com.au/,Not publicly available,Not publicly available,Not publicly available,,,Not publicly available,,yes,"Approved NDIS registration groups: Assist-Life Stage, Transition; Behaviour Support; Support Coordination; Therapeutic Supports",yes,ok,Medium,https://www.ndiscommission.gov.au/provider-registration/find-registered-provider | https://iriscollective.com.au/,2026-09-29
69658015742,Joyful Souls Support,Joyful Souls Support,Joyful Souls Support Pty Ltd,69658015742,private_company,Not publicly available,"Accommodation/Tenancy; Assist Access/Maintain Employ; Assist-Life Stage, Transition; Assist-Personal Activities; Assist-Travel/Transport; Daily Tasks/Shared Living; Development-Life Skills; Household Tasks; Innov Community Participation; Participate Community; Supported Independent Living",Alice Springs,"Joyful Souls Head Office, Unit 8, 11 Todd Street, ALICE SPRINGS, NT, 0870, AU",+610889555138,Not publicly available,Not publicly available,Not publicly available,Not publicly available,,,Not publicly available,,yes,"Approved NDIS registration groups: Accommodation/Tenancy; Assist Access/Maintain Employ; Assist-Life Stage, Transition; Assist-Personal Activities; Assist-Travel/Transport; Daily Tasks/Shared Living; Development-Life Skills; Household Tasks; Innov Community Participation; Participate Community; Supported Independent Living",yes,no official website,Medium,https://www.ndiscommission.gov.au/provider-registration/find-registered-provider,2026-09-29
94639301161,JMJ Disability,JMJ Disability,JMJ DISABILITY SERV PTY LIMITED,94639301161,private_company,NDIS disability services in Northern Territory by JMJ Disability Serv Pty Limited. Quality care tailored for all. Discover Our Services.,"Assist Personal Activities High; Assist-Life Stage, Transition; Assist-Personal Activities; Assist-Travel/Transport; Daily Tasks/Shared Living; Development-Life Skills; Group/Centre Activities; Household Tasks; Innov Community Participation; Participate Community; Specialised Disability Accommodation; Supported Independent Living","Darwin, Palmerston, Katherine","JMJ Disability Serv PTY Limited 4, 52 Parer Drive, WAGAMAN, NT, 0810, AU",+610414336949,https://jmjds.com.au/,admin@jmjds.com.au,https://www.linkedin.com/company/jmjds,Not publicly available,,,Not publicly available,,yes,"Approved NDIS registration groups: Assist Personal Activities High; Assist-Life Stage, Transition; Assist-Personal Activities; Assist-Travel/Transport; Daily Tasks/Shared Living; Development-Life Skills; Group/Centre Activities; Household Tasks; Innov Community Participation; Participate Community; Specialised Disability Accommodation; Supported Independent Living",yes,ok,High,https://www.ndiscommission.gov.au/provider-registration/find-registered-provider | https://jmjds.com.au/,2026-09-29
65650896709,JUST MERCY HEALTHCARE GROUP PTY LTD,JUST MERCY HEALTHCARE GROUP PTY LTD,JUST MERCY HEALTHCARE GROUP PTY LTD,65650896709,private_company,Not publicly available,"Assist Access/Maintain Employ; Assist Personal Activities High; Assist-Life Stage, Transition; Assist-Personal Activities; Assist-Travel/Transport; Community Nursing Care; Daily Tasks/Shared Living; Household Tasks; Participate Community; Plan Management",Darwin,Darwin NT,+610451334303,https://www.justmercyhealthcaregroup.com.au,Not publicly available,Not publicly available,Not publicly available,,,Not publicly available,,yes,"Approved NDIS registration groups: Assist Access/Maintain Employ; Assist Personal Activities High; Assist-Life Stage, Transition; Assist-Personal Activities; Assist-Travel/Transport; Community Nursing Care; Daily Tasks/Shared Living; Household Tasks; Participate Community; Plan Management",yes,error:HTTP 404,Medium,https://www.ndiscommission.gov.au/provider-registration/find-registered-provider,2026-09-29
44664103584,KACHE SERVICES,KACHE SERVICES,Oscare Health Services Pty Ltd.,44664103584,private_company,Not publicly available,"Assist Access/Maintain Employ; Assist Personal Activities High; Assist-Life Stage, Transition; Assist-Personal Activities; Assist-Travel/Transport; Community Nursing Care; Daily Tasks/Shared Living; Development-Life Skills; Group/Centre Activities; Household Tasks; Innov Community Participation; Participate Community",Alice Springs,"BRAITLING, NT, 0870, AU",Not publicly available,Not publicly available,Not publicly available,Not publicly available,Not publicly available,,,Not publicly available,,yes,"Approved NDIS registration groups: Assist Access/Maintain Employ; Assist Personal Activities High; Assist-Life Stage, Transition; Assist-Personal Activities; Assist-Travel/Transport; Community Nursing Care; Daily Tasks/Shared Living; Development-Life Skills; Group/Centre Activities; Household Tasks; Innov Community Participation; Participate Community",yes,no official website,Medium,https://www.ndiscommission.gov.au/provider-registration/find-registered-provider,2026-09-29
13675149005,KAIZAN CARE PTY LTD,KAIZAN CARE PTY LTD,Kaizan Care Pty Ltd,13675149005,private_company,Not publicly available,"Assist-Life Stage, Transition; Assist-Personal Activities; Assist-Travel/Transport; Daily Tasks/Shared Living; Development-Life Skills; Group/Centre Activities; Household Tasks; Innov Community Participation; Participate Community; Supported Independent Living",Darwin,Kaizan Care Pty Ltd,Not publicly available,Not publicly available,Not publicly available,Not publicly available,Not publicly available,,,Not publicly available,,yes,"Approved NDIS registration groups: Assist-Life Stage, Transition; Assist-Personal Activities; Assist-Travel/Transport; Daily Tasks/Shared Living; Development-Life Skills; Group/Centre Activities; Household Tasks; Innov Community Participation; Participate Community; Supported Independent Living",yes,no official website,Medium,https://www.ndiscommission.gov.au/provider-registration/find-registered-provider,2026-09-29
86659237368,KAPOK PROSTHETICS AND ORTHOTICS PTY LTD,KAPOK PROSTHETICS AND ORTHOTICS PTY LTD,Kapok Prosthetics and Orthotics Pty Ltd,86659237368,private_company,Prosthetics & Orthotics Services for the NT.,Custom Prosthetics,Darwin,"MILLNER, NT, 0810, AU",Not publicly available,https://www.kapokpo.com.au/,admin@kapokpo.com.au,Not publicly available,Not publicly available,,,Not publicly available,,yes,Approved NDIS registration groups: Custom Prosthetics,yes,ok,High,https://www.ndiscommission.gov.au/provider-registration/find-registered-provider | https://www.kapokpo.com.au/,2026-09-29
74666663341,JUST CARE SERVICES PTY LTD,JUST CARE SERVICES PTY LTD,Just Care Services Pty Ltd,74666663341,private_company,Not publicly available,"Assist-Life Stage, Transition; Assist-Personal Activities; Assist-Travel/Transport; Daily Tasks/Shared Living; Development-Life Skills; Group/Centre Activities; Household Tasks; Participate Community; Supported Independent Living",Darwin,"LEANYER, NT, 0812, AU",Not publicly available,https://www.justcareservices.com.au/,Not publicly available,Not publicly available,Not publicly available,,,Not publicly available,,yes,"Approved NDIS registration groups: Assist-Life Stage, Transition; Assist-Personal Activities; Assist-Travel/Transport; Daily Tasks/Shared Living; Development-Life Skills; Group/Centre Activities; Household Tasks; Participate Community; Supported Independent Living",yes,ok,Medium,https://www.ndiscommission.gov.au/provider-registration/find-registered-provider | https://www.justcareservices.com.au/,2026-09-29
81602789239,Katherine Physio,Katherine Physio,WEST PHYSIO PTY LTD,81602789239,private_company,"At Katherine Physio, we offer longer appointment times, allowing us to complete a thorough history and assessment, as well as quality treatment. With expert knowledge and treatment, we take the time to do things right and get you back to doing what you love sooner.",Therapeutic Supports,Katherine,Katherine Physio,0430 375 430,https://www.katherinephysio.com/,Not publicly available,Not publicly available,Not publicly available,,,Not publicly available,,yes,Approved NDIS registration groups: Therapeutic Supports,yes,ok,Medium,https://www.ndiscommission.gov.au/provider-registration/find-registered-provider | https://www.katherinephysio.com/,2026-09-29
22670680707,KIND HANDS NURSING SERVICES PTY LTD,KIND HANDS NURSING SERVICES PTY LTD,Kind Hands Nursing Services Pty Ltd,22670680707,private_company,Not publicly available,Assist-Travel/Transport; Community Nursing Care,Palmerston,KIND HANDS NURSING SERVICES PTY LTD,Not publicly available,Not publicly available,Not publicly available,Not publicly available,Not publicly available,,,Not publicly available,,yes,Approved NDIS registration groups: Assist-Travel/Transport; Community Nursing Care,yes,no official website,Medium,https://www.ndiscommission.gov.au/provider-registration/find-registered-provider,2026-09-29
93668153437,Journey To Independence Disability Services,Journey To Independence Disability Services,Jti Disability Services Pty Ltd,93668153437,private_company,Assistance With Daily Living Personal Care Assistance With Household Task Domestic Activities,"Accommodation/Tenancy; Assist Access/Maintain Employ; Assist-Life Stage, Transition; Assist-Personal Activities; Assist-Travel/Transport; Daily Tasks/Shared Living; Development-Life Skills; Group/Centre Activities; Household Tasks; Innov Community Participation; Participate Community; Supported Independent Living",Katherine,"Journey to Independence Disability Services, AU",+610420881439,https://jtidisabilityservices.com.au/,admin@jtidisabilityservices.com.au,Not publicly available,Not publicly available,,,Not publicly available,,yes,"Approved NDIS registration groups: Accommodation/Tenancy; Assist Access/Maintain Employ; Assist-Life Stage, Transition; Assist-Personal Activities; Assist-Travel/Transport; Daily Tasks/Shared Living; Development-Life Skills; Group/Centre Activities; Household Tasks; Innov Community Participation; Participate Community; Supported Independent Living",yes,ok,High,https://www.ndiscommission.gov.au/provider-registration/find-registered-provider | https://jtidisabilityservices.com.au/,2026-09-29
25061370769,ITEC Health,ITEC Health,INDIVIDUAL EMPOWERMENT NETWORK PTY LTD,25061370769,private_company,"Disability, Youth, Employment and Aged-Care Support Services.","Assist Access/Maintain Employ; Assist Personal Activities High; Assist Prod-Pers Care/Safety; Assist-Life Stage, Transition; Assist-Personal Activities; Assist-Travel/Transport; Behaviour Support; Community Nursing Care; Daily Tasks/Shared Living; Development-Life Skills; Group/Centre Activities; Household Tasks; Innov Community Participation; Participate Community; Plan Management; Spec Support Employ; Support Coordination; Supported Independent Living; Therapeutic Supports",Darwin,"ITEC Health Darwin, Apartment 210, 12 Salonika Street, PARAP, NT, 0820, AU",+610881260800,https://itecgroup.com.au/,marketing@itecgroup.com.au,https://www.linkedin.com/company/itec-group-australia,Not publicly available,,,Not publicly available,,yes,"Approved NDIS registration groups: Assist Access/Maintain Employ; Assist Personal Activities High; Assist Prod-Pers Care/Safety; Assist-Life Stage, Transition; Assist-Personal Activities; Assist-Travel/Transport; Behaviour Support; Community Nursing Care; Daily Tasks/Shared Living; Development-Life Skills; Group/Centre Activities; Household Tasks; Innov Community Participation; Participate Community; Plan Management; Spec Support Employ; Support Coordination; Supported Independent Living; Therapeutic Supports",yes,ok,High,https://www.ndiscommission.gov.au/provider-registration/find-registered-provider | https://itecgroup.com.au/,2026-09-29
46639984704,LEAH BETT NURSING SERVICES PTY LTD,LEAH BETT NURSING SERVICES PTY LTD,LEAH BETT NURSING SERVICES PTY LTD,46639984704,private_company,Not publicly available,"Assist Personal Activities High; Assist-Life Stage, Transition; Assist-Personal Activities; Assist-Travel/Transport; Community Nursing Care; Daily Tasks/Shared Living; Development-Life Skills; Household Tasks; Innov Community Participation; Participate Community; Supported Independent Living",Alice Springs,"Leah Bett Nursing Services, Shop 4, 8 Gregory Terrace, ALICE SPRINGS, NT, 0870, AU",+610484565876,Not publicly available,Not publicly available,Not publicly available,Not publicly available,,,Not publicly available,,yes,"Approved NDIS registration groups: Assist Personal Activities High; Assist-Life Stage, Transition; Assist-Personal Activities; Assist-Travel/Transport; Community Nursing Care; Daily Tasks/Shared Living; Development-Life Skills; Household Tasks; Innov Community Participation; Participate Community; Supported Independent Living",yes,no official website,Medium,https://www.ndiscommission.gov.au/provider-registration/find-registered-provider,2026-09-29
65663256488,KPM EXERCISE PHYSIOLOGY,KPM EXERCISE PHYSIOLOGY,Kelvin M Pty Ltd,65663256488,private_company,"Build your body and improve your health with fitness and wellness programs at KPM Exercise Physiology in Casuarina, NT.",Assist-Travel/Transport; Development-Life Skills; Ex Phys Pers Training; Group/Centre Activities; Household Tasks; Innov Community Participation; Participate Community,Darwin,"Snap Fitness Casuarina (gym), Unit 23B, 54 Bradshaw Terrace, CASUARINA, NT, 0810, AU",+610452011547,https://kpmexercise.com.au/,Not publicly available,Not publicly available,Not publicly available,,,Not publicly available,,yes,Approved NDIS registration groups: Assist-Travel/Transport; Development-Life Skills; Ex Phys Pers Training; Group/Centre Activities; Household Tasks; Innov Community Participation; Participate Community,yes,ok,Medium,https://www.ndiscommission.gov.au/provider-registration/find-registered-provider | https://kpmexercise.com.au/,2026-09-29
36666334747,LED CARE PTY LTD,LED CARE PTY LTD,Led Care Pty Ltd,36666334747,private_company,Not publicly available,"Accommodation/Tenancy; Assist-Life Stage, Transition; Assist-Personal Activities; Assist-Travel/Transport; Community Nursing Care; Daily Tasks/Shared Living; Development-Life Skills; Group/Centre Activities; Household Tasks; Innov Community Participation; Participate Community; Plan Management; Support Coordination; Supported Independent Living",Palmerston,"Led Care-Northern Territory, 1 Palmerston Circuit, PALMERSTON CITY, NT, 0830, AU",+611300967250,Not publicly available,Not publicly available,Not publicly available,Not publicly available,,,Not publicly available,,yes,"Approved NDIS registration groups: Accommodation/Tenancy; Assist-Life Stage, Transition; Assist-Personal Activities; Assist-Travel/Transport; Community Nursing Care; Daily Tasks/Shared Living; Development-Life Skills; Group/Centre Activities; Household Tasks; Innov Community Participation; Participate Community; Plan Management; Support Coordination; Supported Independent Living",yes,no official website,Medium,https://www.ndiscommission.gov.au/provider-registration/find-registered-provider,2026-09-29
65635889413,LIBERTY BEHAVIOURAL SERVICES PTY LTD,LIBERTY BEHAVIOURAL SERVICES PTY LTD,LIBERTY BEHAVIOURAL SERVICES PTY LTD,65635889413,private_company,Not publicly available,Behaviour Support; Therapeutic Supports,Other NT,"NT, AU",+610402669075,https://libertybehaviouralservices.org/,Not publicly available,Not publicly available,Not publicly available,,,Not publicly available,,yes,Approved NDIS registration groups: Behaviour Support; Therapeutic Supports,yes,blocked,Medium,https://www.ndiscommission.gov.au/provider-registration/find-registered-provider,2026-09-29
18121675616,Keep Moving Pty Ltd,Keep Moving Pty Ltd,KEEP MOVING PTY LTD,18121675616,private_company,"Excellence in Assistive Technology Keep Moving is committed to delivering excellence in assistive technology. As industry leaders we are dedicated to a respectful, professional and high-quality service. Keep Moving strives to achieve positive life outcomes that meet the needs of the individual and our broader community. Browse our range Bathroom & Toilet Aids Bedroom & […]",Assist Prod-Pers Care/Safety; Assistive Equip-Recreation; Assistive Prod-Household Task; Home Modification; Personal Mobility Equipment; Therapeutic Supports; Vehicle modifications,"Darwin, Alice Springs","Keep Moving (Darwin and Head Office), Apartment 4, 655 Stuart Highway, BERRIMAH, NT, 0828, AU",+610889475122,https://keepmoving.com.au/,enquiries@keepmoving.com.au,Not publicly available,Not publicly available,,,Not publicly available,,yes,Approved NDIS registration groups: Assist Prod-Pers Care/Safety; Assistive Equip-Recreation; Assistive Prod-Household Task; Home Modification; Personal Mobility Equipment; Therapeutic Supports; Vehicle modifications,yes,ok,High,https://www.ndiscommission.gov.au/provider-registration/find-registered-provider | https://keepmoving.com.au/,2026-09-29
92622499898,Leap in!,Leap in!,Leap In! Australia Pty Ltd,92622499898,private_company,Leap in! helps people with disability live their best life by getting the most out of their NDIS Plans. Work with an award-winning plan manager.,"Assist-Life Stage, Transition; Plan Management",Darwin,"Leap in! Fannie Bay, Fannie Bay, FANNIE BAY, NT, 0820, AU",+611300057878,https://www.leapin.com.au/,chosen-sprite@2x.png,https://www.linkedin.com/company/leap-in,Not publicly available,,,Not publicly available,,yes,"Approved NDIS registration groups: Assist-Life Stage, Transition; Plan Management",yes,ok,High,https://www.ndiscommission.gov.au/provider-registration/find-registered-provider | https://www.leapin.com.au/,2026-09-29
85687555353,LIFE IMPROVEMENTS PTY LTD,LIFE IMPROVEMENTS PTY LTD,Life Improvements Pty Ltd,85687555353,private_company,Not publicly available,"Accommodation/Tenancy; Assist Access/Maintain Employ; Assist-Life Stage, Transition; Assist-Personal Activities; Assist-Travel/Transport; Community Nursing Care; Daily Tasks/Shared Living; Development-Life Skills; Group/Centre Activities; Household Tasks; Innov Community Participation; Participate Community; Spec Support Employ; Supported Independent Living",Alice Springs,Life Improvements Pty Ltd,+610455428604,Not publicly available,Not publicly available,Not publicly available,Not publicly available,,,Not publicly available,,yes,"Approved NDIS registration groups: Accommodation/Tenancy; Assist Access/Maintain Employ; Assist-Life Stage, Transition; Assist-Personal Activities; Assist-Travel/Transport; Community Nursing Care; Daily Tasks/Shared Living; Development-Life Skills; Group/Centre Activities; Household Tasks; Innov Community Participation; Participate Community; Spec Support Employ; Supported Independent Living",yes,no official website,Medium,https://www.ndiscommission.gov.au/provider-registration/find-registered-provider,2026-09-29
50683650553,KONNECTUS SUPPORT COORDINATION,KONNECTUS SUPPORT COORDINATION,Konnectus Support Coordination Pty Ltd,50683650553,private_company,"Konnectus are your experienced and friendly NDIS support coordinators. Our team helps clarify goals, connect with providers, and advocate for your rights.","Assist Personal Activities High; Assist-Life Stage, Transition; Assist-Personal Activities; Assist-Travel/Transport; Daily Tasks/Shared Living; Development-Life Skills; Household Tasks; Innov Community Participation; Participate Community; Support Coordination; Supported Independent Living","Alice Springs, Tennant Creek","Konnectus Support Coordination - Alice Springs, Unit 3, 7 Larapinta Drive, GILLEN, NT, 0870, AU",+610413780792,https://konnectus.org.au/,Not publicly available,Not publicly available,Not publicly available,,,Not publicly available,,yes,"Approved NDIS registration groups: Assist Personal Activities High; Assist-Life Stage, Transition; Assist-Personal Activities; Assist-Travel/Transport; Daily Tasks/Shared Living; Development-Life Skills; Household Tasks; Innov Community Participation; Participate Community; Support Coordination; Supported Independent Living",yes,ok,Medium,https://www.ndiscommission.gov.au/provider-registration/find-registered-provider | https://konnectus.org.au/,2026-09-29
66650006858,LANDING SPOT PTY LTD,LANDING SPOT PTY LTD,Landing Spot Pty Ltd,66650006858,private_company,Not publicly available,Behaviour Support; Early Childhood Supports; Therapeutic Supports,Darwin,Landing Spot Clinic,+611300289197,https://landingspot.com.au/cgi-sys/suspendedpage.cgi,webmaster@landingspot.com.au,Not publicly available,Not publicly available,,,Not publicly available,,yes,Approved NDIS registration groups: Behaviour Support; Early Childhood Supports; Therapeutic Supports,yes,ok,High,https://www.ndiscommission.gov.au/provider-registration/find-registered-provider | https://landingspot.com.au/cgi-sys/suspendedpage.cgi,2026-09-29
70683015581,LIFE+ SUPPORT SERVICES PTY LTD,LIFE+ SUPPORT SERVICES PTY LTD,Sh Support Services Pty Ltd,70683015581,private_company,Not publicly available,Assist-Personal Activities; Assist-Travel/Transport; Daily Tasks/Shared Living; Development-Life Skills; Group/Centre Activities; Household Tasks; Innov Community Participation; Participate Community; Supported Independent Living,Darwin,SH Support Services Pty Ltd,+610432692261,Not publicly available,Not publicly available,Not publicly available,Not publicly available,,,Not publicly available,,yes,Approved NDIS registration groups: Assist-Personal Activities; Assist-Travel/Transport; Daily Tasks/Shared Living; Development-Life Skills; Group/Centre Activities; Household Tasks; Innov Community Participation; Participate Community; Supported Independent Living,yes,no official website,Medium,https://www.ndiscommission.gov.au/provider-registration/find-registered-provider,2026-09-29
32653007713,Life is Ok Support Services,Life is Ok Support Services,LIFE IS OK PTY LTD,32653007713,private_company,"Life Is OK Support Services is a registered NDIS provider in Darwin offering daily living support, community participation, accommodation, and Supported Independent Living (SIL) to help people live independently.","Accommodation/Tenancy; Assist Access/Maintain Employ; Assist Personal Activities High; Assist Prod-Pers Care/Safety; Assist-Life Stage, Transition; Assist-Personal Activities; Assist-Travel/Transport; Assistive Equip-Recreation; Assistive Prod-Household Task; Comms & Info Equipment; Community Nursing Care; Daily Tasks/Shared Living; Development-Life Skills; Group/Centre Activities; Hearing Equipment; Household Tasks; Innov Community Participation; Participate Community; Personal Mobility Equipment; Spec Support Employ; Specialised Disability Accommodation; Support Coordination; Supported Independent Living; Vision Equipment",Other NT,"Wulagi House, 51 Rosella Crescent, WULAGI, NT, 0812, AU",08 8900 7661,https://lifeisok.com.au/,Not publicly available,Not publicly available,Not publicly available,,,Not publicly available,,yes,"Approved NDIS registration groups: Accommodation/Tenancy; Assist Access/Maintain Employ; Assist Personal Activities High; Assist Prod-Pers Care/Safety; Assist-Life Stage, Transition; Assist-Personal Activities; Assist-Travel/Transport; Assistive Equip-Recreation; Assistive Prod-Household Task; Comms & Info Equipment; Community Nursing Care; Daily Tasks/Shared Living; Development-Life Skills; Group/Centre Activities; Hearing Equipment; Household Tasks; Innov Community Participation; Participate Community; Personal Mobility Equipment; Spec Support Employ; Specialised Disability Accommodation; Support Coordination; Supported Independent Living; Vision Equipment",yes,ok,Medium,https://www.ndiscommission.gov.au/provider-registration/find-registered-provider | https://lifeisok.com.au/,2026-09-29
31668875349,LIFE ASPECTS SUPPORT SERVICES,LIFE ASPECTS SUPPORT SERVICES,Life Aspects Proprietary Limited,31668875349,private_company,"Life Aspects provides personalized NDIS services in NT, supporting individuals with disabilities to achieve their goals and live independently. Contact us for experts care.","Accommodation/Tenancy; Assist Access/Maintain Employ; Assist Personal Activities High; Assist-Life Stage, Transition; Assist-Personal Activities; Assist-Travel/Transport; Behaviour Support; Community Nursing Care; Daily Tasks/Shared Living; Development-Life Skills; Early Childhood Supports; Group/Centre Activities; Household Tasks; Innov Community Participation; Participate Community; Spec Support Employ; Support Coordination; Supported Independent Living; Therapeutic Supports",Alice Springs,"ALICE SPRINGS, NT, 0870, AU",0499 408 208,https://lifeaspects.com.au/,info@lifeaspects.com.au,Not publicly available,Not publicly available,,,Not publicly available,,yes,"Approved NDIS registration groups: Accommodation/Tenancy; Assist Access/Maintain Employ; Assist Personal Activities High; Assist-Life Stage, Transition; Assist-Personal Activities; Assist-Travel/Transport; Behaviour Support; Community Nursing Care; Daily Tasks/Shared Living; Development-Life Skills; Early Childhood Supports; Group/Centre Activities; Household Tasks; Innov Community Participation; Participate Community; Spec Support Employ; Support Coordination; Supported Independent Living; Therapeutic Supports",yes,ok,High,https://www.ndiscommission.gov.au/provider-registration/find-registered-provider | https://lifeaspects.com.au/,2026-09-29
81641874553,LIMITLESS NT,LIMITLESS NT,PREMIER FINTECH PTY LTD,81641874553,private_company,"You are being redirected to our new website. If you are not redirected automatically within a few seconds,",Assist Prod-Pers Care/Safety; Assist-Travel/Transport; Assistive Equip-Recreation; Assistive Prod-Household Task; Comms & Info Equipment; Hearing Equipment; Personal Mobility Equipment; Plan Management; Vision Equipment,Darwin,Limitless NT,08 7915 4550,https://www.limitlessaustralia.com.au/,18d2f96d279149989b95faf0a4b41882@sentry-next.wixpress.com,https://www.linkedin.com/company/limitless-nt,Not publicly available,,,Not publicly available,,yes,Approved NDIS registration groups: Assist Prod-Pers Care/Safety; Assist-Travel/Transport; Assistive Equip-Recreation; Assistive Prod-Household Task; Comms & Info Equipment; Hearing Equipment; Personal Mobility Equipment; Plan Management; Vision Equipment,yes,ok,High,https://www.ndiscommission.gov.au/provider-registration/find-registered-provider | https://www.limitlessaustralia.com.au/,2026-09-29
90666950590,Limitlesspath Services Pty Ltd,Limitlesspath Services Pty Ltd,Limitlesspath Services Pty Ltd,90666950590,private_company,Not publicly available,"Assist-Life Stage, Transition; Assist-Personal Activities; Assist-Travel/Transport; Community Nursing Care; Daily Tasks/Shared Living; Development-Life Skills; Group/Centre Activities; Household Tasks; Participate Community; Supported Independent Living",Alice Springs,Limitlesspath Services Pty Ltd,Not publicly available,Not publicly available,Not publicly available,Not publicly available,Not publicly available,,,Not publicly available,,yes,"Approved NDIS registration groups: Assist-Life Stage, Transition; Assist-Personal Activities; Assist-Travel/Transport; Community Nursing Care; Daily Tasks/Shared Living; Development-Life Skills; Group/Centre Activities; Household Tasks; Participate Community; Supported Independent Living",yes,no official website,Medium,https://www.ndiscommission.gov.au/provider-registration/find-registered-provider,2026-09-29
70669301919,Homeville Nursing and Disability Services,Homeville Nursing and Disability Services,Homeville Care Pty Ltd,70669301919,private_company,Homeville Care is your trusted NDIS care provider in Palmerston City. Our experienced team offers home care services to support your disability needs.,"Assist Access/Maintain Employ; Assist Personal Activities High; Assist-Life Stage, Transition; Assist-Personal Activities; Assist-Travel/Transport; Community Nursing Care; Daily Tasks/Shared Living; Development-Life Skills; Group/Centre Activities; Household Tasks; Innov Community Participation; Participate Community; Spec Support Employ; Supported Independent Living",Palmerston,"Homeville Care Pty Ltd, AU",0461 253 903,https://homevillecare.com.au/,admin@homevillecare.com.au,Not publicly available,Not publicly available,,,Not publicly available,,yes,"Approved NDIS registration groups: Assist Access/Maintain Employ; Assist Personal Activities High; Assist-Life Stage, Transition; Assist-Personal Activities; Assist-Travel/Transport; Community Nursing Care; Daily Tasks/Shared Living; Development-Life Skills; Group/Centre Activities; Household Tasks; Innov Community Participation; Participate Community; Spec Support Employ; Supported Independent Living",yes,ok,High,https://www.ndiscommission.gov.au/provider-registration/find-registered-provider | https://homevillecare.com.au/,2026-09-29
55679008023,LifeAbility Plan Management,LifeAbility Plan Management,Life Group Co Pty Ltd,55679008023,private_company,Life is easier with LifeAbility. Dedicated NDIS Plan Management support for you to Plan | Manage | Thrive.,Plan Management,Palmerston,"LifeAbility Plan Management Birregurra, Birregurra, BIRREGURRA, NT, 3242, AU",+610251109228,https://www.lifeabilityplan.com.au/,hi@lifeabilityplan.com.au,Not publicly available,Not publicly available,,,Not publicly available,,yes,Approved NDIS registration groups: Plan Management,yes,ok,High,https://www.ndiscommission.gov.au/provider-registration/find-registered-provider | https://www.lifeabilityplan.com.au/,2026-09-29
79681625294,LIVE WELL CARE AND SUPPORT PTY LTD,LIVE WELL CARE AND SUPPORT PTY LTD,Live Well Care and Support Pty Ltd,79681625294,private_company,"Empowering people of all abilities through flexible, individualised NDIS support — plus in-home aged care for older Australians through the Government's program. Promoting independence and active participation across Darwin, Palmerston, Tiwi & Casuarina.","Assist Access/Maintain Employ; Assist-Life Stage, Transition; Assist-Personal Activities; Assist-Travel/Transport; Daily Tasks/Shared Living; Development-Life Skills; Group/Centre Activities; Household Tasks; Participate Community; Supported Independent Living",Palmerston,Head Office,+610408116985,https://www.livewellsupport.com.au/,admin@livewellsupport.com.au,Not publicly available,Not publicly available,,,Not publicly available,,yes,"Approved NDIS registration groups: Assist Access/Maintain Employ; Assist-Life Stage, Transition; Assist-Personal Activities; Assist-Travel/Transport; Daily Tasks/Shared Living; Development-Life Skills; Group/Centre Activities; Household Tasks; Participate Community; Supported Independent Living",yes,ok,High,https://www.ndiscommission.gov.au/provider-registration/find-registered-provider | https://www.livewellsupport.com.au/,2026-09-29
43677725889,LIVE-IN SUPPORT SERVICES AUSTRALIA,LIVE-IN SUPPORT SERVICES AUSTRALIA,Live-In Support Services Australia Pty Ltd.,43677725889,private_company,Not publicly available,"Assist Personal Activities High; Assist-Life Stage, Transition; Assist-Personal Activities; Assist-Travel/Transport; Community Nursing Care; Daily Tasks/Shared Living; Development-Life Skills; Group/Centre Activities; Household Tasks; Innov Community Participation; Participate Community; Supported Independent Living",Darwin,Live-In Support Services Australia,+610450313524,Not publicly available,Not publicly available,Not publicly available,Not publicly available,,,Not publicly available,,yes,"Approved NDIS registration groups: Assist Personal Activities High; Assist-Life Stage, Transition; Assist-Personal Activities; Assist-Travel/Transport; Community Nursing Care; Daily Tasks/Shared Living; Development-Life Skills; Group/Centre Activities; Household Tasks; Innov Community Participation; Participate Community; Supported Independent Living",yes,no official website,Medium,https://www.ndiscommission.gov.au/provider-registration/find-registered-provider,2026-09-29
24662116127,Living Life NT,Living Life NT,Living Life NT Pty Ltd,24662116127,private_company,Not publicly available,"Assist Access/Maintain Employ; Assist-Life Stage, Transition; Assist-Personal Activities; Assist-Travel/Transport; Daily Tasks/Shared Living; Development-Life Skills; Group/Centre Activities; Household Tasks; Innov Community Participation; Participate Community; Supported Independent Living",Darwin,"LIVING LIFE NT, 27 Caledonian Street, ANULA, NT, 0812, AU",+610447280059,Not publicly available,Not publicly available,Not publicly available,Not publicly available,,,Not publicly available,,yes,"Approved NDIS registration groups: Assist Access/Maintain Employ; Assist-Life Stage, Transition; Assist-Personal Activities; Assist-Travel/Transport; Daily Tasks/Shared Living; Development-Life Skills; Group/Centre Activities; Household Tasks; Innov Community Participation; Participate Community; Supported Independent Living",yes,no official website,Medium,https://www.ndiscommission.gov.au/provider-registration/find-registered-provider,2026-09-29
44627356325,Linkup Australia Pty Ltd,Linkup Australia Pty Ltd,LINKUP AUSTRALIA PTY LTD,44627356325,private_company,Get the care you need from leaders in NDIS disability services. LinkUp Australia - empowering independence since 2018.,Accommodation/Tenancy; Assist Access/Maintain Employ; Assist Personal Activities High; Assist-Personal Activities; Assist-Travel/Transport; Community Nursing Care; Daily Tasks/Shared Living; Development-Life Skills; Group/Centre Activities; Household Tasks; Innov Community Participation; Participate Community; Spec Support Employ; Specialised Disability Accommodation; Supported Independent Living,"Darwin, Alice Springs","Alice Springs Office, 2b/70, Todd St, ALICE SPRINGS., NT, 0870, AU",+610404382203,https://www.linkup.net.au/,admin@linkup.net.au,Not publicly available,Not publicly available,,,Not publicly available,,yes,Approved NDIS registration groups: Accommodation/Tenancy; Assist Access/Maintain Employ; Assist Personal Activities High; Assist-Personal Activities; Assist-Travel/Transport; Community Nursing Care; Daily Tasks/Shared Living; Development-Life Skills; Group/Centre Activities; Household Tasks; Innov Community Participation; Participate Community; Spec Support Employ; Specialised Disability Accommodation; Supported Independent Living,yes,ok,High,https://www.ndiscommission.gov.au/provider-registration/find-registered-provider | https://www.linkup.net.au/,2026-09-29
74658410229,LN HEALTHCARE SERVICES PTY LTD,LN HEALTHCARE SERVICES PTY LTD,Ln Healthcare Services Pty Ltd,74658410229,private_company,Not publicly available,"Assist-Life Stage, Transition; Assist-Personal Activities; Assist-Travel/Transport; Community Nursing Care; Daily Tasks/Shared Living; Development-Life Skills; Group/Centre Activities; Household Tasks; Innov Community Participation; Participate Community; Supported Independent Living",Palmerston,LN HEALTHCARE SERVICES PTY LTD,+610416941973,Not publicly available,Not publicly available,Not publicly available,Not publicly available,,,Not publicly available,,yes,"Approved NDIS registration groups: Assist-Life Stage, Transition; Assist-Personal Activities; Assist-Travel/Transport; Community Nursing Care; Daily Tasks/Shared Living; Development-Life Skills; Group/Centre Activities; Household Tasks; Innov Community Participation; Participate Community; Supported Independent Living",yes,no official website,Medium,https://www.ndiscommission.gov.au/provider-registration/find-registered-provider,2026-09-29
58662140132,Limitless Disability Support Services Pty Ltd,Limitless Disability Support Services Pty Ltd,Limitless Disability Support Services Pty Ltd,58662140132,private_company,Not publicly available,"Accommodation/Tenancy; Assist Access/Maintain Employ; Assist Personal Activities High; Assist-Life Stage, Transition; Assist-Personal Activities; Assist-Travel/Transport; Community Nursing Care; Daily Tasks/Shared Living; Development-Life Skills; Group/Centre Activities; Household Tasks; Innov Community Participation; Participate Community; Supported Independent Living",Alice Springs,Limitless Support and Infinite Services,+610492305924,https://limitlesssupportservices.com.auu,Not publicly available,Not publicly available,Not publicly available,,,Not publicly available,,yes,"Approved NDIS registration groups: Accommodation/Tenancy; Assist Access/Maintain Employ; Assist Personal Activities High; Assist-Life Stage, Transition; Assist-Personal Activities; Assist-Travel/Transport; Community Nursing Care; Daily Tasks/Shared Living; Development-Life Skills; Group/Centre Activities; Household Tasks; Innov Community Participation; Participate Community; Supported Independent Living",yes,"error:HTTPSConnectionPool(host='limitlesssupportservices.com.auu', port=443): Max retries exceeded with url: / (Caused by NameResolutionError(""HTTPSConnection(host='limitlesssupportservices.com.auu', port=443): Failed to resolve 'limitlesssupportservices.com.auu' ([Errno -2] Name or service not known)""))",Medium,https://www.ndiscommission.gov.au/provider-registration/find-registered-provider,2026-09-29
72680441847,LIVE FREELY PTY LTD,LIVE FREELY PTY LTD,Live Freely Pty Ltd,72680441847,private_company,Professional disability support and care services in your community,"Assist Access/Maintain Employ; Assist-Life Stage, Transition; Assist-Personal Activities; Assist-Travel/Transport; Daily Tasks/Shared Living; Development-Life Skills; Group/Centre Activities; Household Tasks; Innov Community Participation; Participate Community; Supported Independent Living",Darwin,Live Freely Pty Ltd,0403 859 112,https://www.livefreely.com.au/,info@livefreely.com.au,Not publicly available,Not publicly available,,,Not publicly available,,yes,"Approved NDIS registration groups: Assist Access/Maintain Employ; Assist-Life Stage, Transition; Assist-Personal Activities; Assist-Travel/Transport; Daily Tasks/Shared Living; Development-Life Skills; Group/Centre Activities; Household Tasks; Innov Community Participation; Participate Community; Supported Independent Living",yes,ok,High,https://www.ndiscommission.gov.au/provider-registration/find-registered-provider | https://www.livefreely.com.au/,2026-09-29
74611793983,Magnum Support Services and Wise Healthcare Australia,Magnum Support Services and Wise Healthcare Australia,GEM SERVICES GROUP PTY LTD,74611793983,private_company,Not publicly available,"Accommodation/Tenancy; Assist Access/Maintain Employ; Assist Personal Activities High; Assist Prod-Pers Care/Safety; Assist-Life Stage, Transition; Assist-Personal Activities; Assist-Travel/Transport; Assistive Prod-Household Task; Community Nursing Care; Daily Tasks/Shared Living; Development-Life Skills; Group/Centre Activities; Home Modification; Household Tasks; Innov Community Participation; Participate Community; Plan Management; Spec Support Employ; Support Coordination; Supported Independent Living; Therapeutic Supports","Darwin, Palmerston, Alice Springs, Katherine, Tennant Creek, Nhulunbuy","Magnum Support Services - Plan Management - Ciccone NT 0870, Power Street, BRAITLING, NT, 0870, AU",+611300931313,https://magnumsupports.com.au,Not publicly available,Not publicly available,Not publicly available,,,Not publicly available,,yes,"Approved NDIS registration groups: Accommodation/Tenancy; Assist Access/Maintain Employ; Assist Personal Activities High; Assist Prod-Pers Care/Safety; Assist-Life Stage, Transition; Assist-Personal Activities; Assist-Travel/Transport; Assistive Prod-Household Task; Community Nursing Care; Daily Tasks/Shared Living; Development-Life Skills; Group/Centre Activities; Home Modification; Household Tasks; Innov Community Participation; Participate Community; Plan Management; Spec Support Employ; Support Coordination; Supported Independent Living; Therapeutic Supports",yes,blocked,Medium,https://www.ndiscommission.gov.au/provider-registration/find-registered-provider,2026-09-29
76680221470,MANAPANMIRR SOLUTIONS PTY LTD,MANAPANMIRR SOLUTIONS PTY LTD,Manapanmirr Solutions Pty Ltd,76680221470,private_company,Not publicly available,"Accommodation/Tenancy; Assist Access/Maintain Employ; Assist-Life Stage, Transition; Assist-Personal Activities; Assist-Travel/Transport; Daily Tasks/Shared Living; Development-Life Skills; Group/Centre Activities; Household Tasks; Innov Community Participation; Participate Community; Spec Support Employ; Specialised Disability Accommodation; Support Coordination; Supported Independent Living",Other NT,"GAPUWIYAK, NT, 0880, AU",Not publicly available,Not publicly available,Not publicly available,Not publicly available,Not publicly available,,,Not publicly available,,yes,"Approved NDIS registration groups: Accommodation/Tenancy; Assist Access/Maintain Employ; Assist-Life Stage, Transition; Assist-Personal Activities; Assist-Travel/Transport; Daily Tasks/Shared Living; Development-Life Skills; Group/Centre Activities; Household Tasks; Innov Community Participation; Participate Community; Spec Support Employ; Specialised Disability Accommodation; Support Coordination; Supported Independent Living",yes,no official website,Medium,https://www.ndiscommission.gov.au/provider-registration/find-registered-provider,2026-09-29
19672074261,Maya Disability & Community Services,Maya Disability & Community Services,Maya Disability & Community Services Pty Ltd.,19672074261,private_company,Not publicly available,"Assist Access/Maintain Employ; Assist Personal Activities High; Assist-Life Stage, Transition; Assist-Personal Activities; Assist-Travel/Transport; Community Nursing Care; Daily Tasks/Shared Living; Development-Life Skills; Group/Centre Activities; Household Tasks; Innov Community Participation; Participate Community; Supported Independent Living","Darwin, Palmerston","Maya Disability & Community Services, 1 Palmerston Circuit, PALMERSTON CITY, NT, 0830, AU",+610482694480,Not publicly available,Not publicly available,Not publicly available,Not publicly available,,,Not publicly available,,yes,"Approved NDIS registration groups: Assist Access/Maintain Employ; Assist Personal Activities High; Assist-Life Stage, Transition; Assist-Personal Activities; Assist-Travel/Transport; Community Nursing Care; Daily Tasks/Shared Living; Development-Life Skills; Group/Centre Activities; Household Tasks; Innov Community Participation; Participate Community; Supported Independent Living",yes,no official website,Medium,https://www.ndiscommission.gov.au/provider-registration/find-registered-provider,2026-09-29
99680037325,MED AT ED HOME SUPPORT SERVICES PTY LTD,MED AT ED HOME SUPPORT SERVICES PTY LTD,Med at Ed Home Support Services Pty Ltd,99680037325,private_company,Not publicly available,"Assist Access/Maintain Employ; Assist Personal Activities High; Assist-Life Stage, Transition; Assist-Personal Activities; Assist-Travel/Transport; Community Nursing Care; Daily Tasks/Shared Living; Development-Life Skills; Group/Centre Activities; Household Tasks; Innov Community Participation; Participate Community; Spec Support Employ; Supported Independent Living",Darwin,Med at Ed Home Support Services Pty Ltd,+610401479905,Not publicly available,Not publicly available,Not publicly available,Not publicly available,,,Not publicly available,,yes,"Approved NDIS registration groups: Assist Access/Maintain Employ; Assist Personal Activities High; Assist-Life Stage, Transition; Assist-Personal Activities; Assist-Travel/Transport; Community Nursing Care; Daily Tasks/Shared Living; Development-Life Skills; Group/Centre Activities; Household Tasks; Innov Community Participation; Participate Community; Spec Support Employ; Supported Independent Living",yes,no official website,Medium,https://www.ndiscommission.gov.au/provider-registration/find-registered-provider,2026-09-29
93626262208,LOVING ARMS CARE PTY LTD,LOVING ARMS CARE PTY LTD,LOVING ARMS CARE PTY LTD,93626262208,private_company,Not publicly available,"Assist Access/Maintain Employ; Assist-Life Stage, Transition; Assist-Personal Activities; Assist-Travel/Transport; Daily Tasks/Shared Living; Development-Life Skills; Group/Centre Activities; Household Tasks; Innov Community Participation; Participate Community; Plan Management; Supported Independent Living; Therapeutic Supports",Darwin,Loving Arms Care PTY LTD,+610451341132,https://www.lovingarmscare.com.au,Not publicly available,Not publicly available,Not publicly available,,,Not publicly available,,yes,"Approved NDIS registration groups: Assist Access/Maintain Employ; Assist-Life Stage, Transition; Assist-Personal Activities; Assist-Travel/Transport; Daily Tasks/Shared Living; Development-Life Skills; Group/Centre Activities; Household Tasks; Innov Community Participation; Participate Community; Plan Management; Supported Independent Living; Therapeutic Supports",yes,"error:HTTPSConnectionPool(host='www.lovingarmscare.com.au', port=443): Max retries exceeded with url: / (Caused by SSLError(SSLCertVerificationError(1, ""[SSL: CERTIFICATE_VERIFY_FAILED] certificate verify failed: Hostname mismatch, certificate is not valid for 'www.lovingarmscare.com.au'. (_ssl.c:1000)"")))",Medium,https://www.ndiscommission.gov.au/provider-registration/find-registered-provider,2026-09-29
12116500488,MAXIMISE PHYSIOTHERAPY CLINIC,MAXIMISE PHYSIOTHERAPY CLINIC,Frackiewicz Pty Ltd,12116500488,private_company,"Physiotherapy clinics located in Cairns, Palmerston, Casuarina and Humpty Doo. Extended consultations. Hands on physio assessment, treatment and massage. Our physios are experienced in all kinds of sports injury, lower back, neck and shoulder complaints. Home visits and hydrotherapy on request.",Therapeutic Supports,"Darwin, Palmerston",Maximise Physiotherapy Clinic - Humpty Doo,+610889328800,https://maximisephysio.com/,admin@maximisephysio.com,Not publicly available,Not publicly available,,,Not publicly available,,yes,Approved NDIS registration groups: Therapeutic Supports,yes,ok,High,https://www.ndiscommission.gov.au/provider-registration/find-registered-provider | https://maximisephysio.com/,2026-09-29
73670272296,Life Prospects Consulting,Life Prospects Consulting,Life Choice Pty Ltd,73670272296,private_company,"Professional, person-centred allied health, behaviour support and NDIS services designed to help people live safely, participate meaningfully and move towards the life they want. Our work starts with what matters to the participant and translates assessment into practical action.","Assist-Life Stage, Transition; Behaviour Support; Early Childhood Supports; Support Coordination; Therapeutic Supports",Palmerston,"114/1 Palmerston Circuit, Level 1, 114/1 Palmerston Circuit, PALMERSTON CITY, NT, 0830, AU",+610466710243,https://lifeprospectsconsulting.com.au/,Not publicly available,Not publicly available,Not publicly available,,,Not publicly available,,yes,"Approved NDIS registration groups: Assist-Life Stage, Transition; Behaviour Support; Early Childhood Supports; Support Coordination; Therapeutic Supports",yes,ok,Medium,https://www.ndiscommission.gov.au/provider-registration/find-registered-provider | https://lifeprospectsconsulting.com.au/,2026-09-29
25606235036,Living Right,Living Right,EUNOIA SOLUTIONS PTY LTD,25606235036,private_company,"At Living Right, we are in the business of positively influencing and shaping the lives of people with disability. If you are a National Disability Insurance Scheme (NDIS) participant with a NDIS Plan, we support you to navigate the scheme and to help you reach your NDIS plan goals. We help you use your NDIS funding to fulfill your potential, enjoy independence and make valuable contributions to y",Plan Management,Darwin,Living Right,+610400111575,https://www.livingright.com.au/,Not publicly available,Not publicly available,Not publicly available,,,Not publicly available,,yes,Approved NDIS registration groups: Plan Management,yes,ok,Medium,https://www.ndiscommission.gov.au/provider-registration/find-registered-provider | https://www.livingright.com.au/,2026-09-29
76657449600,Mercy Exerters,Mercy Exerters,Mercy Exerters Pty Ltd,76657449600,private_company,"Instant PayID deposits at Australia's most trusted casino sites. Expert ratings on fees, withdrawal times and player satisfaction.","Assist Access/Maintain Employ; Assist-Life Stage, Transition; Assist-Personal Activities; Assist-Travel/Transport; Daily Tasks/Shared Living; Development-Life Skills; Group/Centre Activities; Household Tasks; Innov Community Participation; Participate Community; Supported Independent Living",Alice Springs,"Mercy Exerters Pty Ltd, AU",+610431042518,https://www.mercyexerters.com/,Not publicly available,Not publicly available,Not publicly available,,,Not publicly available,,yes,"Approved NDIS registration groups: Assist Access/Maintain Employ; Assist-Life Stage, Transition; Assist-Personal Activities; Assist-Travel/Transport; Daily Tasks/Shared Living; Development-Life Skills; Group/Centre Activities; Household Tasks; Innov Community Participation; Participate Community; Supported Independent Living",yes,ok,Medium,https://www.ndiscommission.gov.au/provider-registration/find-registered-provider | https://www.mercyexerters.com/,2026-09-29
33660316790,METANOIA RAYS PTY LTD,METANOIA RAYS PTY LTD,Metanoia Rays Pty Ltd,33660316790,private_company,Not publicly available,"Accommodation/Tenancy; Assist Access/Maintain Employ; Assist Personal Activities High; Assist Prod-Pers Care/Safety; Assist-Life Stage, Transition; Assist-Personal Activities; Assist-Travel/Transport; Community Nursing Care; Daily Tasks/Shared Living; Development-Life Skills; Early Childhood Supports; Group/Centre Activities; Household Tasks; Innov Community Participation; Participate Community; Specialised Disability Accommodation; Support Coordination; Supported Independent Living",Darwin,"Darwin Office, unit 9, 66, Coonawarra Road, WINNELLIE, DARWIN, NT, 0820, AU",+611300141111,https://www.metanoiarays.com.au,Not publicly available,Not publicly available,Not publicly available,,,Not publicly available,,yes,"Approved NDIS registration groups: Accommodation/Tenancy; Assist Access/Maintain Employ; Assist Personal Activities High; Assist Prod-Pers Care/Safety; Assist-Life Stage, Transition; Assist-Personal Activities; Assist-Travel/Transport; Community Nursing Care; Daily Tasks/Shared Living; Development-Life Skills; Early Childhood Supports; Group/Centre Activities; Household Tasks; Innov Community Participation; Participate Community; Specialised Disability Accommodation; Support Coordination; Supported Independent Living",yes,blocked,Medium,https://www.ndiscommission.gov.au/provider-registration/find-registered-provider,2026-09-29
20666046251,LIFE HAVEN CARE GROUP PTY LTD,LIFE HAVEN CARE GROUP PTY LTD,Life Haven Care Group Pty Ltd,20666046251,private_company,"Life haven care disability SERVICES Guiding Your NDIS Journey Every Step Looking for NDIS disability services book an appointment Home care Home care provides personalized support. Caring staff Our expert team give top-notch support. 24/7 support We offer round-the-clock support. who we are? We specialize in Disability Support Services. We specialize in Disability Support Services,",Assist-Personal Activities; Assist-Travel/Transport; Community Nursing Care; Daily Tasks/Shared Living; Development-Life Skills; Group/Centre Activities; Household Tasks; Participate Community; Supported Independent Living,Alice Springs,LIFE HAVEN CARE GROUP PTY LTD,+61 474 300 795,https://lifehavencaregroup.com.au/,Not publicly available,Not publicly available,Not publicly available,,,Not publicly available,,yes,Approved NDIS registration groups: Assist-Personal Activities; Assist-Travel/Transport; Community Nursing Care; Daily Tasks/Shared Living; Development-Life Skills; Group/Centre Activities; Household Tasks; Participate Community; Supported Independent Living,yes,ok,Medium,https://www.ndiscommission.gov.au/provider-registration/find-registered-provider | https://lifehavencaregroup.com.au/,2026-09-29
32660939319,ML HEALTHCARE SERVICE PTY LTD,ML HEALTHCARE SERVICE PTY LTD,Ml Healthcare Service Pty Ltd,32660939319,private_company,Not publicly available,"Assist Access/Maintain Employ; Assist Personal Activities High; Assist-Life Stage, Transition; Assist-Personal Activities; Assist-Travel/Transport; Community Nursing Care; Daily Tasks/Shared Living; Development-Life Skills; Group/Centre Activities; Household Tasks; Innov Community Participation; Participate Community; Spec Support Employ; Supported Independent Living",Darwin,"HEALTHCARE SERVICE PTY LTD, AU",Not publicly available,Not publicly available,Not publicly available,Not publicly available,Not publicly available,,,Not publicly available,,yes,"Approved NDIS registration groups: Assist Access/Maintain Employ; Assist Personal Activities High; Assist-Life Stage, Transition; Assist-Personal Activities; Assist-Travel/Transport; Community Nursing Care; Daily Tasks/Shared Living; Development-Life Skills; Group/Centre Activities; Household Tasks; Innov Community Participation; Participate Community; Spec Support Employ; Supported Independent Living",yes,no official website,Medium,https://www.ndiscommission.gov.au/provider-registration/find-registered-provider,2026-09-29
17635230581,MGM HEALTHCARE PTY LTD,MGM HEALTHCARE PTY LTD,MGM HEALTHCARE PTY LTD,17635230581,private_company,"MGM Healthcare is a registered NDIS service provider in Darwin, Northern Territory with a reputation for compassionate, attentive, high-quality healthcare.","Accommodation/Tenancy; Assist Access/Maintain Employ; Assist-Life Stage, Transition; Assist-Personal Activities; Assist-Travel/Transport; Daily Tasks/Shared Living; Development-Life Skills; Group/Centre Activities; Household Tasks; Innov Community Participation; Participate Community; Spec Support Employ; Specialised Disability Accommodation; Support Coordination; Supported Independent Living",Other NT,"10 Leitch Street, Muirhead NT 0810",0499 890 017,https://mgmhealthcare.com.au/,info@mgmhealthcare.com.au,https://www.linkedin.com/company/mgmhealthcare,Not publicly available,,,Not publicly available,,yes,"Approved NDIS registration groups: Accommodation/Tenancy; Assist Access/Maintain Employ; Assist-Life Stage, Transition; Assist-Personal Activities; Assist-Travel/Transport; Daily Tasks/Shared Living; Development-Life Skills; Group/Centre Activities; Household Tasks; Innov Community Participation; Participate Community; Spec Support Employ; Specialised Disability Accommodation; Support Coordination; Supported Independent Living",yes,ok,High,https://www.ndiscommission.gov.au/provider-registration/find-registered-provider | https://mgmhealthcare.com.au/,2026-09-29
24674653340,MOTION MINDS COLLECTIVES PTY LTD,MOTION MINDS COLLECTIVES PTY LTD,Motion Minds Collectives Pty Ltd,24674653340,private_company,Not publicly available,"Assist-Life Stage, Transition; Behaviour Support; Development-Life Skills; Early Childhood Supports; Support Coordination; Therapeutic Supports",Darwin,Motion Minds Collectives Pty Ltd,Not publicly available,Not publicly available,Not publicly available,Not publicly available,Not publicly available,,,Not publicly available,,yes,"Approved NDIS registration groups: Assist-Life Stage, Transition; Behaviour Support; Development-Life Skills; Early Childhood Supports; Support Coordination; Therapeutic Supports",yes,no official website,Medium,https://www.ndiscommission.gov.au/provider-registration/find-registered-provider,2026-09-29
14652206169,Medika Care & Support Services,Medika Care & Support Services,BK COMMUNITY SERVICE PTY LTD,14652206169,private_company,A compassionate disability service provider committed to delivering safe and high-quality support services to individuals with disabilities across Australia.,"Assist Access/Maintain Employ; Assist Personal Activities High; Assist Prod-Pers Care/Safety; Assist-Life Stage, Transition; Assist-Personal Activities; Assist-Travel/Transport; Community Nursing Care; Daily Tasks/Shared Living; Development-Life Skills; Group/Centre Activities; Household Tasks; Innov Community Participation; Participate Community; Personal Mobility Equipment; Spec Support Employ; Specialised Disability Accommodation; Support Coordination; Supported Independent Living",Darwin,"Medika Care & Support Services, Unit 3, 8 Swan Crescent, WINNELLIE, NT, 0820, AU",+61 8 7978 4983,https://medikaservices.com.au/,info@medikaservices.com.au,Not publicly available,Not publicly available,,,Not publicly available,,yes,"Approved NDIS registration groups: Assist Access/Maintain Employ; Assist Personal Activities High; Assist Prod-Pers Care/Safety; Assist-Life Stage, Transition; Assist-Personal Activities; Assist-Travel/Transport; Community Nursing Care; Daily Tasks/Shared Living; Development-Life Skills; Group/Centre Activities; Household Tasks; Innov Community Participation; Participate Community; Personal Mobility Equipment; Spec Support Employ; Specialised Disability Accommodation; Support Coordination; Supported Independent Living",yes,ok,High,https://www.ndiscommission.gov.au/provider-registration/find-registered-provider | https://medikaservices.com.au/,2026-09-29
63111471848,Movement for Life Physiotherapy Pty Ltd,Movement for Life Physiotherapy Pty Ltd,MOVEMENT FOR LIFE PHYSIOTHERAPY PTY LTD,63111471848,private_company,"Physiotherapy and massage therapy for neck, back, shoulder, hip, knee and ankle rehab, plus women's health, hydrotherapy and daily clinical Pilates in Darwin.",Custom Prosthetics; Personal Mobility Equipment; Therapeutic Supports,"Darwin, Palmerston","Movement for Life Physiotherapy, 164 Forrest Parade, ROSEBERY, NT, 0832, AU",311191544,https://www.movementforlifephysio.com.au/,office@mflphysio.com.au,Not publicly available,Not publicly available,,,Not publicly available,,yes,Approved NDIS registration groups: Custom Prosthetics; Personal Mobility Equipment; Therapeutic Supports,yes,ok,High,https://www.ndiscommission.gov.au/provider-registration/find-registered-provider | https://www.movementforlifephysio.com.au/,2026-09-29
70617961252,Multibuild Homes,Multibuild Homes,SANDBAR DEVELOPMENTS (NT) PTY LTD,70617961252,private_company,Not publicly available,Home Modification,Other NT,Multibuild Homes,+610413727133,https://www.multibuildhomes.com.au,Not publicly available,Not publicly available,Not publicly available,,,Not publicly available,,yes,Approved NDIS registration groups: Home Modification,yes,blocked,Medium,https://www.ndiscommission.gov.au/provider-registration/find-registered-provider,2026-09-29
45665147759,Michael Abdallah Pty Ltd T/A NATIONAL DISABILITY HEALTHCARE SUPPORT (NDHS),Michael Abdallah Pty Ltd T/A NATIONAL DISABILITY HEALTHCARE SUPPORT (NDHS),Michael Abdallah Pty Ltd,45665147759,private_company,"NDHS is a registered NDIS provider delivering 24/7 Supported Independent Living and psychosocial disability support across VIC, QLD, WA and NT. Call 0449 755 711.","Assist Access/Maintain Employ; Assist-Life Stage, Transition; Assist-Personal Activities; Assist-Travel/Transport; Daily Tasks/Shared Living; Development-Life Skills; Ex Phys Pers Training; Group/Centre Activities; Home Modification; Household Tasks; Innov Community Participation; Participate Community; Spec Support Employ; Supported Independent Living; Therapeutic Supports",Darwin,"GreenAcres NT, Coolalinga Lpo, 452 Stuart Highway, COOLALINGA, NT, 0839, AU",+610468788576,https://ndhs.au/,ndhs@ndhs.au,Not publicly available,Not publicly available,,,Not publicly available,,yes,"Approved NDIS registration groups: Assist Access/Maintain Employ; Assist-Life Stage, Transition; Assist-Personal Activities; Assist-Travel/Transport; Daily Tasks/Shared Living; Development-Life Skills; Ex Phys Pers Training; Group/Centre Activities; Home Modification; Household Tasks; Innov Community Participation; Participate Community; Spec Support Employ; Supported Independent Living; Therapeutic Supports",yes,ok,High,https://www.ndiscommission.gov.au/provider-registration/find-registered-provider | https://ndhs.au/,2026-09-29
53658356702,MINDFUL LIVING SUPPORTS PTY LTD,MINDFUL LIVING SUPPORTS PTY LTD,Mindful Living Supports Pty Ltd,53658356702,private_company,"We're an award winning NDIS peer specialist providing Recovery Coaching & Counselling for neurodivergent women. As a Lived Experienced team we deeply understand Adult Autism & ADHD support needs, Late diagnosis grief, Burnout recovery, Anxiety and Executive Dysfunction. We provide individualised therapeutic counselling & NDIS Capacity Building so you grow your own way. Alice Springs & online via p",Accommodation/Tenancy; Assist Prod-Pers Care/Safety; Assist-Travel/Transport; Household Tasks; Innov Community Participation,Alice Springs,"CICCONE, NT, 0870, AU",728457893,https://www.mindfullivingsupports.com/,0e6a29e4756740a8a63493e912ba2174@sentry.wixpress.com,https://www.linkedin.com/company/mindful-living-supports,Not publicly available,,,Not publicly available,,yes,Approved NDIS registration groups: Accommodation/Tenancy; Assist Prod-Pers Care/Safety; Assist-Travel/Transport; Household Tasks; Innov Community Participation,yes,ok,High,https://www.ndiscommission.gov.au/provider-registration/find-registered-provider | https://www.mindfullivingsupports.com/,2026-09-29
48638378024,MSJ (NT) PTY LTD,MSJ (NT) PTY LTD,MSJ (NT) PTY LTD,48638378024,private_company,"here to listen. here to help. Across the Northern Territory and Regional Queensland, MSJ is the caring family team that go above and beyond to provide personalised services to individuals within the NDIS and Child Protection Services. MSJ has a wealth of experience when it comes to supporting people with disabilities and young persons in […]","Accommodation/Tenancy; Assist Access/Maintain Employ; Assist-Life Stage, Transition; Assist-Personal Activities; Assist-Travel/Transport; Daily Tasks/Shared Living; Development-Life Skills; Group/Centre Activities; Household Tasks; Innov Community Participation; Participate Community; Supported Independent Living","Darwin, Palmerston","Darwin, 3 Mansfield Street, PALMERSTON CITY, NT, 0830, AU",+610889110992,https://msjaustralia.com.au/,info@msjaus.com.au,https://www.linkedin.com/company/msjaustralia,Not publicly available,,,Not publicly available,,yes,"Approved NDIS registration groups: Accommodation/Tenancy; Assist Access/Maintain Employ; Assist-Life Stage, Transition; Assist-Personal Activities; Assist-Travel/Transport; Daily Tasks/Shared Living; Development-Life Skills; Group/Centre Activities; Household Tasks; Innov Community Participation; Participate Community; Supported Independent Living",yes,ok,High,https://www.ndiscommission.gov.au/provider-registration/find-registered-provider | https://msjaustralia.com.au/,2026-09-29
53676529052,MULTICARE NURSING SERVICES PTY LTD,MULTICARE NURSING SERVICES PTY LTD,Multicare Nursing Services Pty Ltd,53676529052,private_company,"At Multicare Nursing Services, we understand that every individual has unique needs, especially those with disabilities.",Assist Personal Activities High; Assist-Personal Activities; Assist-Travel/Transport; Community Nursing Care; Daily Tasks/Shared Living; Development-Life Skills; Group/Centre Activities; Household Tasks; Innov Community Participation; Participate Community; Supported Independent Living,Alice Springs,"Multicare Disability Services Pty Ltd, AU",0402027006,https://multicarenursing.com.au/,info@multicarenursing.com.au,Not publicly available,Not publicly available,,,Not publicly available,,yes,Approved NDIS registration groups: Assist Personal Activities High; Assist-Personal Activities; Assist-Travel/Transport; Community Nursing Care; Daily Tasks/Shared Living; Development-Life Skills; Group/Centre Activities; Household Tasks; Innov Community Participation; Participate Community; Supported Independent Living,yes,ok,High,https://www.ndiscommission.gov.au/provider-registration/find-registered-provider | https://multicarenursing.com.au/,2026-09-29
87139988935,MURDOCK AND ASSOCIATES PTY. LTD.,MURDOCK AND ASSOCIATES PTY. LTD.,MURDOCK AND ASSOCIATES PTY. LTD.,87139988935,private_company,"The Director of Murdock & Associates Pty Ltd, Daryl Murdock, has provided specialist behavioural assessment and support to people with complex disabilities and challenging behaviours for over 30 years in the Northern Territory Murdock & Associates Pty Ltd provides in depth services covering a range of different needs and requirements. We strive to provide the highest quality training, consultancy,",Behaviour Support,Alice Springs,Murdock and Associates,+61401 114 117,https://murdockassociates.com.au/,daryl@murdockassociates.com.au,Not publicly available,Not publicly available,,,Not publicly available,,yes,Approved NDIS registration groups: Behaviour Support,yes,ok,High,https://www.ndiscommission.gov.au/provider-registration/find-registered-provider | https://murdockassociates.com.au/,2026-09-29
68645871861,MY LIFE MY CHOICE NT,MY LIFE MY CHOICE NT,My Life My Choice Darwin Pty Ltd,68645871861,private_company,"At My Life My Choice, we are committed to enhancing your skills and independence, empowering you to pursue your goals and live your best life.","Accommodation/Tenancy; Assist Access/Maintain Employ; Assist Personal Activities High; Assist-Life Stage, Transition; Assist-Personal Activities; Assist-Travel/Transport; Community Nursing Care; Daily Tasks/Shared Living; Development-Life Skills; Group/Centre Activities; Household Tasks; Innov Community Participation; Participate Community; Supported Independent Living",Other NT,"My Life My Choice NT, Unit 23, 16 Charlton Court, WOOLNER, NT, 0820, AU",+610470044530,https://mylifemychoice.com.au/,admin@mylifemychoice.com.au,Not publicly available,Not publicly available,,,Not publicly available,,yes,"Approved NDIS registration groups: Accommodation/Tenancy; Assist Access/Maintain Employ; Assist Personal Activities High; Assist-Life Stage, Transition; Assist-Personal Activities; Assist-Travel/Transport; Community Nursing Care; Daily Tasks/Shared Living; Development-Life Skills; Group/Centre Activities; Household Tasks; Innov Community Participation; Participate Community; Supported Independent Living",yes,ok,High,https://www.ndiscommission.gov.au/provider-registration/find-registered-provider | https://mylifemychoice.com.au/,2026-09-29
70636477042,MY THERAPY CREW,MY THERAPY CREW,FIVE SOLAS PTY LTD,70636477042,private_company,"Empower yourself to flourish in every part of your life with our experienced team of allied health professionals, including occupational therapists, physiotherapists, speech therapists, music therapists, positive behaviour support specialists and allied health assistants.",Behaviour Support; Early Childhood Supports; Therapeutic Supports,Darwin,"My Therapy Crew Darwin, Apartment 16, 641 Stuart Highway, BERRIMAH, NT, 0828, AU",1800 942 957,https://mytherapycrew.com.au/,admin@mytherapycrew.com.au,https://www.linkedin.com/company/my-therapy-crew,Not publicly available,,,Not publicly available,,yes,Approved NDIS registration groups: Behaviour Support; Early Childhood Supports; Therapeutic Supports,yes,ok,High,https://www.ndiscommission.gov.au/provider-registration/find-registered-provider | https://mytherapycrew.com.au/,2026-09-29
56615970646,Medimart,Medimart,MEDIMART GROUP PTY LTD,56615970646,private_company,"Medimart helps people living with injury, illness or disability with mobility equipment, disability products and medical supplies.",Assist Prod-Pers Care/Safety; Assistive Equip-Recreation; Assistive Prod-Household Task; Comms & Info Equipment; Home Modification; Personal Mobility Equipment,Darwin,"Medimart Darwin, Unit 4, 524 Stuart Highway, WINNELLIE, NT, 0820, AU",+610400272609,https://medimart.com.au/,customersupport@medimart.com.au,https://www.linkedin.com/company/medimart,Not publicly available,,,Not publicly available,,yes,Approved NDIS registration groups: Assist Prod-Pers Care/Safety; Assistive Equip-Recreation; Assistive Prod-Household Task; Comms & Info Equipment; Home Modification; Personal Mobility Equipment,yes,ok,High,https://www.ndiscommission.gov.au/provider-registration/find-registered-provider | https://medimart.com.au/,2026-09-29
16688791951,MYHEALTH SOLUTIONS PTY LTD,MYHEALTH SOLUTIONS PTY LTD,Myhealth Solutions Pty Ltd,16688791951,private_company,"Trusted NDIS provider in Darwin NT. Specialist behaviour support, therapy, early childhood & family services. Call 0494 100 315.","Assist Access/Maintain Employ; Assist-Life Stage, Transition; Assist-Personal Activities; Assist-Travel/Transport; Behaviour Support; Daily Tasks/Shared Living; Development-Life Skills; Early Childhood Supports; Group/Centre Activities; Household Tasks; Innov Community Participation; Participate Community; Spec Support Employ; Support Coordination; Supported Independent Living; Therapeutic Supports",Darwin,MyHealth Solutions,+610466882681,https://www.myhealthsolution.com.au/,info@myhealthsolution.com.au,Not publicly available,Not publicly available,,,Not publicly available,,yes,"Approved NDIS registration groups: Assist Access/Maintain Employ; Assist-Life Stage, Transition; Assist-Personal Activities; Assist-Travel/Transport; Behaviour Support; Daily Tasks/Shared Living; Development-Life Skills; Early Childhood Supports; Group/Centre Activities; Household Tasks; Innov Community Participation; Participate Community; Spec Support Employ; Support Coordination; Supported Independent Living; Therapeutic Supports",yes,ok,High,https://www.ndiscommission.gov.au/provider-registration/find-registered-provider | https://www.myhealthsolution.com.au/,2026-09-29
63644150934,MYCARESCOPE PTY LTD.,MYCARESCOPE PTY LTD.,MYCARESCOPE PTY LTD.,63644150934,private_company,Explore MYCARESCOPE for person-centred NDIS disability and nursing care online. Contact us today!,"Accommodation/Tenancy; Assist Access/Maintain Employ; Assist Personal Activities High; Assist Prod-Pers Care/Safety; Assist-Life Stage, Transition; Assist-Personal Activities; Assist-Travel/Transport; Community Nursing Care; Daily Tasks/Shared Living; Development-Life Skills; Group/Centre Activities; Household Tasks; Innov Community Participation; Participate Community; Spec Support Employ; Support Coordination; Supported Independent Living",Palmerston,"MyCareScope SIL Home, 37 Inverway Circuit, FARRAR, NT, 0830, AU",4-4947-9299,https://www.mycarescope.com.au/,enquire@mycarescope.com.au,Not publicly available,Not publicly available,,,Not publicly available,,yes,"Approved NDIS registration groups: Accommodation/Tenancy; Assist Access/Maintain Employ; Assist Personal Activities High; Assist Prod-Pers Care/Safety; Assist-Life Stage, Transition; Assist-Personal Activities; Assist-Travel/Transport; Community Nursing Care; Daily Tasks/Shared Living; Development-Life Skills; Group/Centre Activities; Household Tasks; Innov Community Participation; Participate Community; Spec Support Employ; Support Coordination; Supported Independent Living",yes,ok,High,https://www.ndiscommission.gov.au/provider-registration/find-registered-provider | https://www.mycarescope.com.au/,2026-09-29
89688074197,NAATH DISABILITY SERVICES PTY LTD,NAATH DISABILITY SERVICES PTY LTD,Naath Disability Services Pty Ltd,89688074197,private_company,Not publicly available,Assist-Personal Activities; Assist-Travel/Transport; Daily Tasks/Shared Living; Development-Life Skills; Group/Centre Activities; Household Tasks; Innov Community Participation; Participate Community; Supported Independent Living,Alice Springs,NAATH Disability Services Pty Ltd,+610401269151,Not publicly available,Not publicly available,Not publicly available,Not publicly available,,,Not publicly available,,yes,Approved NDIS registration groups: Assist-Personal Activities; Assist-Travel/Transport; Daily Tasks/Shared Living; Development-Life Skills; Group/Centre Activities; Household Tasks; Innov Community Participation; Participate Community; Supported Independent Living,yes,no official website,Medium,https://www.ndiscommission.gov.au/provider-registration/find-registered-provider,2026-09-29
34645229367,NADSCARE PTY LTD,NADSCARE PTY LTD,NADSCARE PTY LTD,34645229367,private_company,Not publicly available,"Accommodation/Tenancy; Assist-Life Stage, Transition; Assist-Personal Activities; Assist-Travel/Transport; Daily Tasks/Shared Living; Group/Centre Activities; Household Tasks; Participate Community; Spec Support Employ; Support Coordination; Supported Independent Living","Alice Springs, Tennant Creek","Nadscare, 60 Paterson Street, TENNANT CREEK, NT, 0860, AU",+610895201007,Not publicly available,Not publicly available,Not publicly available,Not publicly available,,,Not publicly available,,yes,"Approved NDIS registration groups: Accommodation/Tenancy; Assist-Life Stage, Transition; Assist-Personal Activities; Assist-Travel/Transport; Daily Tasks/Shared Living; Group/Centre Activities; Household Tasks; Participate Community; Spec Support Employ; Support Coordination; Supported Independent Living",yes,no official website,Medium,https://www.ndiscommission.gov.au/provider-registration/find-registered-provider,2026-09-29
69645794985,NAJMA CRYSTAL DISABILITY SERVICES PTY LTD,NAJMA CRYSTAL DISABILITY SERVICES PTY LTD,NAJMA CRYSTAL DISABILITY SERVICES PTY LTD,69645794985,private_company,Not publicly available,"Accommodation/Tenancy; Assist-Life Stage, Transition; Assist-Personal Activities; Daily Tasks/Shared Living; Development-Life Skills; Household Tasks; Participate Community; Support Coordination; Supported Independent Living; Therapeutic Supports",Other NT,NT branch,+610413951904,Not publicly available,Not publicly available,Not publicly available,Not publicly available,,,Not publicly available,,yes,"Approved NDIS registration groups: Accommodation/Tenancy; Assist-Life Stage, Transition; Assist-Personal Activities; Daily Tasks/Shared Living; Development-Life Skills; Household Tasks; Participate Community; Support Coordination; Supported Independent Living; Therapeutic Supports",yes,no official website,Medium,https://www.ndiscommission.gov.au/provider-registration/find-registered-provider,2026-09-29
16150368237,My Voice Pty Ltd,My Voice Pty Ltd,MY VOICE PTY. LIMITED,16150368237,private_company,"Trusted NDIS provider since 2011, for disability support, positive behaviour support, support coordination & shared living across NSW & the Northern Territory.","Assist Personal Activities High; Assist-Life Stage, Transition; Assist-Personal Activities; Behaviour Support; Daily Tasks/Shared Living; Development-Life Skills; Early Childhood Supports; Household Tasks; Innov Community Participation; Participate Community; Plan Management; Support Coordination; Supported Independent Living; Therapeutic Supports",Alice Springs,"My Voice Central Desert, Unit 1, 4 Kennett Court, CICCONE, NT, 0870, AU",0438 320 068,https://myvoice.net.au/,info@myvoice1.com.au,https://www.linkedin.com/company/my-voice-pty-ltd,Not publicly available,,,Not publicly available,,yes,"Approved NDIS registration groups: Assist Personal Activities High; Assist-Life Stage, Transition; Assist-Personal Activities; Behaviour Support; Daily Tasks/Shared Living; Development-Life Skills; Early Childhood Supports; Household Tasks; Innov Community Participation; Participate Community; Plan Management; Support Coordination; Supported Independent Living; Therapeutic Supports",yes,ok,High,https://www.ndiscommission.gov.au/provider-registration/find-registered-provider | https://myvoice.net.au/,2026-09-29
89668754461,MY CARE ACCESS,MY CARE ACCESS,My Care Access Pty Ltd,89668754461,private_company,We are a disability support provider in the Northern Territory. Finding the right disability support can be challenging; we make it simple.,"Assist Access/Maintain Employ; Assist Personal Activities High; Assist-Life Stage, Transition; Assist-Personal Activities; Assist-Travel/Transport; Community Nursing Care; Daily Tasks/Shared Living; Development-Life Skills; Group/Centre Activities; Household Tasks; Innov Community Participation; Participate Community; Support Coordination; Supported Independent Living",Tennant Creek,"My Care Access, AU",0458 861 164,https://www.mycareaccess.com.au/,admin@mycareaccess.com.au,Not publicly available,Not publicly available,,,Not publicly available,,yes,"Approved NDIS registration groups: Assist Access/Maintain Employ; Assist Personal Activities High; Assist-Life Stage, Transition; Assist-Personal Activities; Assist-Travel/Transport; Community Nursing Care; Daily Tasks/Shared Living; Development-Life Skills; Group/Centre Activities; Household Tasks; Innov Community Participation; Participate Community; Support Coordination; Supported Independent Living",yes,ok,High,https://www.ndiscommission.gov.au/provider-registration/find-registered-provider | https://www.mycareaccess.com.au/,2026-09-29
90655868170,NORTHERN AUSTRALIA COMMUNITY SERVICES,NORTHERN AUSTRALIA COMMUNITY SERVICES,Northern Australia Health & Support Pty Ltd.,90655868170,private_company,Not publicly available,"Assist Access/Maintain Employ; Assist Prod-Pers Care/Safety; Assist-Life Stage, Transition; Assist-Personal Activities; Daily Tasks/Shared Living; Development-Life Skills; Group/Centre Activities; Household Tasks; Innov Community Participation; Participate Community; Spec Support Employ; Supported Independent Living",Alice Springs,NORTHERN AUSTRALIA COMMUNITY SERVICES,+610424275004,Not publicly available,Not publicly available,Not publicly available,Not publicly available,,,Not publicly available,,yes,"Approved NDIS registration groups: Assist Access/Maintain Employ; Assist Prod-Pers Care/Safety; Assist-Life Stage, Transition; Assist-Personal Activities; Daily Tasks/Shared Living; Development-Life Skills; Group/Centre Activities; Household Tasks; Innov Community Participation; Participate Community; Spec Support Employ; Supported Independent Living",yes,no official website,Medium,https://www.ndiscommission.gov.au/provider-registration/find-registered-provider,2026-09-29
47669096977,MYCARE DISABILITY SUPPORT SERVICES PTY LTD,MYCARE DISABILITY SUPPORT SERVICES PTY LTD,Mycare Disability Support Services Pty Ltd,47669096977,private_company,Not publicly available,"Assist Access/Maintain Employ; Assist-Life Stage, Transition; Assist-Personal Activities; Assist-Travel/Transport; Daily Tasks/Shared Living; Development-Life Skills; Group/Centre Activities; Household Tasks; Innov Community Participation; Participate Community; Supported Independent Living",Alice Springs,"MYCARE DISABILITY SUPPORT SERVICES PTY LTD, AU",+610431921569,https://www.mycaredss.com/,Not publicly available,Not publicly available,Not publicly available,,,Not publicly available,,yes,"Approved NDIS registration groups: Assist Access/Maintain Employ; Assist-Life Stage, Transition; Assist-Personal Activities; Assist-Travel/Transport; Daily Tasks/Shared Living; Development-Life Skills; Group/Centre Activities; Household Tasks; Innov Community Participation; Participate Community; Supported Independent Living",yes,"error:HTTPSConnectionPool(host='www.mycaredss.com', port=443): Max retries exceeded with url: / (Caused by NameResolutionError(""HTTPSConnection(host='www.mycaredss.com', port=443): Failed to resolve 'www.mycaredss.com' ([Errno -2] Name or service not known)""))",Medium,https://www.ndiscommission.gov.au/provider-registration/find-registered-provider,2026-09-29
62149233634,MyIntegra Plan Management and Support Coordination,MyIntegra Plan Management and Support Coordination,Integrated Care Pty Ltd,62149233634,private_company,Are you looking for NDIS Plan Management and Support Coordination? Contact MyIntegra & get advice to maximise your plan. Free up your time and track funds 24/7.,"Assist-Life Stage, Transition; Plan Management; Support Coordination","Darwin, Palmerston, Alice Springs","# MyIntegra Plan Management - Millner, Millner, MILLNER, NT, 0810, AU",1800 696 347,https://myintegra.com.au/,Not publicly available,https://www.linkedin.com/company/17875717,Not publicly available,,,Not publicly available,,yes,"Approved NDIS registration groups: Assist-Life Stage, Transition; Plan Management; Support Coordination",yes,ok,High,https://www.ndiscommission.gov.au/provider-registration/find-registered-provider | https://myintegra.com.au/,2026-09-29
13691470505,NT PSYCHOSOCIAL RECOVERY AND SUPPORT SERVICES PTY LTD,NT PSYCHOSOCIAL RECOVERY AND SUPPORT SERVICES PTY LTD,NT Psychosocial Recovery and Support Services Pty Ltd,13691470505,private_company,"With lived experience of anxiety and mental health challenges, I understand your journey. As a qualified coach, I provide one-on-one support to create a personalised recovery plan. Think of me as a bridge between a GP and a psychologist, offering empathy and practical strategies to help you achieve lasting mental well-being. You’re seeking answers to your anxiety and want solutions that truly work","Assist-Life Stage, Transition; Assist-Personal Activities; Assist-Travel/Transport; Daily Tasks/Shared Living; Development-Life Skills; Group/Centre Activities; Household Tasks; Innov Community Participation; Participate Community; Supported Independent Living",Palmerston,NT Psychosocial Recovery and Support Services Pty Ltd Office,+610459549874,https://www.ntpsychosocialrecovery.com.au/,user@domain.com,Not publicly available,Not publicly available,,,Not publicly available,,yes,"Approved NDIS registration groups: Assist-Life Stage, Transition; Assist-Personal Activities; Assist-Travel/Transport; Daily Tasks/Shared Living; Development-Life Skills; Group/Centre Activities; Household Tasks; Innov Community Participation; Participate Community; Supported Independent Living",yes,ok,High,https://www.ndiscommission.gov.au/provider-registration/find-registered-provider | https://www.ntpsychosocialrecovery.com.au/,2026-09-29
59655051086,OPERO CUSTODIAN HEALTHCARE SERVICES PTY LTD,OPERO CUSTODIAN HEALTHCARE SERVICES PTY LTD,OPERO CUSTODIAN HEALTHCARE SERVICES PTY LTD,59655051086,private_company,Not publicly available,Assist Personal Activities High; Assist-Personal Activities; Assist-Travel/Transport; Assistance Animals; Community Nursing Care; Daily Tasks/Shared Living; Development-Life Skills; Group/Centre Activities; Household Tasks; Innov Community Participation; Participate Community; Specialised Disability Accommodation; Supported Independent Living,Alice Springs,Opero Custodian Healthcare Services,+610455324110,Not publicly available,Not publicly available,Not publicly available,Not publicly available,,,Not publicly available,,yes,Approved NDIS registration groups: Assist Personal Activities High; Assist-Personal Activities; Assist-Travel/Transport; Assistance Animals; Community Nursing Care; Daily Tasks/Shared Living; Development-Life Skills; Group/Centre Activities; Household Tasks; Innov Community Participation; Participate Community; Specialised Disability Accommodation; Supported Independent Living,yes,no official website,Medium,https://www.ndiscommission.gov.au/provider-registration/find-registered-provider,2026-09-29
48626377053,NT RESPITE CARE PLUS,NT RESPITE CARE PLUS,NT RESPITE CARE PLUS PTY LTD,48626377053,private_company,Not publicly available,"Accommodation/Tenancy; Assist Access/Maintain Employ; Assist Personal Activities High; Assist-Life Stage, Transition; Assist-Personal Activities; Assist-Travel/Transport; Daily Tasks/Shared Living; Development-Life Skills; Group/Centre Activities; Household Tasks; Innov Community Participation; Participate Community; Supported Independent Living",Katherine,"KATHERINE EAST, NT, 0850, AU",Not publicly available,https://62 Martin Terrace,Not publicly available,Not publicly available,Not publicly available,,,Not publicly available,,yes,"Approved NDIS registration groups: Accommodation/Tenancy; Assist Access/Maintain Employ; Assist Personal Activities High; Assist-Life Stage, Transition; Assist-Personal Activities; Assist-Travel/Transport; Daily Tasks/Shared Living; Development-Life Skills; Group/Centre Activities; Household Tasks; Innov Community Participation; Participate Community; Supported Independent Living",yes,"error:HTTPSConnectionPool(host='62%20martin%20terrace', port=443): Max retries exceeded with url: / (Caused by NameResolutionError(""HTTPSConnection(host='62%20martin%20terrace', port=443): Failed to resolve '62%20martin%20terrace' ([Errno -2] Name or service not known)""))",Medium,https://www.ndiscommission.gov.au/provider-registration/find-registered-provider,2026-09-29
16667364114,NEEDS CARE PTY LTD.,NEEDS CARE PTY LTD.,Needs Care Pty Ltd.,16667364114,private_company,Needs Care provides high-quality nursing and disability support services (NDIS) in Australia. Compassionate care tailored to your needs.,"Assist-Life Stage, Transition; Assist-Personal Activities; Assist-Travel/Transport; Community Nursing Care; Daily Tasks/Shared Living; Development-Life Skills; Group/Centre Activities; Household Tasks; Innov Community Participation; Participate Community; Supported Independent Living",Other NT,Needs Care,0490540602,https://needscare.com.au/,info@needscare.com.au,Not publicly available,Not publicly available,,,Not publicly available,,yes,"Approved NDIS registration groups: Assist-Life Stage, Transition; Assist-Personal Activities; Assist-Travel/Transport; Community Nursing Care; Daily Tasks/Shared Living; Development-Life Skills; Group/Centre Activities; Household Tasks; Innov Community Participation; Participate Community; Supported Independent Living",yes,ok,High,https://www.ndiscommission.gov.au/provider-registration/find-registered-provider | https://needscare.com.au/,2026-09-29
72647674502,OUTREACH PHYSIOTHERAPY PTY LTD,OUTREACH PHYSIOTHERAPY PTY LTD,OUTREACH PHYSIOTHERAPY PTY LTD,72647674502,private_company,"Physiotherapy services supporting children and adults living with disability in the Northern Territory, Australia.",Early Childhood Supports; Therapeutic Supports,Darwin,"PARAP, NT, 0820, AU",Not publicly available,https://www.outreachphysiotherapy.com/,reception@outreachphysiotherapy.com,Not publicly available,Not publicly available,,,Not publicly available,,yes,Approved NDIS registration groups: Early Childhood Supports; Therapeutic Supports,yes,ok,High,https://www.ndiscommission.gov.au/provider-registration/find-registered-provider | https://www.outreachphysiotherapy.com/,2026-09-29
59656222794,OPTIONS HEALTH SERVICES PTY LIMITED,OPTIONS HEALTH SERVICES PTY LIMITED,OPTIONS HEALTH SERVICES PTY LIMITED,59656222794,private_company,Forensic Mental Health Care We’re specialised in offering Transitional Support for Forensic Mental Health & Disability & motivate the participant to integrate into the community Explore Promising Care Delivery Transforming Your Health Care Experience We understand that it can be challenging for people with disabilities to get their needed help. You may have been turned […],"Accommodation/Tenancy; Assist Personal Activities High; Assist-Life Stage, Transition; Assist-Personal Activities; Assist-Travel/Transport; Behaviour Support; Community Nursing Care; Daily Tasks/Shared Living; Group/Centre Activities; Participate Community; Support Coordination; Supported Independent Living",Other NT,"OPTIONS HEALTH SERVICES PTY LIMITED, Apartment 9, 641 Stuart Highway, BERRIMAH, NT, 0828, AU",1800 571 251,https://optionshealth.com.au/,info@optionshealth.com.au,Not publicly available,Not publicly available,,,Not publicly available,,yes,"Approved NDIS registration groups: Accommodation/Tenancy; Assist Personal Activities High; Assist-Life Stage, Transition; Assist-Personal Activities; Assist-Travel/Transport; Behaviour Support; Community Nursing Care; Daily Tasks/Shared Living; Group/Centre Activities; Participate Community; Support Coordination; Supported Independent Living",yes,ok,High,https://www.ndiscommission.gov.au/provider-registration/find-registered-provider | https://optionshealth.com.au/,2026-09-29
56679402567,OXALIS COMMUNITY SERVICES PTY LTD,OXALIS COMMUNITY SERVICES PTY LTD,Oxalis Community Services Pty Ltd,56679402567,private_company,Oxalis Community Services offers personalized NDIS support for individuals with disabilities. Explore our services for home health care and more.,"Accommodation/Tenancy; Assist Personal Activities High; Assist-Life Stage, Transition; Assist-Personal Activities; Assist-Travel/Transport; Community Nursing Care; Daily Tasks/Shared Living; Development-Life Skills; Group/Centre Activities; Household Tasks; Innov Community Participation; Participate Community; Supported Independent Living",Palmerston,"PALMERSTON CITY, NT, 0830, AU",Not publicly available,https://oxaliscommunityservices.com.au/,info@oxaliscommunityservices.com.au,Not publicly available,Not publicly available,,,Not publicly available,,yes,"Approved NDIS registration groups: Accommodation/Tenancy; Assist Personal Activities High; Assist-Life Stage, Transition; Assist-Personal Activities; Assist-Travel/Transport; Community Nursing Care; Daily Tasks/Shared Living; Development-Life Skills; Group/Centre Activities; Household Tasks; Innov Community Participation; Participate Community; Supported Independent Living",yes,ok,High,https://www.ndiscommission.gov.au/provider-registration/find-registered-provider | https://oxaliscommunityservices.com.au/,2026-09-29
81653769414,Outback Inclusive Care,Outback Inclusive Care,Outback Inclusive Care Pty Ltd,81653769414,private_company,"Located in the heart of Central Australia, Alice Springs, Outback Inclusive Care is a locally owned disability service provider. Get more info.","Assist Personal Activities High; Assist-Life Stage, Transition; Assist-Personal Activities; Assist-Travel/Transport; Community Nursing Care; Daily Tasks/Shared Living; Group/Centre Activities; Household Tasks; Innov Community Participation; Participate Community; Supported Independent Living",Alice Springs,"Main Office, Unit 2, 5 Echunpa Street, THE GAP, NT, 0870, AU",+610448385880,https://outbackinclusivecare.com.au/,admin@outbackinclusivecare.com.au,Not publicly available,Not publicly available,,,Not publicly available,,yes,"Approved NDIS registration groups: Assist Personal Activities High; Assist-Life Stage, Transition; Assist-Personal Activities; Assist-Travel/Transport; Community Nursing Care; Daily Tasks/Shared Living; Group/Centre Activities; Household Tasks; Innov Community Participation; Participate Community; Supported Independent Living",yes,ok,High,https://www.ndiscommission.gov.au/provider-registration/find-registered-provider | https://outbackinclusivecare.com.au/,2026-09-29
85688527353,OUTBACK ABILITY COMMUNITY SERVICES,OUTBACK ABILITY COMMUNITY SERVICES,Outback Ability Community Services Pty Ltd,85688527353,private_company,"Helping clients find and maintain suitable accommodation and manage tenancy agreements. Helping clients navigate life changes, transitions, and future planning with confidence.","Accommodation/Tenancy; Assist Access/Maintain Employ; Assist-Life Stage, Transition; Assist-Personal Activities; Assist-Travel/Transport; Daily Tasks/Shared Living; Development-Life Skills; Group/Centre Activities; Household Tasks; Innov Community Participation; Participate Community; Supported Independent Living",Other NT,"KILGARIFF, NT, 0873, AU",1800 800 110,https://outbackabilitycommunityservices.com.au/,info@outbackabilitycommunityservices.com.au,Not publicly available,Not publicly available,,,Not publicly available,,yes,"Approved NDIS registration groups: Accommodation/Tenancy; Assist Access/Maintain Employ; Assist-Life Stage, Transition; Assist-Personal Activities; Assist-Travel/Transport; Daily Tasks/Shared Living; Development-Life Skills; Group/Centre Activities; Household Tasks; Innov Community Participation; Participate Community; Supported Independent Living",yes,ok,High,https://www.ndiscommission.gov.au/provider-registration/find-registered-provider | https://outbackabilitycommunityservices.com.au/,2026-09-29
30623115453,PATCHES Therapy Services,PATCHES Therapy Services,REGIONAL DISABILITY SERVICES AUSTRALIA PTY LTD,30623115453,private_company,"Assessments and therapy services in Australia for all ages through occupational therapy, psychology, speech, exercise physiology and more.","Assist Prod-Pers Care/Safety; Assist-Life Stage, Transition; Assistive Prod-Household Task; Behaviour Support; Comms & Info Equipment; Custom Prosthetics; Early Childhood Supports; Ex Phys Pers Training; Hearing Equipment; Home Modification; Innov Community Participation; Personal Mobility Equipment; Support Coordination; Therapeutic Supports; Vision Equipment",Darwin,"Patches Therapy Services - Darwin, 631 Stuart Highway, BERRIMAH, NT, 0828, AU",1300 111 728,https://patches.com.au/,hello@patches.com.au,https://www.linkedin.com/company/patchesaustralia,Not publicly available,,,Not publicly available,,yes,"Approved NDIS registration groups: Assist Prod-Pers Care/Safety; Assist-Life Stage, Transition; Assistive Prod-Household Task; Behaviour Support; Comms & Info Equipment; Custom Prosthetics; Early Childhood Supports; Ex Phys Pers Training; Hearing Equipment; Home Modification; Innov Community Participation; Personal Mobility Equipment; Support Coordination; Therapeutic Supports; Vision Equipment",yes,ok,High,https://www.ndiscommission.gov.au/provider-registration/find-registered-provider | https://patches.com.au/,2026-09-29
82651448752,Petia Investments Pty Ltd,Petia Investments Pty Ltd,Petia Investments Pty Ltd,82651448752,private_company,Not publicly available,"Assist Access/Maintain Employ; Assist Personal Activities High; Assist-Life Stage, Transition; Assist-Personal Activities; Assist-Travel/Transport; Daily Tasks/Shared Living; Development-Life Skills; Group/Centre Activities; Household Tasks; Innov Community Participation; Participate Community; Supported Independent Living",Other NT,"Petia Investments Pty Ltd, AU",Not publicly available,https://adminkpservices.com.au,Not publicly available,Not publicly available,Not publicly available,,,Not publicly available,,yes,"Approved NDIS registration groups: Assist Access/Maintain Employ; Assist Personal Activities High; Assist-Life Stage, Transition; Assist-Personal Activities; Assist-Travel/Transport; Daily Tasks/Shared Living; Development-Life Skills; Group/Centre Activities; Household Tasks; Innov Community Participation; Participate Community; Supported Independent Living",yes,"error:HTTPSConnectionPool(host='adminkpservices.com.au', port=443): Max retries exceeded with url: / (Caused by SSLError(SSLEOFError(8, '[SSL: UNEXPECTED_EOF_WHILE_READING] EOF occurred in violation of protocol (_ssl.c:1000)')))",Medium,https://www.ndiscommission.gov.au/provider-registration/find-registered-provider,2026-09-29
83616268458,Orange Plan Management,Orange Plan Management,REVIGORATE PTY. LTD.,83616268458,private_company,"Orange Plan Management is a dedicated plan management business, providing independent plan management services to NDIS participants across Australia.",Plan Management,Other NT,"Orange Plan Management NT, AU",1300 611 990,https://orangeplan.com.au/,hello@orangeplan.com.au,https://www.linkedin.com/company/orangeplanmanagement,Not publicly available,,,Not publicly available,,yes,Approved NDIS registration groups: Plan Management,yes,ok,High,https://www.ndiscommission.gov.au/provider-registration/find-registered-provider | https://orangeplan.com.au/,2026-09-29
50667039947,Plan Management Mob,Plan Management Mob,II & III PTY LTD,50667039947,private_company,"Plan Management Mob provides a culturally safe and culturally responsive service. As a First Nations owned and operated business, we understand the challenges and advocate to ensure equity and equality for our people. We work hard to help you get the most out of your NDIS funding and provide reliable, fast payments and easy budget tracking service. We take the stress out of your money management s",Plan Management,Darwin,"KARAMA, NT, 0812, AU",0438899915,https://www.planmanagementmob.com/,info@planmanagementmob.com,Not publicly available,Not publicly available,,,Not publicly available,,yes,Approved NDIS registration groups: Plan Management,yes,ok,High,https://www.ndiscommission.gov.au/provider-registration/find-registered-provider | https://www.planmanagementmob.com/,2026-09-29
81640810500,NORTHERN CARE SERVICES PTY LTD,NORTHERN CARE SERVICES PTY LTD,NORTHERN CARE SERVICES PTY LTD,81640810500,private_company,"We are registered NDIS provider based in Darwin, Northern Territory.We provide supports and services to people with disability. We Encourage and help you to get your greatest potential and overcome all the obstacle.","Accommodation/Tenancy; Assist Access/Maintain Employ; Assist Personal Activities High; Assist Prod-Pers Care/Safety; Assist-Life Stage, Transition; Assist-Personal Activities; Assist-Travel/Transport; Assistive Prod-Household Task; Comms & Info Equipment; Daily Tasks/Shared Living; Development-Life Skills; Group/Centre Activities; Household Tasks; Innov Community Participation; Participate Community; Specialised Disability Accommodation; Supported Independent Living",Darwin,Main Office,08-89007678,https://northerncareservices.com.au/,info@northerncareservices.com.au,Not publicly available,Not publicly available,,,Not publicly available,,yes,"Approved NDIS registration groups: Accommodation/Tenancy; Assist Access/Maintain Employ; Assist Personal Activities High; Assist Prod-Pers Care/Safety; Assist-Life Stage, Transition; Assist-Personal Activities; Assist-Travel/Transport; Assistive Prod-Household Task; Comms & Info Equipment; Daily Tasks/Shared Living; Development-Life Skills; Group/Centre Activities; Household Tasks; Innov Community Participation; Participate Community; Specialised Disability Accommodation; Supported Independent Living",yes,ok,High,https://www.ndiscommission.gov.au/provider-registration/find-registered-provider | https://northerncareservices.com.au/,2026-09-29
98670261873,PRIME OPTIONS PTY LTD,PRIME OPTIONS PTY LTD,Prime Options Pty Ltd,98670261873,private_company,Not publicly available,"Assist Access/Maintain Employ; Assist Personal Activities High; Assist-Life Stage, Transition; Assist-Personal Activities; Assist-Travel/Transport; Community Nursing Care; Daily Tasks/Shared Living; Development-Life Skills; Group/Centre Activities; Household Tasks; Innov Community Participation; Participate Community; Spec Support Employ; Supported Independent Living",Other NT,"Prime Options Pty Ltd, AU",+610401277715,Not publicly available,Not publicly available,Not publicly available,Not publicly available,,,Not publicly available,,yes,"Approved NDIS registration groups: Assist Access/Maintain Employ; Assist Personal Activities High; Assist-Life Stage, Transition; Assist-Personal Activities; Assist-Travel/Transport; Community Nursing Care; Daily Tasks/Shared Living; Development-Life Skills; Group/Centre Activities; Household Tasks; Innov Community Participation; Participate Community; Spec Support Employ; Supported Independent Living",yes,no official website,Medium,https://www.ndiscommission.gov.au/provider-registration/find-registered-provider,2026-09-29
81674984135,PROPROJECT SOLUTION PTY LTD,PROPROJECT SOLUTION PTY LTD,Proproject Solution Pty Ltd,81674984135,private_company,Not publicly available,Assist Prod-Pers Care/Safety; Home Modification; Household Tasks,Darwin,PROPROJECT SOLUTION PTY LTD,Not publicly available,Not publicly available,Not publicly available,Not publicly available,Not publicly available,,,Not publicly available,,yes,Approved NDIS registration groups: Assist Prod-Pers Care/Safety; Home Modification; Household Tasks,yes,no official website,Medium,https://www.ndiscommission.gov.au/provider-registration/find-registered-provider,2026-09-29
93511514201,Positive Psychology Group PTY LTD Trading as Ian Nussey Psychology,Positive Psychology Group PTY LTD Trading as Ian Nussey Psychology,The trustee for The Nussey Family Trust,93511514201,private_company,Not publicly available,Behaviour Support; Therapeutic Supports,Other NT,"regional and remote QLD, NSW and NT, 2190 Gold Coast Highway, MIAMI, QLD, 4220, AU",+610409722063,https://www.inp.net.au/,Not publicly available,Not publicly available,Not publicly available,,,Not publicly available,,yes,Approved NDIS registration groups: Behaviour Support; Therapeutic Supports,yes,ok,Medium,https://www.ndiscommission.gov.au/provider-registration/find-registered-provider | https://www.inp.net.au/,2026-09-29
20684833029,PURPLE SDA HOMES PTY LTD,PURPLE SDA HOMES PTY LTD,Purple Sda Homes Pty Ltd,20684833029,private_company,Not publicly available,Specialised Disability Accommodation,Darwin,"WINNELLIE, NT, 0820, AU",Not publicly available,Not publicly available,Not publicly available,Not publicly available,Not publicly available,,,Not publicly available,,yes,Approved NDIS registration groups: Specialised Disability Accommodation,yes,no official website,Medium,https://www.ndiscommission.gov.au/provider-registration/find-registered-provider,2026-09-29
11664687932,PRIME LINK CARE PTY LTD,PRIME LINK CARE PTY LTD,Prime Link Care Pty Ltd,11664687932,private_company,"We understand that deciding to use outside help requires a lot of trust and humility, so Prime Link care is committed to not just capable care, but compassionate care. The goal of Prime Link Care is to provide comprehensive information and support services to individuals with disability, their families, and carers.","Assist Access/Maintain Employ; Assist-Life Stage, Transition; Assist-Personal Activities; Daily Tasks/Shared Living; Group/Centre Activities; Household Tasks; Participate Community; Support Coordination; Supported Independent Living",Palmerston,"Primelink Care Services, AU",0451 942 571,https://primelinkcare.com.au/services/,info@primelinkcare.com.au,Not publicly available,Not publicly available,,,Not publicly available,,yes,"Approved NDIS registration groups: Assist Access/Maintain Employ; Assist-Life Stage, Transition; Assist-Personal Activities; Daily Tasks/Shared Living; Group/Centre Activities; Household Tasks; Participate Community; Support Coordination; Supported Independent Living",yes,ok,High,https://www.ndiscommission.gov.au/provider-registration/find-registered-provider | https://primelinkcare.com.au/services/,2026-09-29
92655602029,PRISM COMMUNITY CARE,PRISM COMMUNITY CARE,PRISM COMMUNITY CARE AND SERVICES PTY LTD,92655602029,private_company,Prism Community Care,Accommodation/Tenancy; Assist Personal Activities High; Assist-Personal Activities; Assist-Travel/Transport; Community Nursing Care; Daily Tasks/Shared Living; Development-Life Skills; Group/Centre Activities; Household Tasks; Innov Community Participation; Participate Community; Supported Independent Living,Darwin,"KARAMA, NT, 0812, AU",08 8932 3340,https://www.prismcommunitycare.com.au/,info@prismcommunitycare.com.au,Not publicly available,Not publicly available,,,Not publicly available,,yes,Approved NDIS registration groups: Accommodation/Tenancy; Assist Personal Activities High; Assist-Personal Activities; Assist-Travel/Transport; Community Nursing Care; Daily Tasks/Shared Living; Development-Life Skills; Group/Centre Activities; Household Tasks; Innov Community Participation; Participate Community; Supported Independent Living,yes,ok,High,https://www.ndiscommission.gov.au/provider-registration/find-registered-provider | https://www.prismcommunitycare.com.au/,2026-09-29
92676901438,RABI SUPPORT SERVICES,RABI SUPPORT SERVICES,Family Friendly Care Pty Ltd,92676901438,private_company,Not publicly available,"Assist Personal Activities High; Assist-Life Stage, Transition; Assist-Personal Activities; Assist-Travel/Transport; Community Nursing Care; Daily Tasks/Shared Living; Development-Life Skills; Group/Centre Activities; Household Tasks; Innov Community Participation; Participate Community; Specialised Disability Accommodation; Supported Independent Living",Palmerston,"Family Friendly Care, 13 Redshank Court, BAKEWELL, NT, 0832, AU",+610436368126,Not publicly available,Not publicly available,Not publicly available,Not publicly available,,,Not publicly available,,yes,"Approved NDIS registration groups: Assist Personal Activities High; Assist-Life Stage, Transition; Assist-Personal Activities; Assist-Travel/Transport; Community Nursing Care; Daily Tasks/Shared Living; Development-Life Skills; Group/Centre Activities; Household Tasks; Innov Community Participation; Participate Community; Specialised Disability Accommodation; Supported Independent Living",yes,no official website,Medium,https://www.ndiscommission.gov.au/provider-registration/find-registered-provider,2026-09-29
14644475114,POSITIVE PRACTICES NT,POSITIVE PRACTICES NT,POSITIVE PRACTICES NORTHERN TERRITORY PTY LTD,14644475114,private_company,"Positive Practices delivers high quality, individualised services topeople with complex needs who require support.We offer a range of services to NDIS participants, families, guardians,organisations and clinicians. Want to keep up to date? Join our mailing list! About Us Positive Practices are a local, Darwin based company who employ practitioners who specialise in the delivery of … Continue readi","Assist-Life Stage, Transition; Behaviour Support; Development-Life Skills; Early Childhood Supports; Therapeutic Supports",Darwin,"Positive Practices, 116 Coonawarra Road, WINNELLIE, NT, 0820, AU",0439 680 850,https://positivepractices.com.au/,admin@positivepractices.com.au,Not publicly available,Not publicly available,,,Not publicly available,,yes,"Approved NDIS registration groups: Assist-Life Stage, Transition; Behaviour Support; Development-Life Skills; Early Childhood Supports; Therapeutic Supports",yes,ok,High,https://www.ndiscommission.gov.au/provider-registration/find-registered-provider | https://positivepractices.com.au/,2026-09-29
33675307098,Red Centre Health Focus,Red Centre Health Focus,Red Centre Health Focus Pty Ltd,33675307098,private_company,"Gmail is email that’s intuitive, efficient, and useful. 15 GB of storage, less spam, and mobile access.",Therapeutic Supports,Alice Springs,Red Centre Health and Fitness,+610497009022,https://accounts.google.com/v3/signin/identifier?continue=https://mail.google.com/mail/u/0/&emr=1&followup=https://mail.google.com/mail/u/0/&osid=1&passive=1209600&service=mail&flowName=WebLiteSignIn&flowEntry=ServiceLogin&dsh=S-1155807687:1790656732141809,Not publicly available,Not publicly available,Not publicly available,,,Not publicly available,,yes,Approved NDIS registration groups: Therapeutic Supports,yes,ok,Medium,https://www.ndiscommission.gov.au/provider-registration/find-registered-provider | https://accounts.google.com/v3/signin/identifier?continue=https://mail.google.com/mail/u/0/&emr=1&followup=https://mail.google.com/mail/u/0/&osid=1&passive=1209600&service=mail&flowName=WebLiteSignIn&flowEntry=ServiceLogin&dsh=S-1155807687:1790656732141809,2026-09-29
53640516856,PURPLE SUPPORT,PURPLE SUPPORT,PURPLE SUPPORT PTY LTD,53640516856,private_company,"Thrive with Purple Support, your registered NDIS service provider. Empower your life with person-centered care, choice, and control. Reach your best potential!","Assist Access/Maintain Employ; Assist Personal Activities High; Assist-Life Stage, Transition; Assist-Personal Activities; Assist-Travel/Transport; Daily Tasks/Shared Living; Development-Life Skills; Group/Centre Activities; Household Tasks; Innov Community Participation; Participate Community; Spec Support Employ; Support Coordination; Supported Independent Living",Darwin,"Purple Support, 36 Coonawarra Road, WINNELLIE, NT, 0820, AU",08 7969 8513,https://purplesupport.com.au/,info@purplesupport.com.au,https://www.linkedin.com/company/purplesupport,Not publicly available,,,Not publicly available,,yes,"Approved NDIS registration groups: Assist Access/Maintain Employ; Assist Personal Activities High; Assist-Life Stage, Transition; Assist-Personal Activities; Assist-Travel/Transport; Daily Tasks/Shared Living; Development-Life Skills; Group/Centre Activities; Household Tasks; Innov Community Participation; Participate Community; Spec Support Employ; Support Coordination; Supported Independent Living",yes,ok,High,https://www.ndiscommission.gov.au/provider-registration/find-registered-provider | https://purplesupport.com.au/,2026-09-29
43641197659,PLAN HERO,PLAN HERO,PLAN HERO PTY LTD,43641197659,private_company,"Empowering NDIS participants and their families to get the most from your NDIS funding, with live budget tracking via portal and phone app. Same day invoice processing and fast NDIS support.",Accommodation/Tenancy; Innov Community Participation; Plan Management,Other NT,Plan Hero Plan Managers - NT,+611300599770,https://planhero.com.au/,Not publicly available,Not publicly available,Not publicly available,,,Not publicly available,,yes,Approved NDIS registration groups: Accommodation/Tenancy; Innov Community Participation; Plan Management,yes,ok,Medium,https://www.ndiscommission.gov.au/provider-registration/find-registered-provider | https://planhero.com.au/,2026-09-29
49138916622,QSSS,QSSS,Queensland Support Services & Solutions Pty Ltd,49138916622,private_company,"QSSS is a national NDIS registered support provider delivering personalised, client-led support across Australia.",Assist Personal Activities High; Assist-Personal Activities; Daily Tasks/Shared Living; Development-Life Skills; Household Tasks; Innov Community Participation; Participate Community; Supported Independent Living,Other NT,QSSS Northern Territory,+611300378777,https://www.qsss.com.au/,admin@qsss.com.au,Not publicly available,Not publicly available,,,Not publicly available,,yes,Approved NDIS registration groups: Assist Personal Activities High; Assist-Personal Activities; Daily Tasks/Shared Living; Development-Life Skills; Household Tasks; Innov Community Participation; Participate Community; Supported Independent Living,yes,ok,High,https://www.ndiscommission.gov.au/provider-registration/find-registered-provider | https://www.qsss.com.au/,2026-09-29
67673240045,ROYAL HEALTH SERVICES PTY LTD,ROYAL HEALTH SERVICES PTY LTD,Royal Health Services Pty Ltd,67673240045,private_company,Not publicly available,Assist-Personal Activities; Assist-Travel/Transport; Community Nursing Care; Daily Tasks/Shared Living; Development-Life Skills; Group/Centre Activities; Household Tasks; Innov Community Participation; Participate Community; Spec Support Employ; Supported Independent Living,Other NT,"ROYAL HEALTH SERVICES PTY LTD, AU",Not publicly available,Not publicly available,Not publicly available,Not publicly available,Not publicly available,,,Not publicly available,,yes,Approved NDIS registration groups: Assist-Personal Activities; Assist-Travel/Transport; Community Nursing Care; Daily Tasks/Shared Living; Development-Life Skills; Group/Centre Activities; Household Tasks; Innov Community Participation; Participate Community; Spec Support Employ; Supported Independent Living,yes,no official website,Medium,https://www.ndiscommission.gov.au/provider-registration/find-registered-provider,2026-09-29
23646302061,REGIONAL & REMOTE DISABILITY SERVICES,REGIONAL & REMOTE DISABILITY SERVICES,REGIONAL & REMOTE DISABILITY SERVICES PTY LTD,23646302061,private_company,Not publicly available,"Accommodation/Tenancy; Assist Prod-Pers Care/Safety; Assist-Life Stage, Transition; Assist-Travel/Transport; Innov Community Participation; Participate Community; Support Coordination",Katherine,"NT Regional & Remote Disability Services, 111 Giles Street, KATHERINE, NT, 0850, AU",+611300920884,https://www.rnrsupport.com.au,Not publicly available,Not publicly available,Not publicly available,,,Not publicly available,,yes,"Approved NDIS registration groups: Accommodation/Tenancy; Assist Prod-Pers Care/Safety; Assist-Life Stage, Transition; Assist-Travel/Transport; Innov Community Participation; Participate Community; Support Coordination",yes,"error:HTTPSConnectionPool(host='www.rnrsupport.com.au', port=443): Max retries exceeded with url: / (Caused by SSLError(SSLEOFError(8, '[SSL: UNEXPECTED_EOF_WHILE_READING] EOF occurred in violation of protocol (_ssl.c:1000)')))",Medium,https://www.ndiscommission.gov.au/provider-registration/find-registered-provider,2026-09-29
29670228369,SAFE AND CARE SERVICES PTY LTD,SAFE AND CARE SERVICES PTY LTD,Safe and Care Services Pty Ltd,29670228369,private_company,Not publicly available,Assist-Personal Activities; Assist-Travel/Transport; Daily Tasks/Shared Living; Development-Life Skills; Group/Centre Activities; Household Tasks; Participate Community; Supported Independent Living,Other NT,SAFE AND CARE SERVICES PTY LTD,Not publicly available,Not publicly available,Not publicly available,Not publicly available,Not publicly available,,,Not publicly available,,yes,Approved NDIS registration groups: Assist-Personal Activities; Assist-Travel/Transport; Daily Tasks/Shared Living; Development-Life Skills; Group/Centre Activities; Household Tasks; Participate Community; Supported Independent Living,yes,no official website,Medium,https://www.ndiscommission.gov.au/provider-registration/find-registered-provider,2026-09-29
87673003604,SAFE SHORE HOME CARE PTY LTD,SAFE SHORE HOME CARE PTY LTD,Safe Shore Home Care Pty Ltd,87673003604,private_company,Not publicly available,"Assist Personal Activities High; Assist-Life Stage, Transition; Assist-Personal Activities; Assist-Travel/Transport; Community Nursing Care; Daily Tasks/Shared Living; Development-Life Skills; Group/Centre Activities; Household Tasks; Innov Community Participation; Participate Community; Supported Independent Living",Alice Springs,"Safe Shore Home Care, AU",+610435306071,Not publicly available,Not publicly available,Not publicly available,Not publicly available,,,Not publicly available,,yes,"Approved NDIS registration groups: Assist Personal Activities High; Assist-Life Stage, Transition; Assist-Personal Activities; Assist-Travel/Transport; Community Nursing Care; Daily Tasks/Shared Living; Development-Life Skills; Group/Centre Activities; Household Tasks; Innov Community Participation; Participate Community; Supported Independent Living",yes,no official website,Medium,https://www.ndiscommission.gov.au/provider-registration/find-registered-provider,2026-09-29
37638386080,Rotana Health & Wellbeing Pty Ltd,Rotana Health & Wellbeing Pty Ltd,Rotana Health & Wellbeing Pty Ltd,37638386080,private_company,Access NDIS Support Services in Bundoora. Our expert NDIS Support Providers deliver personalised care and Specialist Support Coordination you can trust.,"Assist Access/Maintain Employ; Assist Personal Activities High; Assist-Life Stage, Transition; Assist-Personal Activities; Assist-Travel/Transport; Community Nursing Care; Daily Tasks/Shared Living; Development-Life Skills; Group/Centre Activities; Household Tasks; Innov Community Participation; Participate Community; Supported Independent Living","Katherine, Tennant Creek","Rotana Tennat Creek, Tennant Creek Hotel, 146 Paterson Street, TENNANT CREEK, NT, 0860, AU",0432 980 158,https://rotanahw.com/,info@rotanacare.com.au,https://www.linkedin.com/company/rotana-health-wellbeing,Not publicly available,,,Not publicly available,,yes,"Approved NDIS registration groups: Assist Access/Maintain Employ; Assist Personal Activities High; Assist-Life Stage, Transition; Assist-Personal Activities; Assist-Travel/Transport; Community Nursing Care; Daily Tasks/Shared Living; Development-Life Skills; Group/Centre Activities; Household Tasks; Innov Community Participation; Participate Community; Supported Independent Living",yes,ok,High,https://www.ndiscommission.gov.au/provider-registration/find-registered-provider | https://rotanahw.com/,2026-09-29
75125223645,REGIS AGED CARE PTY LTD,REGIS AGED CARE PTY LTD,REGIS AGED CARE PTY LTD,75125223645,private_company,"Trusted residential care, home care, and retirement living across Australia. Find person-centred care solutions near you.","Assist Personal Activities High; Assist-Life Stage, Transition; Community Nursing Care; Daily Tasks/Shared Living; Participate Community; Supported Independent Living",Darwin,"Regis Tiwi, Tiwi Residential Care, 11 Creswell Street, TIWI, NT, 0810, AU",1300 998 100,https://www.regis.com.au/,map-dev-marker@2x.png,https://www.linkedin.com/company/regis-agedcare,Not publicly available,,,Not publicly available,,yes,"Approved NDIS registration groups: Assist Personal Activities High; Assist-Life Stage, Transition; Community Nursing Care; Daily Tasks/Shared Living; Participate Community; Supported Independent Living",yes,ok,High,https://www.ndiscommission.gov.au/provider-registration/find-registered-provider | https://www.regis.com.au/,2026-09-29
72630144811,Sacred Business Services Pty Ltd,Sacred Business Services Pty Ltd,SACRED BUSINESS SERVICES PTY LTD,72630144811,private_company,"Sacred Business Services provides professional, culturally safe and personalised NDIS support across the Northern Territory.","Accommodation/Tenancy; Assist Access/Maintain Employ; Assist-Life Stage, Transition; Assist-Personal Activities; Assist-Travel/Transport; Daily Tasks/Shared Living; Development-Life Skills; Group/Centre Activities; Household Tasks; Innov Community Participation; Participate Community; Support Coordination; Supported Independent Living","Darwin, Katherine","56 parer dr, AU",+610410585923,https://sacredbusinessservices.com.au/,Not publicly available,Not publicly available,Not publicly available,,,Not publicly available,,yes,"Approved NDIS registration groups: Accommodation/Tenancy; Assist Access/Maintain Employ; Assist-Life Stage, Transition; Assist-Personal Activities; Assist-Travel/Transport; Daily Tasks/Shared Living; Development-Life Skills; Group/Centre Activities; Household Tasks; Innov Community Participation; Participate Community; Support Coordination; Supported Independent Living",yes,ok,Medium,https://www.ndiscommission.gov.au/provider-registration/find-registered-provider | https://sacredbusinessservices.com.au/,2026-09-29
35678485580,SAHARA COMMUNITY SUPPORT PTY LTD,SAHARA COMMUNITY SUPPORT PTY LTD,Sahara Community Support Pty Ltd,35678485580,private_company,"Top-quality disability support services across Northern Territory (NT) Australia, promoting inclusivity and empowerment for people with disabilities.","Assist-Life Stage, Transition; Assist-Personal Activities; Assist-Travel/Transport; Community Nursing Care; Daily Tasks/Shared Living; Development-Life Skills; Group/Centre Activities; Household Tasks; Innov Community Participation; Participate Community; Supported Independent Living",Darwin,Sahara Community Support Pty Ltd,+610420422687,https://www.saharacommunitysupport.com.au/,Not publicly available,Not publicly available,Not publicly available,,,Not publicly available,,yes,"Approved NDIS registration groups: Assist-Life Stage, Transition; Assist-Personal Activities; Assist-Travel/Transport; Community Nursing Care; Daily Tasks/Shared Living; Development-Life Skills; Group/Centre Activities; Household Tasks; Innov Community Participation; Participate Community; Supported Independent Living",yes,ok,Medium,https://www.ndiscommission.gov.au/provider-registration/find-registered-provider | https://www.saharacommunitysupport.com.au/,2026-09-29
83692160982,SASCO CARE PTY LTD,SASCO CARE PTY LTD,Sasco Care Pty Ltd,83692160982,private_company,Not publicly available,"Accommodation/Tenancy; Assist-Life Stage, Transition; Assist-Personal Activities; Assist-Travel/Transport; Daily Tasks/Shared Living; Development-Life Skills; Group/Centre Activities; Household Tasks; Innov Community Participation; Participate Community; Supported Independent Living",Darwin,"WAGAMAN, NT, 0810, AU",Not publicly available,Not publicly available,Not publicly available,Not publicly available,Not publicly available,,,Not publicly available,,yes,"Approved NDIS registration groups: Accommodation/Tenancy; Assist-Life Stage, Transition; Assist-Personal Activities; Assist-Travel/Transport; Daily Tasks/Shared Living; Development-Life Skills; Group/Centre Activities; Household Tasks; Innov Community Participation; Participate Community; Supported Independent Living",yes,no official website,Medium,https://www.ndiscommission.gov.au/provider-registration/find-registered-provider,2026-09-29
81670327849,Secure Care Partners,Secure Care Partners,Kavyanjali Pty Ltd,81670327849,private_company,Not publicly available,"Assist Access/Maintain Employ; Assist Personal Activities High; Assist-Life Stage, Transition; Assist-Personal Activities; Assist-Travel/Transport; Community Nursing Care; Daily Tasks/Shared Living; Development-Life Skills; Group/Centre Activities; Household Tasks; Innov Community Participation; Participate Community; Spec Support Employ; Supported Independent Living",Alice Springs,"Secure Care Partners, AU",Not publicly available,Not publicly available,Not publicly available,Not publicly available,Not publicly available,,,Not publicly available,,yes,"Approved NDIS registration groups: Assist Access/Maintain Employ; Assist Personal Activities High; Assist-Life Stage, Transition; Assist-Personal Activities; Assist-Travel/Transport; Community Nursing Care; Daily Tasks/Shared Living; Development-Life Skills; Group/Centre Activities; Household Tasks; Innov Community Participation; Participate Community; Spec Support Employ; Supported Independent Living",yes,no official website,Medium,https://www.ndiscommission.gov.au/provider-registration/find-registered-provider,2026-09-29
13634298776,SAL CONSULTING NT PTY LTD,SAL CONSULTING NT PTY LTD,SAL CONSULTING NT PTY LTD,13634298776,private_company,"SAL Consulting offers therapy, allied health, clinical services, and organizational development to support Australian communities and human service professionals.","Assist-Life Stage, Transition; Behaviour Support; Early Childhood Supports; Therapeutic Supports",Darwin,"Darwin, Suite 24 & 25, The Point, 60 Winnellie Road, WINNELLIE, NT, 0820, AU",+611300851795,https://www.salconsulting.com.au/,user@domain.com,https://www.linkedin.com/company/sal-consulting,Not publicly available,,,Not publicly available,,yes,"Approved NDIS registration groups: Assist-Life Stage, Transition; Behaviour Support; Early Childhood Supports; Therapeutic Supports",yes,ok,High,https://www.ndiscommission.gov.au/provider-registration/find-registered-provider | https://www.salconsulting.com.au/,2026-09-29
95672521765,SHALOM BLESSINGS COMMUNITY CARE PTY LTD,SHALOM BLESSINGS COMMUNITY CARE PTY LTD,Shalom Blessings Community Care Pty Ltd,95672521765,private_company,Not publicly available,"Accommodation/Tenancy; Assist Access/Maintain Employ; Assist Personal Activities High; Assist-Life Stage, Transition; Assist-Personal Activities; Assist-Travel/Transport; Community Nursing Care; Daily Tasks/Shared Living; Development-Life Skills; Group/Centre Activities; Household Tasks; Innov Community Participation; Participate Community; Specialised Disability Accommodation; Supported Independent Living",Alice Springs,Shalom Blessings community care,+610424837710,Not publicly available,Not publicly available,Not publicly available,Not publicly available,,,Not publicly available,,yes,"Approved NDIS registration groups: Accommodation/Tenancy; Assist Access/Maintain Employ; Assist Personal Activities High; Assist-Life Stage, Transition; Assist-Personal Activities; Assist-Travel/Transport; Community Nursing Care; Daily Tasks/Shared Living; Development-Life Skills; Group/Centre Activities; Household Tasks; Innov Community Participation; Participate Community; Specialised Disability Accommodation; Supported Independent Living",yes,no official website,Medium,https://www.ndiscommission.gov.au/provider-registration/find-registered-provider,2026-09-29
41675901621,SALTWATER SUPPORT SERVICES PTY LTD,SALTWATER SUPPORT SERVICES PTY LTD,Saltwater Support Services Pty Ltd,41675901621,private_company,"At Saltwater Support Services, we deliver high-quality, culturally safe NDIS supports designed to empower participants and strengthen communities. We specialise in supporting people with disabilities, mental health needs, and complex behaviours — always with a trauma-informed, therapeutic, and person-centred approach. Aboriginal Owned & Operated – delivering culturally safe, community-driven servi",Assist Access/Maintain Employ; Assist-Personal Activities; Assist-Travel/Transport; Daily Tasks/Shared Living; Development-Life Skills; Group/Centre Activities; Household Tasks; Innov Community Participation; Participate Community; Supported Independent Living,Other NT,"Mobile, AU",0422574960,https://saltwatersupportservices.com/services-2,Not publicly available,Not publicly available,Not publicly available,,,Not publicly available,,yes,Approved NDIS registration groups: Assist Access/Maintain Employ; Assist-Personal Activities; Assist-Travel/Transport; Daily Tasks/Shared Living; Development-Life Skills; Group/Centre Activities; Household Tasks; Innov Community Participation; Participate Community; Supported Independent Living,yes,ok,Medium,https://www.ndiscommission.gov.au/provider-registration/find-registered-provider | https://saltwatersupportservices.com/services-2,2026-09-29
51676678158,SEVA COMMUNITY SERVICES,SEVA COMMUNITY SERVICES,Seva Community Services Pty Ltd.,51676678158,private_company,Not publicly available,"Assist Access/Maintain Employ; Assist-Life Stage, Transition; Assist-Personal Activities; Assist-Travel/Transport; Daily Tasks/Shared Living; Development-Life Skills; Group/Centre Activities; Household Tasks; Innov Community Participation; Participate Community; Spec Support Employ; Supported Independent Living",Other NT,Mobile,+610424104600,https://www.sevacommnunity.com.au,Not publicly available,Not publicly available,Not publicly available,,,Not publicly available,,yes,"Approved NDIS registration groups: Assist Access/Maintain Employ; Assist-Life Stage, Transition; Assist-Personal Activities; Assist-Travel/Transport; Daily Tasks/Shared Living; Development-Life Skills; Group/Centre Activities; Household Tasks; Innov Community Participation; Participate Community; Spec Support Employ; Supported Independent Living",yes,"error:HTTPSConnectionPool(host='www.sevacommnunity.com.au', port=443): Max retries exceeded with url: / (Caused by NameResolutionError(""HTTPSConnection(host='www.sevacommnunity.com.au', port=443): Failed to resolve 'www.sevacommnunity.com.au' ([Errno -2] Name or service not known)""))",Medium,https://www.ndiscommission.gov.au/provider-registration/find-registered-provider,2026-09-29
24678001048,SOUND COUNSELLING & SUPERVISION SERVICES PTY LTD,SOUND COUNSELLING & SUPERVISION SERVICES PTY LTD,Sound Counselling & Supervision Services Pty Ltd,24678001048,private_company,Not publicly available,Therapeutic Supports,Other NT,Sound Counselling & Supervision Services NT,+610404011493,Not publicly available,Not publicly available,Not publicly available,Not publicly available,,,Not publicly available,,yes,Approved NDIS registration groups: Therapeutic Supports,yes,no official website,Medium,https://www.ndiscommission.gov.au/provider-registration/find-registered-provider,2026-09-29
28659146782,SPRINGSIDE SERVICES PTY LTD,SPRINGSIDE SERVICES PTY LTD,Springside Services Pty Ltd,28659146782,private_company,Not publicly available,Therapeutic Supports,Alice Springs,"EAST SIDE, NT, 0870, AU",Not publicly available,Not publicly available,Not publicly available,Not publicly available,Not publicly available,,,Not publicly available,,yes,Approved NDIS registration groups: Therapeutic Supports,yes,no official website,Medium,https://www.ndiscommission.gov.au/provider-registration/find-registered-provider,2026-09-29
61665772789,STRIVE SUPPORT GROUP,STRIVE SUPPORT GROUP,Strive Support Group Pty Ltd,61665772789,private_company,Not publicly available,Assist-Personal Activities; Assist-Travel/Transport; Development-Life Skills; Participate Community,Darwin,"COCONUT GROVE, NT, 0810, AU",Not publicly available,Not publicly available,Not publicly available,Not publicly available,Not publicly available,,,Not publicly available,,yes,Approved NDIS registration groups: Assist-Personal Activities; Assist-Travel/Transport; Development-Life Skills; Participate Community,yes,no official website,Medium,https://www.ndiscommission.gov.au/provider-registration/find-registered-provider,2026-09-29
77660802540,SUNSET CARE SERVICES PTY LTD,SUNSET CARE SERVICES PTY LTD,Sunset Care Services Pty Ltd,77660802540,private_company,Not publicly available,Assist Personal Activities High; Assist-Personal Activities; Assist-Travel/Transport; Community Nursing Care; Daily Tasks/Shared Living; Household Tasks; Supported Independent Living,Alice Springs,"Sunset Care Services PTY LTD, AU",+611300308953,Not publicly available,Not publicly available,Not publicly available,Not publicly available,,,Not publicly available,,yes,Approved NDIS registration groups: Assist Personal Activities High; Assist-Personal Activities; Assist-Travel/Transport; Community Nursing Care; Daily Tasks/Shared Living; Household Tasks; Supported Independent Living,yes,no official website,Medium,https://www.ndiscommission.gov.au/provider-registration/find-registered-provider,2026-09-29
38641509417,SUNSHINE HOUSE RESPITE CARE PTY LTD,SUNSHINE HOUSE RESPITE CARE PTY LTD,SUNSHINE HOUSE RESPITE CARE PTY LTD,38641509417,private_company,Not publicly available,"Accommodation/Tenancy; Assist-Life Stage, Transition; Assist-Personal Activities; Assist-Travel/Transport; Daily Tasks/Shared Living; Development-Life Skills; Group/Centre Activities; Household Tasks; Innov Community Participation; Participate Community; Supported Independent Living",Katherine,"Sunshine House Respite Care, 94 Tokmakoff Road, COSSACK, NT, 0850, AU",+610428745857,Not publicly available,Not publicly available,Not publicly available,Not publicly available,,,Not publicly available,,yes,"Approved NDIS registration groups: Accommodation/Tenancy; Assist-Life Stage, Transition; Assist-Personal Activities; Assist-Travel/Transport; Daily Tasks/Shared Living; Development-Life Skills; Group/Centre Activities; Household Tasks; Innov Community Participation; Participate Community; Supported Independent Living",yes,no official website,Medium,https://www.ndiscommission.gov.au/provider-registration/find-registered-provider,2026-09-29
92670407646,Skyring SDA PTY LTD,Skyring SDA PTY LTD,Skyring Sda Pty Ltd,92670407646,private_company,Scroll down to browse our available properties Industry-leading support and property maintenance if anything goes wrong with,Specialised Disability Accommodation,Other NT,Skyring NT Office,1800 471 041,https://skyringsda.com.au/,support@skyringsda.com.au,Not publicly available,Not publicly available,,,Not publicly available,,yes,Approved NDIS registration groups: Specialised Disability Accommodation,yes,ok,High,https://www.ndiscommission.gov.au/provider-registration/find-registered-provider | https://skyringsda.com.au/,2026-09-29
76641389399,SAMAF ACCOUNTANTS & CONSULTANTS,SAMAF ACCOUNTANTS & CONSULTANTS,Samaf Group Pty Ltd,76641389399,private_company,"If you’re looking for efficient, accurate and quality Accountants who embrace technology, we’re here to help.",Plan Management,Darwin,SAMAF Accountants and consultants,+610459789085,https://samaf.com.au/,Not publicly available,https://www.linkedin.com/company/samafconsultants,Not publicly available,,,Not publicly available,,yes,Approved NDIS registration groups: Plan Management,yes,ok,High,https://www.ndiscommission.gov.au/provider-registration/find-registered-provider | https://samaf.com.au/,2026-09-29
19166170930,Shaping Futures NT Pty Ltd,Shaping Futures NT Pty Ltd,SHAPING FUTURES NT PTY LTD,19166170930,private_company,"Welcome to Shaping Futures We provide high quality SDA services in the North of Australia for Individuals with disabilities. Book An Appointment Accessible Accommodation Our homes are thoughtfully designed to meet the unique needs of individuals with disabilities, ensuring comfort and safety. Promoting Independence Our homes are tailored to promote independence, offering residents the freedom […]",Specialised Disability Accommodation,Darwin,"NIGHTCLIFF, NT, 0810, AU",0439 680 850,https://shapingfutures.com.au/,contact@shapingfutures.com.au,Not publicly available,Not publicly available,,,Not publicly available,,yes,Approved NDIS registration groups: Specialised Disability Accommodation,yes,ok,High,https://www.ndiscommission.gov.au/provider-registration/find-registered-provider | https://shapingfutures.com.au/,2026-09-29
13655097082,SURE MERCY COMMUNITY SERVICES,SURE MERCY COMMUNITY SERVICES,SURE MERCY COMMUNITY SERVICES PTY LTD,13655097082,private_company,"We are a NDIS registered service provider whose goal is to satisfactorily provide support to those with low, complex, and specialised care need - Mental health services and community nursing","Assist Access/Maintain Employ; Assist-Life Stage, Transition; Assist-Personal Activities; Assist-Travel/Transport; Community Nursing Care; Daily Tasks/Shared Living; Development-Life Skills; Group/Centre Activities; Household Tasks; Innov Community Participation; Participate Community; Support Coordination; Supported Independent Living",Other NT,"LEE POINT, NT, 0810, AU",1800 864 993,https://suremercy.com.au/,info@suremercy.com.au,Not publicly available,Not publicly available,,,Not publicly available,,yes,"Approved NDIS registration groups: Assist Access/Maintain Employ; Assist-Life Stage, Transition; Assist-Personal Activities; Assist-Travel/Transport; Community Nursing Care; Daily Tasks/Shared Living; Development-Life Skills; Group/Centre Activities; Household Tasks; Innov Community Participation; Participate Community; Support Coordination; Supported Independent Living",yes,ok,High,https://www.ndiscommission.gov.au/provider-registration/find-registered-provider | https://suremercy.com.au/,2026-09-29
95641058924,SUPPORTPLACE,SUPPORTPLACE,SUPPORTPLACE PTY LTD,95641058924,private_company,Not publicly available,Assist-Personal Activities; Community Nursing Care; Daily Tasks/Shared Living; Development-Life Skills; Household Tasks; Participate Community; Supported Independent Living,Palmerston,West Metro,+610411659141,https://www.supportplacevic.com.au,Not publicly available,Not publicly available,Not publicly available,,,Not publicly available,,yes,Approved NDIS registration groups: Assist-Personal Activities; Community Nursing Care; Daily Tasks/Shared Living; Development-Life Skills; Household Tasks; Participate Community; Supported Independent Living,yes,blocked,Medium,https://www.ndiscommission.gov.au/provider-registration/find-registered-provider,2026-09-29
11119014292,Territory Disability Services,Territory Disability Services,Jackson Enterprises Pty Ltd,11119014292,private_company,Not publicly available,"Assist Personal Activities High; Assist-Life Stage, Transition; Assist-Personal Activities; Community Nursing Care; Household Tasks; Innov Community Participation; Participate Community; Plan Management; Supported Independent Living",Alice Springs,"Territory Disability Services, 119 Gap Road, THE GAP, NT, 0870, AU",+610889523800,Not publicly available,Not publicly available,Not publicly available,Not publicly available,,,Not publicly available,,yes,"Approved NDIS registration groups: Assist Personal Activities High; Assist-Life Stage, Transition; Assist-Personal Activities; Community Nursing Care; Household Tasks; Innov Community Participation; Participate Community; Plan Management; Supported Independent Living",yes,no official website,Medium,https://www.ndiscommission.gov.au/provider-registration/find-registered-provider,2026-09-29
45690526679,TERRITORY HEALTH & WELLBEING PTY LTD,TERRITORY HEALTH & WELLBEING PTY LTD,Territory Health & Wellbeing Pty Ltd,45690526679,private_company,Not publicly available,"Accommodation/Tenancy; Assist Access/Maintain Employ; Assist Personal Activities High; Assist-Life Stage, Transition; Assist-Personal Activities; Community Nursing Care; Daily Tasks/Shared Living; Development-Life Skills; Group/Centre Activities; Household Tasks; Innov Community Participation; Participate Community; Supported Independent Living",Katherine,"46 Clarke, AU",+610423511932,https://territoryhw.com,Not publicly available,Not publicly available,Not publicly available,,,Not publicly available,,yes,"Approved NDIS registration groups: Accommodation/Tenancy; Assist Access/Maintain Employ; Assist Personal Activities High; Assist-Life Stage, Transition; Assist-Personal Activities; Community Nursing Care; Daily Tasks/Shared Living; Development-Life Skills; Group/Centre Activities; Household Tasks; Innov Community Participation; Participate Community; Supported Independent Living",yes,error:HTTP 404,Medium,https://www.ndiscommission.gov.au/provider-registration/find-registered-provider,2026-09-29
33633879286,Supportive Choices Pty Ltd,Supportive Choices Pty Ltd,SUPPORTIVE CHOICES PTY LTD,33633879286,private_company,"Discover our support coordination and NDIS plan management services at Supportive Choices Pty Ltd in Niddrie, VIC. Contact us now.","Assist-Life Stage, Transition; Plan Management; Support Coordination; Therapeutic Supports",Other NT,"Supportive Choices Pty Ltd - NT, 384 Keilor Road, NIDDRIE, VIC, 3042, AU",0456 708 624,https://supportivechoices.com.au/,admin@supportivechoices.com.au,Not publicly available,Not publicly available,,,Not publicly available,,yes,"Approved NDIS registration groups: Assist-Life Stage, Transition; Plan Management; Support Coordination; Therapeutic Supports",yes,ok,High,https://www.ndiscommission.gov.au/provider-registration/find-registered-provider | https://supportivechoices.com.au/,2026-09-29
44669601012,TERRITORY PLUS SUPPORT COORDINATION,TERRITORY PLUS SUPPORT COORDINATION,Territory Plus Pty Ltd,44669601012,private_company,"Territory Plus Support Coordination offers NDIS providers services in Katherine, Alice Springs, Palmerston, and Darwin NT. Call 0498024393","Assist Access/Maintain Employ; Assist-Life Stage, Transition; Assist-Personal Activities; Assist-Travel/Transport; Development-Life Skills; Group/Centre Activities; Household Tasks; Innov Community Participation; Participate Community",Other NT,"Territory Plus Support Coordination, AU",0498 024 393,https://territoryplus.com.au/,mkaur@territoryplus.com.au,Not publicly available,Not publicly available,,,Not publicly available,,yes,"Approved NDIS registration groups: Assist Access/Maintain Employ; Assist-Life Stage, Transition; Assist-Personal Activities; Assist-Travel/Transport; Development-Life Skills; Group/Centre Activities; Household Tasks; Innov Community Participation; Participate Community",yes,ok,High,https://www.ndiscommission.gov.au/provider-registration/find-registered-provider | https://territoryplus.com.au/,2026-09-29
56679773132,SUPPORT PATHWAYS DISABILITY SERVICES PTY LTD,SUPPORT PATHWAYS DISABILITY SERVICES PTY LTD,Support Pathways Disability Services Pty Ltd,56679773132,private_company,"Discover personalised support solutions designed to enhance independence, dignity, and well-being—empowering individuals in remote Northern Territory communities to live life to the fullest. Your journey toward greater choice and control starts here. At Support Pathways, we provide essential disability services to help you thrive. Our dedicated team offers personalized support tailored to your uni","Assist Access/Maintain Employ; Assist-Life Stage, Transition; Assist-Personal Activities; Assist-Travel/Transport; Daily Tasks/Shared Living; Development-Life Skills; Group/Centre Activities; Household Tasks; Participate Community; Supported Independent Living",Katherine,Mobile Outlet,+610469353246,https://supportpathwaysdisability.com.au/,Not publicly available,Not publicly available,Not publicly available,,,Not publicly available,,yes,"Approved NDIS registration groups: Assist Access/Maintain Employ; Assist-Life Stage, Transition; Assist-Personal Activities; Assist-Travel/Transport; Daily Tasks/Shared Living; Development-Life Skills; Group/Centre Activities; Household Tasks; Participate Community; Supported Independent Living",yes,ok,Medium,https://www.ndiscommission.gov.au/provider-registration/find-registered-provider | https://supportpathwaysdisability.com.au/,2026-09-29
31651797223,TERRITORY TRUE SUPPORT SERVICES,TERRITORY TRUE SUPPORT SERVICES,Territory True Pty Ltd,31651797223,private_company,Not publicly available,"Accommodation/Tenancy; Assist Access/Maintain Employ; Assist-Life Stage, Transition; Assist-Personal Activities; Assist-Travel/Transport; Daily Tasks/Shared Living; Development-Life Skills; Group/Centre Activities; Household Tasks; Innov Community Participation; Participate Community; Spec Support Employ; Supported Independent Living",Palmerston,"Territory True Support Services - Physical 3, 22 Hayes Court, DURACK, NT, 0830, AU",+610403400569,Not publicly available,Not publicly available,Not publicly available,Not publicly available,,,Not publicly available,,yes,"Approved NDIS registration groups: Accommodation/Tenancy; Assist Access/Maintain Employ; Assist-Life Stage, Transition; Assist-Personal Activities; Assist-Travel/Transport; Daily Tasks/Shared Living; Development-Life Skills; Group/Centre Activities; Household Tasks; Innov Community Participation; Participate Community; Spec Support Employ; Supported Independent Living",yes,no official website,Medium,https://www.ndiscommission.gov.au/provider-registration/find-registered-provider,2026-09-29
70635819322,THE ABLE HUB PTY LTD,THE ABLE HUB PTY LTD,THE ABLE HUB PTY LTD,70635819322,private_company,Not publicly available,"Assist Personal Activities High; Assist-Life Stage, Transition; Assist-Personal Activities; Assist-Travel/Transport; Community Nursing Care; Daily Tasks/Shared Living; Development-Life Skills; Group/Centre Activities; Household Tasks; Innov Community Participation; Participate Community; Supported Independent Living",Alice Springs,"Gregory Terrace, Shop 6, 8 Gregory Terrace, ALICE SPRINGS, NT, 0870, AU",+610455364829,Not publicly available,Not publicly available,Not publicly available,Not publicly available,,,Not publicly available,,yes,"Approved NDIS registration groups: Assist Personal Activities High; Assist-Life Stage, Transition; Assist-Personal Activities; Assist-Travel/Transport; Community Nursing Care; Daily Tasks/Shared Living; Development-Life Skills; Group/Centre Activities; Household Tasks; Innov Community Participation; Participate Community; Supported Independent Living",yes,no official website,Medium,https://www.ndiscommission.gov.au/provider-registration/find-registered-provider,2026-09-29
90676089884,SYDNEY 24/7 CARE PTY LTD,SYDNEY 24/7 CARE PTY LTD,Sydney 24/7 Care Pty Ltd,90676089884,private_company,Not publicly available,"Assist Access/Maintain Employ; Assist Prod-Pers Care/Safety; Assist-Life Stage, Transition; Assist-Personal Activities; Assist-Travel/Transport; Daily Tasks/Shared Living; Development-Life Skills; Group/Centre Activities; Household Tasks; Innov Community Participation; Participate Community; Supported Independent Living",Darwin,"Sydney 24/7 care pty ltd, 49 Humbert Street, LEANYER, NT, 0812, AU",+610455355481,https://www.sydney247care.com.au,Not publicly available,Not publicly available,Not publicly available,,,Not publicly available,,yes,"Approved NDIS registration groups: Assist Access/Maintain Employ; Assist Prod-Pers Care/Safety; Assist-Life Stage, Transition; Assist-Personal Activities; Assist-Travel/Transport; Daily Tasks/Shared Living; Development-Life Skills; Group/Centre Activities; Household Tasks; Innov Community Participation; Participate Community; Supported Independent Living",yes,"error:HTTPSConnectionPool(host='www.sydney247care.com.au', port=443): Max retries exceeded with url: / (Caused by SSLError(SSLCertVerificationError(1, ""[SSL: CERTIFICATE_VERIFY_FAILED] certificate verify failed: Hostname mismatch, certificate is not valid for 'www.sydney247care.com.au'. (_ssl.c:1000)"")))",Medium,https://www.ndiscommission.gov.au/provider-registration/find-registered-provider,2026-09-29
29089411389,Territory Care and Support Services,Territory Care and Support Services,NORTH AUSTRALIA GLOBAL SERVICES PTY LIMITED,29089411389,private_company,"Looking for Disability Support Services in Darwin? At TCASS™, We Offer Personalised 24/7 NDIS Support, Helping You Live Independently. Speak with Us Today.","Assist Personal Activities High; Assist-Life Stage, Transition; Assist-Personal Activities; Assist-Travel/Transport; Daily Tasks/Shared Living; Development-Life Skills; Group/Centre Activities; Household Tasks; Innov Community Participation; Participate Community; Supported Independent Living",Alice Springs,"Territory Care and Support Services- Alice Springs, 5 Parsons Street, ALICE SPRINGS, NT, 0870, AU",08 8927 3060,https://tcass.com.au/,Not publicly available,https://www.linkedin.com/company/territory-care-support-services,Not publicly available,,,Not publicly available,,yes,"Approved NDIS registration groups: Assist Personal Activities High; Assist-Life Stage, Transition; Assist-Personal Activities; Assist-Travel/Transport; Daily Tasks/Shared Living; Development-Life Skills; Group/Centre Activities; Household Tasks; Innov Community Participation; Participate Community; Supported Independent Living",yes,ok,High,https://www.ndiscommission.gov.au/provider-registration/find-registered-provider | https://tcass.com.au/,2026-09-29
91674091911,THE HOME OF HEARTS AND ARTS COMMUNITY SERVICE PTY LTD,THE HOME OF HEARTS AND ARTS COMMUNITY SERVICE PTY LTD,The Home of Hearts and Arts Community Service Pty Ltd,91674091911,private_company,Not publicly available,Assist-Personal Activities; Assist-Travel/Transport; Daily Tasks/Shared Living; Development-Life Skills; Group/Centre Activities; Household Tasks; Participate Community; Supported Independent Living,Darwin,"STUART PARK, NT, 0820, AU",Not publicly available,Not publicly available,Not publicly available,Not publicly available,Not publicly available,,,Not publicly available,,yes,Approved NDIS registration groups: Assist-Personal Activities; Assist-Travel/Transport; Daily Tasks/Shared Living; Development-Life Skills; Group/Centre Activities; Household Tasks; Participate Community; Supported Independent Living,yes,no official website,Medium,https://www.ndiscommission.gov.au/provider-registration/find-registered-provider,2026-09-29
80606740345,Territory Therapy Solutions,Territory Therapy Solutions,JAMEIS CONSULTING PTY LTD,80606740345,private_company,"We have a unique team of experienced allied health professionals at Territory Therapy Solutions. We are compassionate, professional and capable of helping you achieve your goals and improve your quality of life. We offer services in the areas of occupational therapy, physiotherapy, psychology, exercise physiology and allied health assistance. With decades of experience within the team, we provide ",Assist Prod-Pers Care/Safety; Specialised Driver Training; Therapeutic Supports,Other NT,"Territory Therapy Solutions, 631 Stuart Highway, BERRIMAH, NT, 0828, AU",08 8947 4180,https://www.territorytherapysolutions.com.au/,office@territorytherapysolutions.com.au,https://www.linkedin.com/company/territory-therapy-solutions,Not publicly available,,,Not publicly available,,yes,Approved NDIS registration groups: Assist Prod-Pers Care/Safety; Specialised Driver Training; Therapeutic Supports,yes,ok,High,https://www.ndiscommission.gov.au/provider-registration/find-registered-provider | https://www.territorytherapysolutions.com.au/,2026-09-29
96681556963,THE REHAB CENTRE PTY LTD,THE REHAB CENTRE PTY LTD,The Rehab Centre Pty Ltd,96681556963,private_company,Not publicly available,Specialised Driver Training; Therapeutic Supports,Other NT,The Rehab Centre,+610432030223,Not publicly available,Not publicly available,Not publicly available,Not publicly available,,,Not publicly available,,yes,Approved NDIS registration groups: Specialised Driver Training; Therapeutic Supports,yes,no official website,Medium,https://www.ndiscommission.gov.au/provider-registration/find-registered-provider,2026-09-29
98673557849,THE GOOD FIGHT COMMUNITY SERVICES PTY LTD,THE GOOD FIGHT COMMUNITY SERVICES PTY LTD,The Good Fight Community Services Pty Ltd,98673557849,private_company,"Empowering Lives, Strengthening Communities. We're here to create an inclusive and supportive environment where individuals can build confidence, develop essential life skills, and participate fully in their communities.","Assist-Life Stage, Transition; Assist-Personal Activities; Assist-Travel/Transport; Daily Tasks/Shared Living; Development-Life Skills; Household Tasks; Innov Community Participation; Participate Community; Supported Independent Living",Palmerston,"GUNN, NT, 0832, AU",0401 558 105,https://www.thegoodfightnt.com.au/,info@thegoodfightnt.com.au,Not publicly available,Not publicly available,,,Not publicly available,,yes,"Approved NDIS registration groups: Assist-Life Stage, Transition; Assist-Personal Activities; Assist-Travel/Transport; Daily Tasks/Shared Living; Development-Life Skills; Household Tasks; Innov Community Participation; Participate Community; Supported Independent Living",yes,ok,High,https://www.ndiscommission.gov.au/provider-registration/find-registered-provider | https://www.thegoodfightnt.com.au/,2026-09-29
14675031991,The Little Tree Group Pty Ltd,The Little Tree Group Pty Ltd,The Little Tree Group Pty Ltd,14675031991,private_company,"Positive Behaviour Support Services in Darwin, NT, Australia",Behaviour Support; Therapeutic Supports,Darwin,"The Little Tree Group, AU",0405 093 036,https://www.thelittletree.com.au/,admin@thelittletree.com.au,Not publicly available,Not publicly available,,,Not publicly available,,yes,Approved NDIS registration groups: Behaviour Support; Therapeutic Supports,yes,ok,High,https://www.ndiscommission.gov.au/provider-registration/find-registered-provider | https://www.thelittletree.com.au/,2026-09-29
70688189148,TOGETHER FOR BETTER LIVING SERVICES PTY LTD.,TOGETHER FOR BETTER LIVING SERVICES PTY LTD.,Together for Better Living Services Pty Ltd.,70688189148,private_company,Not publicly available,"Assist Access/Maintain Employ; Assist-Life Stage, Transition; Assist-Personal Activities; Assist-Travel/Transport; Daily Tasks/Shared Living; Development-Life Skills; Group/Centre Activities; Household Tasks; Innov Community Participation; Participate Community; Spec Support Employ; Supported Independent Living",Other NT,Together For Better Living Services Pty Ltd.,Not publicly available,Not publicly available,Not publicly available,Not publicly available,Not publicly available,,,Not publicly available,,yes,"Approved NDIS registration groups: Assist Access/Maintain Employ; Assist-Life Stage, Transition; Assist-Personal Activities; Assist-Travel/Transport; Daily Tasks/Shared Living; Development-Life Skills; Group/Centre Activities; Household Tasks; Innov Community Participation; Participate Community; Spec Support Employ; Supported Independent Living",yes,no official website,Medium,https://www.ndiscommission.gov.au/provider-registration/find-registered-provider,2026-09-29
60105476668,The Nappy Shop Australia Pty Ltd,The Nappy Shop Australia Pty Ltd,THE NAPPY SHOP AUSTRALIA PTY LTD,60105476668,private_company,"Shop baby nappies, wipes and baby essentials from trusted brands. Enjoy competitive prices and fast Australia-wide delivery from The Nappy Shop.",Assist Prod-Pers Care/Safety,Other NT,"The Nappy Shop NT, AU",+611300627797,https://www.thenappyshop.com.au/,orders@thenappyshop.com.au,Not publicly available,Not publicly available,,,Not publicly available,,yes,Approved NDIS registration groups: Assist Prod-Pers Care/Safety,yes,ok,High,https://www.ndiscommission.gov.au/provider-registration/find-registered-provider | https://www.thenappyshop.com.au/,2026-09-29
36655294447,TIWI SUPPORT SERVICES PTY LTD,TIWI SUPPORT SERVICES PTY LTD,TIWI SUPPORT SERVICES PTY LTD,36655294447,private_company,"We at Tiwi Support Services, believe in your abilities and your potential, and in supporting you to make real choices in your life. We focus on enabling and supporting people with intellectual disability in their transition towards independence. We believe independence is the freedom to make choices about your own life, and taking responsibility for those decisions. Tiwi Support Services is a Tiwi",Assist-Personal Activities; Assist-Travel/Transport; Daily Tasks/Shared Living; Development-Life Skills; Group/Centre Activities; Household Tasks; Innov Community Participation; Participate Community; Supported Independent Living,Darwin,"NIGHTCLIFF, NT, 0810, AU",Not publicly available,https://www.tiwisupport.com.au/,info@tiwisupport.com.au,Not publicly available,Not publicly available,,,Not publicly available,,yes,Approved NDIS registration groups: Assist-Personal Activities; Assist-Travel/Transport; Daily Tasks/Shared Living; Development-Life Skills; Group/Centre Activities; Household Tasks; Innov Community Participation; Participate Community; Supported Independent Living,yes,ok,High,https://www.ndiscommission.gov.au/provider-registration/find-registered-provider | https://www.tiwisupport.com.au/,2026-09-29
99624923753,TK COMMUNITY CARE SERVICES PTY LTD,TK COMMUNITY CARE SERVICES PTY LTD,TK COMMUNITY CARE SERVICES PTY LTD,99624923753,private_company,Discover excellence in NDIS Disability Services in Darwin with TK Community Care services. Your pathway to empowerment starts now. Contact us for support!,"Accommodation/Tenancy; Assist Access/Maintain Employ; Assist Personal Activities High; Assist-Life Stage, Transition; Assist-Personal Activities; Assist-Travel/Transport; Behaviour Support; Community Nursing Care; Daily Tasks/Shared Living; Development-Life Skills; Group/Centre Activities; Household Tasks; Innov Community Participation; Participate Community; Support Coordination; Supported Independent Living","Darwin, Palmerston","TK COMMUNITY CARE SERVICES 6 Leary Street Bellamack, 6 Leary Street, BELLAMACK, NT, 0832, AU",+610491474859,https://tkcommunitycare.com.au/,enquiry@tkcommunitycare.com.au,https://www.linkedin.com/company/tk-community-care-services-pty-ltd,Not publicly available,,,Not publicly available,,yes,"Approved NDIS registration groups: Accommodation/Tenancy; Assist Access/Maintain Employ; Assist Personal Activities High; Assist-Life Stage, Transition; Assist-Personal Activities; Assist-Travel/Transport; Behaviour Support; Community Nursing Care; Daily Tasks/Shared Living; Development-Life Skills; Group/Centre Activities; Household Tasks; Innov Community Participation; Participate Community; Support Coordination; Supported Independent Living",yes,ok,High,https://www.ndiscommission.gov.au/provider-registration/find-registered-provider | https://tkcommunitycare.com.au/,2026-09-29
36648487218,Top End Disability Services,Top End Disability Services,AGM ENTERPRISE PTY LTD,36648487218,private_company,Not publicly available,"Accommodation/Tenancy; Assist Personal Activities High; Assist-Life Stage, Transition; Assist-Personal Activities; Assist-Travel/Transport; Community Nursing Care; Daily Tasks/Shared Living; Development-Life Skills; Group/Centre Activities; Household Tasks; Innov Community Participation; Participate Community; Supported Independent Living",Other NT,"Top End Disability Services, 9 Myrtlewood Crescent, ZUCCOLI, NT, 0832, AU",+610447508646,Not publicly available,Not publicly available,Not publicly available,Not publicly available,,,Not publicly available,,yes,"Approved NDIS registration groups: Accommodation/Tenancy; Assist Personal Activities High; Assist-Life Stage, Transition; Assist-Personal Activities; Assist-Travel/Transport; Community Nursing Care; Daily Tasks/Shared Living; Development-Life Skills; Group/Centre Activities; Household Tasks; Innov Community Participation; Participate Community; Supported Independent Living",yes,no official website,Medium,https://www.ndiscommission.gov.au/provider-registration/find-registered-provider,2026-09-29
99651713245,TOP DISABILITY SERVICES PTY. LTD.,TOP DISABILITY SERVICES PTY. LTD.,TOP DISABILITY SERVICES PTY. LTD.,99651713245,private_company,Not publicly available,Assist Personal Activities High; Assist-Personal Activities; Assist-Travel/Transport; Daily Tasks/Shared Living; Development-Life Skills; Household Tasks; Participate Community; Supported Independent Living,Alice Springs,"LARAPINTA, NT, 0875, AU",Not publicly available,https://www.tdsnt.com.au,Not publicly available,Not publicly available,Not publicly available,,,Not publicly available,,yes,Approved NDIS registration groups: Assist Personal Activities High; Assist-Personal Activities; Assist-Travel/Transport; Daily Tasks/Shared Living; Development-Life Skills; Household Tasks; Participate Community; Supported Independent Living,yes,blocked,Medium,https://www.ndiscommission.gov.au/provider-registration/find-registered-provider,2026-09-29
78642061121,Top End Support Coordination,Top End Support Coordination,KETRAND PTY LTD,78642061121,private_company,Not publicly available,"Assist Access/Maintain Employ; Assist-Life Stage, Transition; Assist-Personal Activities; Assist-Travel/Transport; Development-Life Skills; Household Tasks; Innov Community Participation; Participate Community; Support Coordination",Darwin,"COCONUT GROVE, NT, 0810, AU",Not publicly available,https://www.topendsupportcoordination.com,Not publicly available,Not publicly available,Not publicly available,,,Not publicly available,,yes,"Approved NDIS registration groups: Assist Access/Maintain Employ; Assist-Life Stage, Transition; Assist-Personal Activities; Assist-Travel/Transport; Development-Life Skills; Household Tasks; Innov Community Participation; Participate Community; Support Coordination",yes,blocked,Medium,https://www.ndiscommission.gov.au/provider-registration/find-registered-provider,2026-09-29
83639047662,Territory Health and Support PTY LTD,Territory Health and Support PTY LTD,TERRITORY HEALTH AND SUPPORT PTY LTD,83639047662,private_company,"Territory Health & Support is a National Disability Insurance Scheme (NDIS) registered provider that aims at providing a person centered, flexible and","Accommodation/Tenancy; Assist Access/Maintain Employ; Assist Personal Activities High; Assist-Life Stage, Transition; Assist-Personal Activities; Daily Tasks/Shared Living; Development-Life Skills; Group/Centre Activities; Household Tasks; Participate Community; Spec Support Employ; Support Coordination; Supported Independent Living",Darwin,"Territory Health and Support PTY LTD, Unit 4, 8 Totem Road, COCONUT GROVE, NT, 0810, AU",0430 600 847,https://thsnt.com.au/,info@thsnt.com.au,Not publicly available,Not publicly available,,,Not publicly available,,yes,"Approved NDIS registration groups: Accommodation/Tenancy; Assist Access/Maintain Employ; Assist Personal Activities High; Assist-Life Stage, Transition; Assist-Personal Activities; Daily Tasks/Shared Living; Development-Life Skills; Group/Centre Activities; Household Tasks; Participate Community; Spec Support Employ; Support Coordination; Supported Independent Living",yes,ok,High,https://www.ndiscommission.gov.au/provider-registration/find-registered-provider | https://thsnt.com.au/,2026-09-29
50626343468,TOP END ALLIED HEALTH SERVICES PTY LTD,TOP END ALLIED HEALTH SERVICES PTY LTD,TOP END ALLIED HEALTH SERVICES PTY LTD,50626343468,private_company,"] is a locally owned and operated NDIS registered provider with a range of services to support Australians living with disabilities to secure and enjoy the life they want. We support participants from 7-65 years who are diagnosed with mental health, cognitive impairment, and neurological conditions. Our diverse team strives to provide the highest quality services for our clients and community. We ","Assist-Life Stage, Transition; Assist-Personal Activities; Assist-Travel/Transport; Daily Tasks/Shared Living; Development-Life Skills; Group/Centre Activities; Household Tasks; Innov Community Participation; Participate Community; Support Coordination; Supported Independent Living; Therapeutic Supports",Palmerston,Top End Allied Health Services,0484 705 911,https://www.topendalliedhealth.com.au/,referrals@topendalliedhealth.com.au,Not publicly available,Not publicly available,,,Not publicly available,,yes,"Approved NDIS registration groups: Assist-Life Stage, Transition; Assist-Personal Activities; Assist-Travel/Transport; Daily Tasks/Shared Living; Development-Life Skills; Group/Centre Activities; Household Tasks; Innov Community Participation; Participate Community; Support Coordination; Supported Independent Living; Therapeutic Supports",yes,ok,High,https://www.ndiscommission.gov.au/provider-registration/find-registered-provider | https://www.topendalliedhealth.com.au/,2026-09-29
87647494371,TOUCHING LIVES COMMUNITY SERVICES,TOUCHING LIVES COMMUNITY SERVICES,TOUCHING LIVES COMMUNITY SERVICES PTY LTD,87647494371,private_company,"At Touching Lives Community Services, we are dedicated to transforming the lives of individuals with disabilities through compassion, respect, and professional care. Our belief, “We Touch Lives Differently,” encapsulates our dedication to providing personalised, high-quality support that empowers individuals and their families to lead fulfilling lives.","Accommodation/Tenancy; Assist Personal Activities High; Assist-Life Stage, Transition; Assist-Personal Activities; Assist-Travel/Transport; Daily Tasks/Shared Living; Development-Life Skills; Household Tasks; Innov Community Participation; Participate Community; Support Coordination; Supported Independent Living","Darwin, Palmerston","Zuccoli House, AU",+610483874808,https://touchinglivescommunityservices.com.au/,Not publicly available,Not publicly available,Not publicly available,,,Not publicly available,,yes,"Approved NDIS registration groups: Accommodation/Tenancy; Assist Personal Activities High; Assist-Life Stage, Transition; Assist-Personal Activities; Assist-Travel/Transport; Daily Tasks/Shared Living; Development-Life Skills; Household Tasks; Innov Community Participation; Participate Community; Support Coordination; Supported Independent Living",yes,ok,Medium,https://www.ndiscommission.gov.au/provider-registration/find-registered-provider | https://touchinglivescommunityservices.com.au/,2026-09-29
51677826738,TRACKS Care,TRACKS Care,Tracks Care Pty Ltd,51677826738,private_company,Not publicly available,"Assist Access/Maintain Employ; Assist-Life Stage, Transition; Assist-Personal Activities; Assist-Travel/Transport; Daily Tasks/Shared Living; Development-Life Skills; Group/Centre Activities; Household Tasks; Innov Community Participation; Participate Community; Spec Support Employ; Supported Independent Living",Darwin,"Darwin Head Office, Unit 2, 18 Bishop Street, WOOLNER, NT, 0820, AU",+610497356574,https://www.trackscare.com.au/,Not publicly available,Not publicly available,Not publicly available,,,Not publicly available,,yes,"Approved NDIS registration groups: Assist Access/Maintain Employ; Assist-Life Stage, Transition; Assist-Personal Activities; Assist-Travel/Transport; Daily Tasks/Shared Living; Development-Life Skills; Group/Centre Activities; Household Tasks; Innov Community Participation; Participate Community; Spec Support Employ; Supported Independent Living",yes,ok,Medium,https://www.ndiscommission.gov.au/provider-registration/find-registered-provider | https://www.trackscare.com.au/,2026-09-29
23644676040,TRINITY SCOPE AND SUPPORTS,TRINITY SCOPE AND SUPPORTS,Trinity Scope and Support Services Pty Ltd,23644676040,private_company,Not publicly available,"Assist-Life Stage, Transition; Assist-Personal Activities; Assist-Travel/Transport; Daily Tasks/Shared Living; Development-Life Skills; Group/Centre Activities; Household Tasks; Innov Community Participation; Participate Community; Supported Independent Living",Palmerston,"Territory Care, 42 Duwun Road, ROSEBERY, NT, 0832, AU",+610466403056,Not publicly available,Not publicly available,Not publicly available,Not publicly available,,,Not publicly available,,yes,"Approved NDIS registration groups: Assist-Life Stage, Transition; Assist-Personal Activities; Assist-Travel/Transport; Daily Tasks/Shared Living; Development-Life Skills; Group/Centre Activities; Household Tasks; Innov Community Participation; Participate Community; Supported Independent Living",yes,no official website,Medium,https://www.ndiscommission.gov.au/provider-registration/find-registered-provider,2026-09-29
53651155332,TRIO SUPPORT,TRIO SUPPORT,BDS SUPPORT PTY LTD,53651155332,private_company,Not publicly available,Assist Personal Activities High; Assist-Personal Activities; Assist-Travel/Transport; Community Nursing Care; Daily Tasks/Shared Living; Development-Life Skills; Group/Centre Activities; Household Tasks; Participate Community; Supported Independent Living,Other NT,"LYONS, NT, 0810, AU",Not publicly available,Not publicly available,Not publicly available,Not publicly available,Not publicly available,,,Not publicly available,,yes,Approved NDIS registration groups: Assist Personal Activities High; Assist-Personal Activities; Assist-Travel/Transport; Community Nursing Care; Daily Tasks/Shared Living; Development-Life Skills; Group/Centre Activities; Household Tasks; Participate Community; Supported Independent Living,yes,no official website,Medium,https://www.ndiscommission.gov.au/provider-registration/find-registered-provider,2026-09-29
80641064020,TOWARDS THE HORIZON PTY LTD,TOWARDS THE HORIZON PTY LTD,Towards the Horizon Pty Ltd,80641064020,private_company,"Towards the Horizon offers professional Behaviour Support and community services in the Northern Territory, supporting individuals and families across the Australian community.",Behaviour Support; Therapeutic Supports,Darwin,"TOWARDS THE HORIZON, Apartment 20 Cliffside, 82 Nightcliff Road, RAPID CREEK, NT, 0810, AU",+61 448 724 591,https://towardsthehorizon.com.au/,enquiries@towardsthehorizon.com.au,Not publicly available,Not publicly available,,,Not publicly available,,yes,Approved NDIS registration groups: Behaviour Support; Therapeutic Supports,yes,ok,High,https://www.ndiscommission.gov.au/provider-registration/find-registered-provider | https://towardsthehorizon.com.au/,2026-09-29
63643476279,TOP CARE COMMUNITY SERVICES PTY LTD,TOP CARE COMMUNITY SERVICES PTY LTD,TOP CARE COMMUNITY SERVICES PTY LTD,63643476279,private_company,"Top Care Community Services Pty Ltd (TCCS) is a registered NDIS provider based in the Northern Territory. We provide support to NDIS participants of all ages and abilities in developing skills, creating opportunities, promoting independence and progressing in a safe and non-discriminative environment. We are committed to delivering exceptional services to meet the participants individualised suppo","Assist Access/Maintain Employ; Assist-Life Stage, Transition; Assist-Personal Activities; Assist-Travel/Transport; Daily Tasks/Shared Living; Development-Life Skills; Group/Centre Activities; Household Tasks; Innov Community Participation; Participate Community; Support Coordination; Supported Independent Living; Therapeutic Supports","Palmerston, Alice Springs",Top Care Community Services - Alice Springs,0458 734 616,https://topcarecs.com.au/,admin@topcarecs.com.au,Not publicly available,Not publicly available,,,Not publicly available,,yes,"Approved NDIS registration groups: Assist Access/Maintain Employ; Assist-Life Stage, Transition; Assist-Personal Activities; Assist-Travel/Transport; Daily Tasks/Shared Living; Development-Life Skills; Group/Centre Activities; Household Tasks; Innov Community Participation; Participate Community; Support Coordination; Supported Independent Living; Therapeutic Supports",yes,ok,High,https://www.ndiscommission.gov.au/provider-registration/find-registered-provider | https://topcarecs.com.au/,2026-09-29
37647513586,TRAUMA INFORMED CARE,TRAUMA INFORMED CARE,BAFRJOMA HEALTH PTY LTD,37647513586,private_company,Not publicly available,"Accommodation/Tenancy; Assist Personal Activities High; Assist-Life Stage, Transition; Assist-Personal Activities; Assist-Travel/Transport; Community Nursing Care; Daily Tasks/Shared Living; Development-Life Skills; Group/Centre Activities; Household Tasks; Innov Community Participation; Participate Community; Plan Management; Supported Independent Living",Darwin,TRAUMA INFORMED CARE,+610477703109,https://www.traumainformedsupports.com.au,Not publicly available,Not publicly available,Not publicly available,,,Not publicly available,,yes,"Approved NDIS registration groups: Accommodation/Tenancy; Assist Personal Activities High; Assist-Life Stage, Transition; Assist-Personal Activities; Assist-Travel/Transport; Community Nursing Care; Daily Tasks/Shared Living; Development-Life Skills; Group/Centre Activities; Household Tasks; Innov Community Participation; Participate Community; Plan Management; Supported Independent Living",yes,"error:HTTPSConnectionPool(host='www.traumainformedsupports.com.au', port=443): Max retries exceeded with url: / (Caused by SSLError(SSLCertVerificationError(1, ""[SSL: CERTIFICATE_VERIFY_FAILED] certificate verify failed: Hostname mismatch, certificate is not valid for 'www.traumainformedsupports.com.au'. (_ssl.c:1000)"")))",Medium,https://www.ndiscommission.gov.au/provider-registration/find-registered-provider,2026-09-29
19667608380,STRIVE WITH CARE PTY LTD,STRIVE WITH CARE PTY LTD,Strive with Care Pty Ltd,19667608380,private_company,Not publicly available,"Assist Personal Activities High; Assist-Life Stage, Transition; Assist-Personal Activities; Assist-Travel/Transport; Community Nursing Care; Daily Tasks/Shared Living; Development-Life Skills; Group/Centre Activities; Household Tasks; Innov Community Participation; Participate Community; Support Coordination; Supported Independent Living",Palmerston,"STRIVE WITH CARE PTY LTD-NORTHERN TERRITORY, Apartment 9, 118 Forrest Parade, ROSEBERY, NT, 0832, AU",+610402175348,https://strivewithcare.com.au,Not publicly available,Not publicly available,Not publicly available,,,Not publicly available,,yes,"Approved NDIS registration groups: Assist Personal Activities High; Assist-Life Stage, Transition; Assist-Personal Activities; Assist-Travel/Transport; Community Nursing Care; Daily Tasks/Shared Living; Development-Life Skills; Group/Centre Activities; Household Tasks; Innov Community Participation; Participate Community; Support Coordination; Supported Independent Living",yes,"error:HTTPSConnectionPool(host='strivewithcare.com.au', port=443): Read timed out. (read timeout=20)",Medium,https://www.ndiscommission.gov.au/provider-registration/find-registered-provider,2026-09-29
71671669122,Unique Care and Support Services,Unique Care and Support Services,Unique Care and Support Services Pty Ltd,71671669122,private_company,Not publicly available,"Assist Access/Maintain Employ; Assist-Life Stage, Transition; Assist-Personal Activities; Assist-Travel/Transport; Daily Tasks/Shared Living; Development-Life Skills; Group/Centre Activities; Household Tasks; Innov Community Participation; Participate Community; Supported Independent Living",Darwin,"Mobile, AU",+610421596955,Not publicly available,Not publicly available,Not publicly available,Not publicly available,,,Not publicly available,,yes,"Approved NDIS registration groups: Assist Access/Maintain Employ; Assist-Life Stage, Transition; Assist-Personal Activities; Assist-Travel/Transport; Daily Tasks/Shared Living; Development-Life Skills; Group/Centre Activities; Household Tasks; Innov Community Participation; Participate Community; Supported Independent Living",yes,no official website,Medium,https://www.ndiscommission.gov.au/provider-registration/find-registered-provider,2026-09-29
97631869942,TRUELINK COMMUNITY SERVICES PTY LTD,TRUELINK COMMUNITY SERVICES PTY LTD,TRUELINK COMMUNITY SERVICES PTY LTD,97631869942,private_company,"Don’t hesitate, contact us for better help and services. Don’t hesitate, contact us for better help and services.","Accommodation/Tenancy; Assist Access/Maintain Employ; Assist Personal Activities High; Assist-Life Stage, Transition; Assist-Personal Activities; Assist-Travel/Transport; Community Nursing Care; Daily Tasks/Shared Living; Development-Life Skills; Group/Centre Activities; Household Tasks; Innov Community Participation; Participate Community; Specialised Disability Accommodation; Support Coordination; Supported Independent Living",Palmerston,"Damascene Crescent , Bellamack- SIL",+610436527156,https://truelinkcommunityservices.com.au/,admin@tlcsnt.com.au,Not publicly available,Not publicly available,,,Not publicly available,,yes,"Approved NDIS registration groups: Accommodation/Tenancy; Assist Access/Maintain Employ; Assist Personal Activities High; Assist-Life Stage, Transition; Assist-Personal Activities; Assist-Travel/Transport; Community Nursing Care; Daily Tasks/Shared Living; Development-Life Skills; Group/Centre Activities; Household Tasks; Innov Community Participation; Participate Community; Specialised Disability Accommodation; Support Coordination; Supported Independent Living",yes,ok,High,https://www.ndiscommission.gov.au/provider-registration/find-registered-provider | https://truelinkcommunityservices.com.au/,2026-09-29
22097510926,Unidex Healthcare Recruitment,Unidex Healthcare Recruitment,UNIDEX CONSULTING PTY LTD,22097510926,private_company,Not publicly available,"Assist Personal Activities High; Assist-Life Stage, Transition; Assist-Personal Activities; Assist-Travel/Transport; Community Nursing Care; Daily Tasks/Shared Living; Development-Life Skills; Ex Phys Pers Training; Group/Centre Activities; Household Tasks; Innov Community Participation; Participate Community; Plan Management; Supported Independent Living",Darwin,"Unidex Healthcare - Darwin, 25 Parap Road, PARAP, NT, 0820, AU",+610415922628,https://www.unidexhealthcare.com.au,Not publicly available,Not publicly available,Not publicly available,,,Not publicly available,,yes,"Approved NDIS registration groups: Assist Personal Activities High; Assist-Life Stage, Transition; Assist-Personal Activities; Assist-Travel/Transport; Community Nursing Care; Daily Tasks/Shared Living; Development-Life Skills; Ex Phys Pers Training; Group/Centre Activities; Household Tasks; Innov Community Participation; Participate Community; Plan Management; Supported Independent Living",yes,error:HTTP 526,Medium,https://www.ndiscommission.gov.au/provider-registration/find-registered-provider,2026-09-29
13661557642,UNITY IN DIVERSITY SERVICES PTY LTD,UNITY IN DIVERSITY SERVICES PTY LTD,Unity in Diversity Services Pty Ltd,13661557642,private_company,Not publicly available,"Assist Access/Maintain Employ; Assist Personal Activities High; Assist-Life Stage, Transition; Assist-Personal Activities; Assist-Travel/Transport; Community Nursing Care; Daily Tasks/Shared Living; Development-Life Skills; Group/Centre Activities; Household Tasks; Innov Community Participation; Participate Community; Spec Support Employ; Specialised Disability Accommodation; Support Coordination; Supported Independent Living",Darwin,UNITY IN DIVERSITY SERVICES PTY LTD,Not publicly available,Not publicly available,Not publicly available,Not publicly available,Not publicly available,,,Not publicly available,,yes,"Approved NDIS registration groups: Assist Access/Maintain Employ; Assist Personal Activities High; Assist-Life Stage, Transition; Assist-Personal Activities; Assist-Travel/Transport; Community Nursing Care; Daily Tasks/Shared Living; Development-Life Skills; Group/Centre Activities; Household Tasks; Innov Community Participation; Participate Community; Spec Support Employ; Specialised Disability Accommodation; Support Coordination; Supported Independent Living",yes,no official website,Medium,https://www.ndiscommission.gov.au/provider-registration/find-registered-provider,2026-09-29
39694132271,UNLIMITED COMMUNITY CARE SERVICES PTY LTD,UNLIMITED COMMUNITY CARE SERVICES PTY LTD,Unlimited Community Care Services Pty Ltd,39694132271,private_company,Not publicly available,"Accommodation/Tenancy; Assist Access/Maintain Employ; Assist-Life Stage, Transition; Assist-Personal Activities; Assist-Travel/Transport; Daily Tasks/Shared Living; Development-Life Skills; Early Childhood Supports; Group/Centre Activities; Household Tasks; Innov Community Participation; Participate Community; Spec Support Employ; Support Coordination; Therapeutic Supports",Darwin,"UNLIMITED COMMUNITY CARE SERVICES PTY LTD, AU",+610415041241,Not publicly available,Not publicly available,Not publicly available,Not publicly available,,,Not publicly available,,yes,"Approved NDIS registration groups: Accommodation/Tenancy; Assist Access/Maintain Employ; Assist-Life Stage, Transition; Assist-Personal Activities; Assist-Travel/Transport; Daily Tasks/Shared Living; Development-Life Skills; Early Childhood Supports; Group/Centre Activities; Household Tasks; Innov Community Participation; Participate Community; Spec Support Employ; Support Coordination; Therapeutic Supports",yes,no official website,Medium,https://www.ndiscommission.gov.au/provider-registration/find-registered-provider,2026-09-29
12673540335,Trusted Community Support Pty Ltd,Trusted Community Support Pty Ltd,Territory Care Services Pty Ltd,12673540335,private_company,Not publicly available,Assist Access/Maintain Employ; Assist-Personal Activities; Assist-Travel/Transport; Daily Tasks/Shared Living; Development-Life Skills; Group/Centre Activities; Household Tasks; Innov Community Participation; Participate Community; Supported Independent Living,Palmerston,Mobile,+610484128529,https://www.tcscare.com.au/cgi-sys/suspendedpage.cgi,Not publicly available,Not publicly available,Not publicly available,,,Not publicly available,,yes,Approved NDIS registration groups: Assist Access/Maintain Employ; Assist-Personal Activities; Assist-Travel/Transport; Daily Tasks/Shared Living; Development-Life Skills; Group/Centre Activities; Household Tasks; Innov Community Participation; Participate Community; Supported Independent Living,yes,ok,Medium,https://www.ndiscommission.gov.au/provider-registration/find-registered-provider | https://www.tcscare.com.au/cgi-sys/suspendedpage.cgi,2026-09-29
70656500668,VALUES AND BELIEFS PTY LTD,VALUES AND BELIEFS PTY LTD,Values and Beliefs Pty Ltd,70656500668,private_company,Not publicly available,"Assist Access/Maintain Employ; Assist Personal Activities High; Assist-Life Stage, Transition; Assist-Personal Activities; Assist-Travel/Transport; Community Nursing Care; Daily Tasks/Shared Living; Development-Life Skills; Group/Centre Activities; Household Tasks; Participate Community; Supported Independent Living",Katherine,VALUES AND BELIEFS PTY LTD,Not publicly available,Not publicly available,Not publicly available,Not publicly available,Not publicly available,,,Not publicly available,,yes,"Approved NDIS registration groups: Assist Access/Maintain Employ; Assist Personal Activities High; Assist-Life Stage, Transition; Assist-Personal Activities; Assist-Travel/Transport; Community Nursing Care; Daily Tasks/Shared Living; Development-Life Skills; Group/Centre Activities; Household Tasks; Participate Community; Supported Independent Living",yes,no official website,Medium,https://www.ndiscommission.gov.au/provider-registration/find-registered-provider,2026-09-29
20670532457,UNITED COMMUNITY PTY LTD,UNITED COMMUNITY PTY LTD,United Community Pty Ltd,20670532457,private_company,Not publicly available,"Assist-Life Stage, Transition; Assist-Personal Activities; Assist-Travel/Transport; Daily Tasks/Shared Living; Development-Life Skills; Group/Centre Activities; Household Tasks; Innov Community Participation; Participate Community; Supported Independent Living; Therapeutic Supports",Alice Springs,"United Community Pty Ltd, AU",+610431755979,https://ucadelaide.com,Not publicly available,Not publicly available,Not publicly available,,,Not publicly available,,yes,"Approved NDIS registration groups: Assist-Life Stage, Transition; Assist-Personal Activities; Assist-Travel/Transport; Daily Tasks/Shared Living; Development-Life Skills; Group/Centre Activities; Household Tasks; Innov Community Participation; Participate Community; Supported Independent Living; Therapeutic Supports",yes,"error:HTTPSConnectionPool(host='ucadelaide.com', port=443): Max retries exceeded with url: / (Caused by NameResolutionError(""HTTPSConnection(host='ucadelaide.com', port=443): Failed to resolve 'ucadelaide.com' ([Errno -2] Name or service not known)""))",Medium,https://www.ndiscommission.gov.au/provider-registration/find-registered-provider,2026-09-29
92668108003,VALUE CARE COMMUNITY SUPPORT SERVICES PTY LTD.,VALUE CARE COMMUNITY SUPPORT SERVICES PTY LTD.,Value Care Community Support Services Pty Ltd.,92668108003,private_company,Not publicly available,"Assist Access/Maintain Employ; Assist Personal Activities High; Assist-Life Stage, Transition; Assist-Personal Activities; Assist-Travel/Transport; Community Nursing Care; Daily Tasks/Shared Living; Development-Life Skills; Group/Centre Activities; Household Tasks; Innov Community Participation; Participate Community; Support Coordination; Supported Independent Living",Other NT,"Value Care Community Support Services Pty Ltd, AU",+610479142996,https://valuecarecommunitysupportservices.com.au/,Not publicly available,Not publicly available,Not publicly available,,,Not publicly available,,yes,"Approved NDIS registration groups: Assist Access/Maintain Employ; Assist Personal Activities High; Assist-Life Stage, Transition; Assist-Personal Activities; Assist-Travel/Transport; Community Nursing Care; Daily Tasks/Shared Living; Development-Life Skills; Group/Centre Activities; Household Tasks; Innov Community Participation; Participate Community; Support Coordination; Supported Independent Living",yes,ok,Medium,https://www.ndiscommission.gov.au/provider-registration/find-registered-provider | https://valuecarecommunitysupportservices.com.au/,2026-09-29
16630970419,Veritable Pty. Ltd.,Veritable Pty. Ltd.,Veritable Pty. Ltd.,16630970419,private_company,Veritable is a social work and behaviour support service based in Mparntwe (Alice Springs) on Arrernte country. We provide specialist services to people with complex needs.,"Assist-Life Stage, Transition; Behaviour Support; Support Coordination; Therapeutic Supports","Darwin, Alice Springs","Veritable - Central Australia, 10 Hele Crescent, CICCONE, NT, 0870, AU",+610439118283,https://veritable.com.au/,Not publicly available,https://www.linkedin.com/company/veritableptyltd,Not publicly available,,,Not publicly available,,yes,"Approved NDIS registration groups: Assist-Life Stage, Transition; Behaviour Support; Support Coordination; Therapeutic Supports",yes,ok,High,https://www.ndiscommission.gov.au/provider-registration/find-registered-provider | https://veritable.com.au/,2026-09-29
43946985177,Vitality Health and Rehab Pty Ltd,Vitality Health and Rehab Pty Ltd,The Trustee for The M Kastelein Trust,43946985177,private_company,"“The team at Vitality Health & Rehab will transform your life. Regardless of age or level of fitness. Provided you are willing to give it a go... Prior to training here I had done very minimal exercise. Due to regular achievable progressions I am now stronger, fitter, leaner and more in control of my health.” with chronic health conditions or injuries. Servicing individuals funded by Department of",Ex Phys Pers Training,Darwin,"COCONUT GROVE, NT, 0810, AU",0477 193 541,https://www.vitalityhealthrehab.com.au/,admin@vitalityhealthrehab.com.au,Not publicly available,Not publicly available,,,Not publicly available,,yes,Approved NDIS registration groups: Ex Phys Pers Training,yes,ok,High,https://www.ndiscommission.gov.au/provider-registration/find-registered-provider | https://www.vitalityhealthrehab.com.au/,2026-09-29
54668738109,Walk By Faith Pathways,Walk By Faith Pathways,Northern Silk Road Pty Ltd,54668738109,private_company,Not publicly available,"Accommodation/Tenancy; Assist Access/Maintain Employ; Assist-Life Stage, Transition; Assist-Personal Activities; Assist-Travel/Transport; Daily Tasks/Shared Living; Development-Life Skills; Group/Centre Activities; Household Tasks; Innov Community Participation; Participate Community; Spec Support Employ; Supported Independent Living",Other NT,Walk By Faith Pathways,+610469422969,Not publicly available,Not publicly available,Not publicly available,Not publicly available,,,Not publicly available,,yes,"Approved NDIS registration groups: Accommodation/Tenancy; Assist Access/Maintain Employ; Assist-Life Stage, Transition; Assist-Personal Activities; Assist-Travel/Transport; Daily Tasks/Shared Living; Development-Life Skills; Group/Centre Activities; Household Tasks; Innov Community Participation; Participate Community; Spec Support Employ; Supported Independent Living",yes,no official website,Medium,https://www.ndiscommission.gov.au/provider-registration/find-registered-provider,2026-09-29
42683740427,WE CARE APPROACHES,WE CARE APPROACHES,Attoumissa Maillis Pty Ltd,42683740427,private_company,Not publicly available,"Assist-Life Stage, Transition; Assist-Personal Activities; Assist-Travel/Transport; Daily Tasks/Shared Living; Development-Life Skills; Group/Centre Activities; Household Tasks; Participate Community; Supported Independent Living",Other NT,"Attoumissa Maillis Pty Ltd, AU",+610424646387,Not publicly available,Not publicly available,Not publicly available,Not publicly available,,,Not publicly available,,yes,"Approved NDIS registration groups: Assist-Life Stage, Transition; Assist-Personal Activities; Assist-Travel/Transport; Daily Tasks/Shared Living; Development-Life Skills; Group/Centre Activities; Household Tasks; Participate Community; Supported Independent Living",yes,no official website,Medium,https://www.ndiscommission.gov.au/provider-registration/find-registered-provider,2026-09-29
15639893477,UNITED NT DISABILITY SERVICES PTY LTD,UNITED NT DISABILITY SERVICES PTY LTD,UNITED NT DISABILITY SERVICES PTY LTD,15639893477,private_company,"Discover personalized disability services with United NT Disability Services. We offer comprehensive care, tailored assistance, and empowering solutions for individuals with disabilities.","Assist Personal Activities High; Assist-Life Stage, Transition; Assist-Personal Activities; Assist-Travel/Transport; Daily Tasks/Shared Living; Development-Life Skills; Household Tasks; Participate Community; Supported Independent Living","Darwin, Palmerston","3/13 Hobart Cresent-Johnston, Apartment 3, 13 Hobart Crescent, JOHNSTON, NT, 0832, AU",1800 000 230,https://unitedntds.com.au/,admin@unitedntds.com.au,Not publicly available,Not publicly available,,,Not publicly available,,yes,"Approved NDIS registration groups: Assist Personal Activities High; Assist-Life Stage, Transition; Assist-Personal Activities; Assist-Travel/Transport; Daily Tasks/Shared Living; Development-Life Skills; Household Tasks; Participate Community; Supported Independent Living",yes,ok,High,https://www.ndiscommission.gov.au/provider-registration/find-registered-provider | https://unitedntds.com.au/,2026-09-29
62680503799,WE CARE FOR YOU DISABILITY SERVICES PTY LTD,WE CARE FOR YOU DISABILITY SERVICES PTY LTD,We Care for You Disability Services Pty Ltd,62680503799,private_company,Not publicly available,"Assist Personal Activities High; Assist-Life Stage, Transition; Assist-Personal Activities; Community Nursing Care; Daily Tasks/Shared Living; Development-Life Skills; Group/Centre Activities; Household Tasks; Innov Community Participation; Participate Community; Specialised Disability Accommodation; Support Coordination; Supported Independent Living",Tennant Creek,WE CARE FOR YOU DISABILITY SERVICES,Not publicly available,https://wecareforyou.org.au/,Not publicly available,Not publicly available,Not publicly available,,,Not publicly available,,yes,"Approved NDIS registration groups: Assist Personal Activities High; Assist-Life Stage, Transition; Assist-Personal Activities; Community Nursing Care; Daily Tasks/Shared Living; Development-Life Skills; Group/Centre Activities; Household Tasks; Innov Community Participation; Participate Community; Specialised Disability Accommodation; Support Coordination; Supported Independent Living",yes,blocked,Medium,https://www.ndiscommission.gov.au/provider-registration/find-registered-provider,2026-09-29
55618450856,WEALTHMAX TAX ACCOUNTANTS PTY LTD,WEALTHMAX TAX ACCOUNTANTS PTY LTD,Wealthmax Tax Accountants Pty Ltd,55618450856,private_company,Not publicly available,Plan Management,Darwin,Wealthmax Tax Accountants,+610889481153,https://www.wealthmaxgroup.com.au,Not publicly available,Not publicly available,Not publicly available,,,Not publicly available,,yes,Approved NDIS registration groups: Plan Management,yes,blocked,Medium,https://www.ndiscommission.gov.au/provider-registration/find-registered-provider,2026-09-29
28642331959,VITAL TIME CARE PTY LTD,VITAL TIME CARE PTY LTD,VITAL TIME CARE PTY LTD,28642331959,private_company,"Makes The Rest Of Your Life Have a Happy Memory with Us Vital Time Care can help you gain independence from your home and community, no matter what your goals are. View Services Watch Video Expert TeamFriendly & Professional Caring StaffExpert Caring Staff That Understands You 24/7 SupportAlways Ready to Support About Vital Time Care","Accommodation/Tenancy; Assist Access/Maintain Employ; Assist Personal Activities High; Assist-Life Stage, Transition; Assist-Personal Activities; Assist-Travel/Transport; Community Nursing Care; Daily Tasks/Shared Living; Development-Life Skills; Group/Centre Activities; Household Tasks; Innov Community Participation; Participate Community; Supported Independent Living",Palmerston,"PALMERSTON CITY, NT, 0830, AU",0417 217 012,https://vitaltimecare.com.au/,contact@domain.com,Not publicly available,Not publicly available,,,Not publicly available,,yes,"Approved NDIS registration groups: Accommodation/Tenancy; Assist Access/Maintain Employ; Assist Personal Activities High; Assist-Life Stage, Transition; Assist-Personal Activities; Assist-Travel/Transport; Community Nursing Care; Daily Tasks/Shared Living; Development-Life Skills; Group/Centre Activities; Household Tasks; Innov Community Participation; Participate Community; Supported Independent Living",yes,ok,High,https://www.ndiscommission.gov.au/provider-registration/find-registered-provider | https://vitaltimecare.com.au/,2026-09-29
30673746668,ULTIMATE CARE COMMUNITY SERVICES PTY LTD,ULTIMATE CARE COMMUNITY SERVICES PTY LTD,Ultimate Care Community Services Pty Ltd,30673746668,private_company,"We are committed to providing exceptional care and support services that empower individuals with disabilities to live fulfilling lives. With a person-centered approach, we strive to create a supportive and inclusive environment where every person can thrive. Our team of highly trained professionals is passionate about making a positive difference in the lives of our clients, ensuring their well-b","Accommodation/Tenancy; Assist Access/Maintain Employ; Assist-Life Stage, Transition; Assist-Personal Activities; Assist-Travel/Transport; Community Nursing Care; Daily Tasks/Shared Living; Development-Life Skills; Group/Centre Activities; Household Tasks; Innov Community Participation; Participate Community; Plan Management; Support Coordination; Supported Independent Living",Other NT,Main Office,+610461524954,https://ultimatecarent.com.au/,admin@ultimatecarent.com.au,Not publicly available,Not publicly available,,,Not publicly available,,yes,"Approved NDIS registration groups: Accommodation/Tenancy; Assist Access/Maintain Employ; Assist-Life Stage, Transition; Assist-Personal Activities; Assist-Travel/Transport; Community Nursing Care; Daily Tasks/Shared Living; Development-Life Skills; Group/Centre Activities; Household Tasks; Innov Community Participation; Participate Community; Plan Management; Support Coordination; Supported Independent Living",yes,ok,High,https://www.ndiscommission.gov.au/provider-registration/find-registered-provider | https://ultimatecarent.com.au/,2026-09-29
67682375748,WERISE SUPPORT PTY LTD,WERISE SUPPORT PTY LTD,Werise Support Pty Ltd,67682375748,private_company,Not publicly available,"Assist Personal Activities High; Assist-Life Stage, Transition; Assist-Personal Activities; Assist-Travel/Transport; Community Nursing Care; Daily Tasks/Shared Living; Development-Life Skills; Group/Centre Activities; Household Tasks; Participate Community; Supported Independent Living",Darwin,WeRise Support Pty Ltd,+610432298248,Not publicly available,Not publicly available,Not publicly available,Not publicly available,,,Not publicly available,,yes,"Approved NDIS registration groups: Assist Personal Activities High; Assist-Life Stage, Transition; Assist-Personal Activities; Assist-Travel/Transport; Community Nursing Care; Daily Tasks/Shared Living; Development-Life Skills; Group/Centre Activities; Household Tasks; Participate Community; Supported Independent Living",yes,no official website,Medium,https://www.ndiscommission.gov.au/provider-registration/find-registered-provider,2026-09-29
66665631354,WA South West Plan Managers,WA South West Plan Managers,WA Plan Management Pty Ltd,66665631354,private_company,"Expert NDIS Plan Management in South West WA. Our dedicated team offers personalised, efficient plan management services to individuals with disabilities.",Plan Management,Other NT,"Northern Territory, 32 Harvey Street, COLLIE, WA, 6225, AU",08 6182 1781,https://swplanmanagers.com.au/,info@swplanmanagers.com.au,Not publicly available,Not publicly available,,,Not publicly available,,yes,Approved NDIS registration groups: Plan Management,yes,ok,High,https://www.ndiscommission.gov.au/provider-registration/find-registered-provider | https://swplanmanagers.com.au/,2026-09-29
51683661903,WELFARE CONNECTIONS AUSTRALIA PTY LTD,WELFARE CONNECTIONS AUSTRALIA PTY LTD,Welfare Connections Australia Pty Ltd,51683661903,private_company,Not publicly available,Assist-Personal Activities; Assist-Travel/Transport; Daily Tasks/Shared Living; Development-Life Skills; Group/Centre Activities; Household Tasks; Participate Community; Supported Independent Living,Other NT,Welfare Connections Australia Pty Ltd,+610422984322,https://www.welfareconnections.com.au/,Not publicly available,Not publicly available,Not publicly available,,,Not publicly available,,yes,Approved NDIS registration groups: Assist-Personal Activities; Assist-Travel/Transport; Daily Tasks/Shared Living; Development-Life Skills; Group/Centre Activities; Household Tasks; Participate Community; Supported Independent Living,yes,ok,Medium,https://www.ndiscommission.gov.au/provider-registration/find-registered-provider | https://www.welfareconnections.com.au/,2026-09-29
26670981683,WINGS COMMUNITY SERVICES PTY LTD,WINGS COMMUNITY SERVICES PTY LTD,Wings Community Services Pty Ltd,26670981683,private_company,"Wings Community Services is a registered NDIS provider in Australia offering Supported Independent Living (SIL in SDA Homes), Community & Social Participation, Assist Travel & Transport, and Household Tasks support. Empowering independence, dignity, and inclusion.","Assist Access/Maintain Employ; Assist Personal Activities High; Assist-Life Stage, Transition; Assist-Personal Activities; Assist-Travel/Transport; Daily Tasks/Shared Living; Development-Life Skills; Group/Centre Activities; Household Tasks; Innov Community Participation; Participate Community; Supported Independent Living",Other NT,"Wings Community Services, Unit 9, 111 Cromwell Drive, DESERT SPRINGS, NT, 0870, AU",+61 456 881 850,https://www.wingscommunityservices.com.au/,admin@wingscommunityservices.com.au,Not publicly available,Not publicly available,,,Not publicly available,,yes,"Approved NDIS registration groups: Assist Access/Maintain Employ; Assist Personal Activities High; Assist-Life Stage, Transition; Assist-Personal Activities; Assist-Travel/Transport; Daily Tasks/Shared Living; Development-Life Skills; Group/Centre Activities; Household Tasks; Innov Community Participation; Participate Community; Supported Independent Living",yes,ok,High,https://www.ndiscommission.gov.au/provider-registration/find-registered-provider | https://www.wingscommunityservices.com.au/,2026-09-29
39609413550,YOU ARE IMPORTANT PTY. LTD.,YOU ARE IMPORTANT PTY. LTD.,YOU ARE IMPORTANT PTY. LTD.,39609413550,private_company,Not publicly available,"Assist Personal Activities High; Assist-Life Stage, Transition; Assist-Personal Activities; Assist-Travel/Transport; Community Nursing Care; Daily Tasks/Shared Living; Group/Centre Activities; Household Tasks; Innov Community Participation; Participate Community; Specialised Disability Accommodation; Supported Independent Living",Palmerston,"WOODROFFE, NT, 0830, AU",Not publicly available,Not publicly available,Not publicly available,Not publicly available,Not publicly available,,,Not publicly available,,yes,"Approved NDIS registration groups: Assist Personal Activities High; Assist-Life Stage, Transition; Assist-Personal Activities; Assist-Travel/Transport; Community Nursing Care; Daily Tasks/Shared Living; Group/Centre Activities; Household Tasks; Innov Community Participation; Participate Community; Specialised Disability Accommodation; Supported Independent Living",yes,no official website,Medium,https://www.ndiscommission.gov.au/provider-registration/find-registered-provider,2026-09-29
58641913260,WEKARE DISABILITY SUPPORT GROUP PTY LTD.,WEKARE DISABILITY SUPPORT GROUP PTY LTD.,WEKARE DISABILITY SUPPORT GROUP PTY LTD.,58641913260,private_company,"Registered NDIS provider offering personalised disability support, SIL, respite, nursing, community access & support coordination across Victoria & WA. Call today","Assist Personal Activities High; Assist-Life Stage, Transition; Assist-Personal Activities; Assist-Travel/Transport; Behaviour Support; Community Nursing Care; Daily Tasks/Shared Living; Development-Life Skills; Early Childhood Supports; Group/Centre Activities; Household Tasks; Innov Community Participation; Participate Community; Plan Management; Spec Support Employ; Specialised Disability Accommodation; Support Coordination; Supported Independent Living; Therapeutic Supports",Alice Springs,"Wekare Disability Support Group Pty Ltd, 70 Todd Street, ALICE SPRINGS, NT, 0870, AU",+610435748227,https://wekaredisability.com.au/,info@wekaredisability.com.au,Not publicly available,Not publicly available,,,Not publicly available,,yes,"Approved NDIS registration groups: Assist Personal Activities High; Assist-Life Stage, Transition; Assist-Personal Activities; Assist-Travel/Transport; Behaviour Support; Community Nursing Care; Daily Tasks/Shared Living; Development-Life Skills; Early Childhood Supports; Group/Centre Activities; Household Tasks; Innov Community Participation; Participate Community; Plan Management; Spec Support Employ; Specialised Disability Accommodation; Support Coordination; Supported Independent Living; Therapeutic Supports",yes,ok,High,https://www.ndiscommission.gov.au/provider-registration/find-registered-provider | https://wekaredisability.com.au/,2026-09-29
21645574385,westlink cleaning pty ltd,westlink cleaning pty ltd,Westlink Cleaning Pty Ltd,21645574385,private_company,Westlink Cleaning Services is Top Rated cleaning Services company in Sydney NSW Australia for homes & businesses. Call now for a free quote!,Household Tasks,Darwin,Mobiler services,+61 416-187-900,https://westlinkservices.com.au/,info@westlinkservices.com.au,https://www.linkedin.com/company/westlink-services,Not publicly available,,,Not publicly available,,yes,Approved NDIS registration groups: Household Tasks,yes,ok,High,https://www.ndiscommission.gov.au/provider-registration/find-registered-provider | https://westlinkservices.com.au/,2026-09-29
22652695915,ZENITH LIVING PTY LTD,ZENITH LIVING PTY LTD,ZENITH LIVING PTY LTD,22652695915,private_company,Not publicly available,"Accommodation/Tenancy; Assist-Life Stage, Transition; Assist-Personal Activities; Assist-Travel/Transport; Daily Tasks/Shared Living; Development-Life Skills; Group/Centre Activities; Household Tasks; Innov Community Participation; Participate Community; Support Coordination; Supported Independent Living",Alice Springs,"BRAITLING, NT, 0870, AU",Not publicly available,Not publicly available,Not publicly available,Not publicly available,Not publicly available,,,Not publicly available,,yes,"Approved NDIS registration groups: Accommodation/Tenancy; Assist-Life Stage, Transition; Assist-Personal Activities; Assist-Travel/Transport; Daily Tasks/Shared Living; Development-Life Skills; Group/Centre Activities; Household Tasks; Innov Community Participation; Participate Community; Support Coordination; Supported Independent Living",yes,no official website,Medium,https://www.ndiscommission.gov.au/provider-registration/find-registered-provider,2026-09-29
97890960021,Xtremecare Australia Healthcare Service Pty Ltd,Xtremecare Australia Healthcare Service Pty Ltd,The trustee for TATIPATA FAMILY TRUST,97890960021,private_company,A change that lasts a life time,"Assist-Life Stage, Transition; Assist-Travel/Transport; Development-Life Skills; Plan Management; Therapeutic Supports",Other NT,"Xtremecare Australia Plan Management (NT), AU",07 5514 6500,https://xtremecareaustralia.com.au/,admin@xtremecare.com.au,Not publicly available,Not publicly available,,,Not publicly available,,yes,"Approved NDIS registration groups: Assist-Life Stage, Transition; Assist-Travel/Transport; Development-Life Skills; Plan Management; Therapeutic Supports",yes,ok,High,https://www.ndiscommission.gov.au/provider-registration/find-registered-provider | https://xtremecareaustralia.com.au/,2026-09-29
89897155264,ASF CARE AND SUPPORT SERVICES,ASF CARE AND SUPPORT SERVICES,"Fuyana, Aminandaba",89897155264,sole_trader,Not publicly available,"Assist-Life Stage, Transition; Assist-Personal Activities; Assist-Travel/Transport; Daily Tasks/Shared Living; Development-Life Skills; Group/Centre Activities; Household Tasks; Innov Community Participation; Participate Community; Supported Independent Living",Katherine,ASF CARE AND SUPPORT SERVICES,Not publicly available,Not publicly available,Not publicly available,Not publicly available,Not publicly available,,,Not publicly available,,yes,"Approved NDIS registration groups: Assist-Life Stage, Transition; Assist-Personal Activities; Assist-Travel/Transport; Daily Tasks/Shared Living; Development-Life Skills; Group/Centre Activities; Household Tasks; Innov Community Participation; Participate Community; Supported Independent Living",yes,no official website,Medium,https://www.ndiscommission.gov.au/provider-registration/find-registered-provider,2026-09-29
49887648104,Blue Sky Therapies,Blue Sky Therapies,"KOKINOS, MICHAEL",49887648104,sole_trader,Not publicly available,Therapeutic Supports,Katherine,Blue Sky Therapies,+610889711231,Not publicly available,Not publicly available,Not publicly available,Not publicly available,,,Not publicly available,,yes,Approved NDIS registration groups: Therapeutic Supports,yes,no official website,Medium,https://www.ndiscommission.gov.au/provider-registration/find-registered-provider,2026-09-29
59603287550,Cheeky Bum Nappies,Cheeky Bum Nappies,"WHATLEY, DARRIN WILLIAM",59603287550,sole_trader,Not publicly available,Assist Prod-Pers Care/Safety; Assistive Equip-Recreation; Assistive Prod-Household Task; Comms & Info Equipment; Household Tasks; Personal Mobility Equipment,Tennant Creek,Cheeky Bum Nappies Shop,+610889621880,Not publicly available,Not publicly available,Not publicly available,Not publicly available,,,Not publicly available,,yes,Approved NDIS registration groups: Assist Prod-Pers Care/Safety; Assistive Equip-Recreation; Assistive Prod-Household Task; Comms & Info Equipment; Household Tasks; Personal Mobility Equipment,yes,no official website,Medium,https://www.ndiscommission.gov.au/provider-registration/find-registered-provider,2026-09-29
82270236891,360Care,360Care,"SCOTT, BELINDA ANNE",82270236891,sole_trader,Not publicly available,Plan Management,Other NT,360care NT,+610427626202,https://www.360care.com.au,Not publicly available,Not publicly available,Not publicly available,,,Not publicly available,,yes,Approved NDIS registration groups: Plan Management,yes,"error:HTTPSConnectionPool(host='www.360care.com.au', port=443): Max retries exceeded with url: / (Caused by SSLError(SSLError(1, '[SSL: SSLV3_ALERT_HANDSHAKE_FAILURE] sslv3 alert handshake failure (_ssl.c:1000)')))",Medium,https://www.ndiscommission.gov.au/provider-registration/find-registered-provider,2026-09-29
24644212260,Woollybutt Specialist Services,Woollybutt Specialist Services,WOOLLYBUTT INVESTMENTS PTY LTD,24644212260,private_company,Woollybutt Specialist Services is a registered NDIS Provider. We provide Positive Behaviour Support and Occupational Therapy Services across Dawin and the Top End of the NT.,Behaviour Support; Therapeutic Supports,Palmerston,"YARRAWONGA, NT, 0830, AU",0422414716,https://www.woollybutt.au/,admin@woollybutt.net.au,Not publicly available,Not publicly available,,,Not publicly available,,yes,Approved NDIS registration groups: Behaviour Support; Therapeutic Supports,yes,ok,High,https://www.ndiscommission.gov.au/provider-registration/find-registered-provider | https://www.woollybutt.au/,2026-09-29
78694073505,Healing Trust Hope Counselling,Healing Trust Hope Counselling,"HUTCHINSON, KYLIE SIMONE",78694073505,sole_trader,Not publicly available,Therapeutic Supports,Katherine,Healing Trust Hope Counselling,+610448332247,Not publicly available,Not publicly available,Not publicly available,Not publicly available,,,Not publicly available,,yes,Approved NDIS registration groups: Therapeutic Supports,yes,no official website,Medium,https://www.ndiscommission.gov.au/provider-registration/find-registered-provider,2026-09-29
41193569386,HOPEFUL HEARTS CARE SERVICES,HOPEFUL HEARTS CARE SERVICES,"IKE, NNENNA JANE",41193569386,sole_trader,Not publicly available,"Assist Access/Maintain Employ; Assist-Life Stage, Transition; Assist-Personal Activities; Assist-Travel/Transport; Daily Tasks/Shared Living; Development-Life Skills; Group/Centre Activities; Household Tasks; Innov Community Participation; Participate Community; Spec Support Employ; Supported Independent Living",Alice Springs,Hopeful Hearts Care Services,Not publicly available,Not publicly available,Not publicly available,Not publicly available,Not publicly available,,,Not publicly available,,yes,"Approved NDIS registration groups: Assist Access/Maintain Employ; Assist-Life Stage, Transition; Assist-Personal Activities; Assist-Travel/Transport; Daily Tasks/Shared Living; Development-Life Skills; Group/Centre Activities; Household Tasks; Innov Community Participation; Participate Community; Spec Support Employ; Supported Independent Living",yes,no official website,Medium,https://www.ndiscommission.gov.au/provider-registration/find-registered-provider,2026-09-29
38686553177,YOUR RIGHTS FIRST COMMUNITY SERVICES PTY LTD,YOUR RIGHTS FIRST COMMUNITY SERVICES PTY LTD,Your Rights First Community Services Pty Ltd,38686553177,private_company,"YoRF provides tailored NDIS support, enhancing independence, dignity and inclusion for individuals across Australian communities.","Assist-Life Stage, Transition; Assist-Personal Activities; Assist-Travel/Transport; Community Nursing Care; Daily Tasks/Shared Living; Development-Life Skills; Household Tasks; Innov Community Participation; Participate Community; Support Coordination; Supported Independent Living",Other NT,"LYONS, NT, 0810, AU",0478 625 168,https://yorf.com.au/,admin@yorf.com.au,Not publicly available,Not publicly available,,,Not publicly available,,yes,"Approved NDIS registration groups: Assist-Life Stage, Transition; Assist-Personal Activities; Assist-Travel/Transport; Community Nursing Care; Daily Tasks/Shared Living; Development-Life Skills; Household Tasks; Innov Community Participation; Participate Community; Support Coordination; Supported Independent Living",yes,ok,High,https://www.ndiscommission.gov.au/provider-registration/find-registered-provider | https://yorf.com.au/,2026-09-29
97084274540,LITTLE FRANKEE,LITTLE FRANKEE,"JOHNSON, EMMA",97084274540,sole_trader,Not publicly available,Plan Management,Palmerston,Little Frankee,+610418302117,Not publicly available,Not publicly available,Not publicly available,Not publicly available,,,Not publicly available,,yes,Approved NDIS registration groups: Plan Management,yes,no official website,Medium,https://www.ndiscommission.gov.au/provider-registration/find-registered-provider,2026-09-29
23629676422,JA MANAGEMENT SERVICES,JA MANAGEMENT SERVICES,"WHITTAKER, JUDITH ANNE",23629676422,sole_trader,"Live The Life You’ve Always Dreamed NDIS Plan Management Made Simple Realise your goals, plan for your future and budget with confidence! Live the life you want to lead with JA Management Services – a leading NDIS Plan Manager How JA Management Helps By being with you every step of the way of your NDIS […]",Plan Management,Other NT,"JA Management Services - NT, AU",+610400882529,https://jamanagementservices.com.au/,Not publicly available,Not publicly available,Not publicly available,,,Not publicly available,,yes,Approved NDIS registration groups: Plan Management,yes,ok,Medium,https://www.ndiscommission.gov.au/provider-registration/find-registered-provider | https://jamanagementservices.com.au/,2026-09-29
52105952891,Rachel Oliver (NT Integrated Therapy),Rachel Oliver (NT Integrated Therapy),"OLIVER, RACHEL LOUISE",52105952891,sole_trader,Not publicly available,"Assist-Life Stage, Transition; Innov Community Participation; Support Coordination; Therapeutic Supports",Darwin,"Head Office, 75 Metcalfe Road, HUMPTY DOO, NT, 0836, AU",+610438962556,Not publicly available,Not publicly available,Not publicly available,Not publicly available,,,Not publicly available,,yes,"Approved NDIS registration groups: Assist-Life Stage, Transition; Innov Community Participation; Support Coordination; Therapeutic Supports",yes,no official website,Medium,https://www.ndiscommission.gov.au/provider-registration/find-registered-provider,2026-09-29
50217603126,SMARTER HAPPIER KIDS,SMARTER HAPPIER KIDS,"ANDERSON, SALLY ANNE",50217603126,sole_trader,"Providing innovative services to schools to help teachers create an arts and music enriched program in the classroom, Smarter Happier Kids offers intensive mentoring workshops for teachers, online & in person support for students, and teaching resources including interactive singing and movement videos, and ebooks on home and road schooling.",Early Childhood Supports; Innov Community Participation; Therapeutic Supports,Alice Springs,Smarter Happier Kids,+610427744220,https://www.smarterhappierkids.com/,user@domain.com,Not publicly available,Not publicly available,,,Not publicly available,,yes,Approved NDIS registration groups: Early Childhood Supports; Innov Community Participation; Therapeutic Supports,yes,ok,High,https://www.ndiscommission.gov.au/provider-registration/find-registered-provider | https://www.smarterhappierkids.com/,2026-09-29
66825073525,MY CARE PLAN MANAGER,MY CARE PLAN MANAGER,"CHOKSHI, PALAK",66825073525,sole_trader,Registered NDIS plan manager Australia-wide. No waitlist. Invoices paid in 2–5 days. 24/7 online budget access. No out-of-pocket cost.,Plan Management,"Darwin, Palmerston, Alice Springs","My Care Plan Manager - Millner, Millner,, MILLNER,, NT, 0810, AU",+610290943364,https://mcpm.net.au/,info@mcpm.net.au,Not publicly available,Not publicly available,,,Not publicly available,,yes,Approved NDIS registration groups: Plan Management,yes,ok,High,https://www.ndiscommission.gov.au/provider-registration/find-registered-provider | https://mcpm.net.au/,2026-09-29
46855321276,PHORA AUSTRALIA,PHORA AUSTRALIA,"AKINWUMI, ORIADE PHILLIP",46855321276,sole_trader,Not publicly available,"Assist Access/Maintain Employ; Assist-Life Stage, Transition; Assist-Personal Activities; Assist-Travel/Transport; Daily Tasks/Shared Living; Development-Life Skills; Group/Centre Activities; Household Tasks; Innov Community Participation; Participate Community; Plan Management; Spec Support Employ; Supported Independent Living",Alice Springs,"Office Address, 4 Undoolya Road, EAST SIDE, NT, 0870, AU",+610473804574,https://www.phoraaustralia.com.au,Not publicly available,Not publicly available,Not publicly available,,,Not publicly available,,yes,"Approved NDIS registration groups: Assist Access/Maintain Employ; Assist-Life Stage, Transition; Assist-Personal Activities; Assist-Travel/Transport; Daily Tasks/Shared Living; Development-Life Skills; Group/Centre Activities; Household Tasks; Innov Community Participation; Participate Community; Plan Management; Spec Support Employ; Supported Independent Living",yes,"error:HTTPSConnectionPool(host='www.phoraaustralia.com.au', port=443): Max retries exceeded with url: / (Caused by SSLError(SSLError(1, '[SSL: SSLV3_ALERT_HANDSHAKE_FAILURE] sslv3 alert handshake failure (_ssl.c:1000)')))",Medium,https://www.ndiscommission.gov.au/provider-registration/find-registered-provider,2026-09-29
87756144763,GT Solutions Holistic Support,GT Solutions Holistic Support,"TURNER, ERIN LOUISE",87756144763,sole_trader,Not publicly available,"Assist-Life Stage, Transition; Specialised Disability Accommodation; Support Coordination",Alice Springs,GT Solutions Holistic Support,+610427032151,https://www.gtshs.com.au/,Not publicly available,Not publicly available,Not publicly available,,,Not publicly available,,yes,"Approved NDIS registration groups: Assist-Life Stage, Transition; Specialised Disability Accommodation; Support Coordination",yes,ok,Medium,https://www.ndiscommission.gov.au/provider-registration/find-registered-provider | https://www.gtshs.com.au/,2026-09-29
55217612663,Stepping Stones In Life Therapy Service,Stepping Stones In Life Therapy Service,"KAPSER, BARBARA",55217612663,sole_trader,"Therapy services in Darwin: ✔ Occupational Therapy, ✔ Speech Therapist Darwin, ✔ Counselling & more. 🚐 Mobile service across NT. ✆ Call for fees & info.",Assistance Animals; Behaviour Support; Development-Life Skills; Early Childhood Supports; Home Modification; Therapeutic Supports,Darwin,"stepping stones in life therapy services, 11 Marsh Street, MILLNER, NT, 0810, AU",+610889856067,https://steppingstonestherapy.com.au/,admin@steppingstonestherapy.com.au,Not publicly available,Not publicly available,,,Not publicly available,,yes,Approved NDIS registration groups: Assistance Animals; Behaviour Support; Development-Life Skills; Early Childhood Supports; Home Modification; Therapeutic Supports,yes,ok,High,https://www.ndiscommission.gov.au/provider-registration/find-registered-provider | https://steppingstonestherapy.com.au/,2026-09-29
85629811290,TREASURE & CARE SERVICES,TREASURE & CARE SERVICES,"ALABA-EKPO, OLUKEMI RONKE",85629811290,sole_trader,"through psychological and therapeutic services tailored to your individual needs, offering that reflects your goals, circumstances, and wellbeing needs. Our",Therapeutic Supports,Other NT,Treasure & Care Services,+610439040711,https://www.topcarepsychology.com.au/,info@topcarepsychology.com.au,Not publicly available,Not publicly available,,,Not publicly available,,yes,Approved NDIS registration groups: Therapeutic Supports,yes,ok,High,https://www.ndiscommission.gov.au/provider-registration/find-registered-provider | https://www.topcarepsychology.com.au/,2026-09-29
51916913218,ABILOT NT,ABILOT NT,Mrs Felicity Mary Pidgeon Fong,51916913218,private_other,Not publicly available,Therapeutic Supports,Darwin,Abilot NT,+610448616737,https://abilotnt.com.au,Not publicly available,Not publicly available,Not publicly available,,,Not publicly available,,yes,Approved NDIS registration groups: Therapeutic Supports,yes,blocked,Medium,https://www.ndiscommission.gov.au/provider-registration/find-registered-provider,2026-09-29
88985430561,ALAWA CARE & SUPPORT SERVICES,ALAWA CARE & SUPPORT SERVICES,ANTANI THURUTHEL,88985430561,private_other,Not publicly available,"Accommodation/Tenancy; Assist Personal Activities High; Assist-Life Stage, Transition; Assist-Personal Activities; Assist-Travel/Transport; Daily Tasks/Shared Living; Development-Life Skills; Group/Centre Activities; Household Tasks; Innov Community Participation; Participate Community; Supported Independent Living",Darwin,"Alawa Care & Support Services, AU",+610403286975,Not publicly available,Not publicly available,Not publicly available,Not publicly available,,,Not publicly available,,yes,"Approved NDIS registration groups: Accommodation/Tenancy; Assist Personal Activities High; Assist-Life Stage, Transition; Assist-Personal Activities; Assist-Travel/Transport; Daily Tasks/Shared Living; Development-Life Skills; Group/Centre Activities; Household Tasks; Innov Community Participation; Participate Community; Supported Independent Living",yes,no official website,Medium,https://www.ndiscommission.gov.au/provider-registration/find-registered-provider,2026-09-29
40959476584,Wunya Community Care,Wunya Community Care,"NAYYAR, VIPUL",40959476584,sole_trader,Not publicly available,Accommodation/Tenancy; Assist Personal Activities High; Assist-Personal Activities; Assist-Travel/Transport; Community Nursing Care; Daily Tasks/Shared Living; Development-Life Skills; Group/Centre Activities; Household Tasks; Innov Community Participation; Participate Community; Support Coordination; Supported Independent Living,Darwin,Wunya Community Care,+610416562118,https://www.wunyacommunitycare.com.au,Not publicly available,Not publicly available,Not publicly available,,,Not publicly available,,yes,Approved NDIS registration groups: Accommodation/Tenancy; Assist Personal Activities High; Assist-Personal Activities; Assist-Travel/Transport; Community Nursing Care; Daily Tasks/Shared Living; Development-Life Skills; Group/Centre Activities; Household Tasks; Innov Community Participation; Participate Community; Support Coordination; Supported Independent Living,yes,"error:HTTPSConnectionPool(host='www.wunyacommunitycare.com.au', port=443): Max retries exceeded with url: / (Caused by NameResolutionError(""HTTPSConnection(host='www.wunyacommunitycare.com.au', port=443): Failed to resolve 'www.wunyacommunitycare.com.au' ([Errno -2] Name or service not known)""))",Medium,https://www.ndiscommission.gov.au/provider-registration/find-registered-provider,2026-09-29
26961131454,Arnhem Allied Health Centre,Arnhem Allied Health Centre,The Trustee for Arnhem Allied Health Centre Trust,26961131454,private_other,We provide accessible healthcare to enhance quality of life. Join us in fostering a supportive community focused on trust & kindness.,Therapeutic Supports,Nhulunbuy,"Arnhem Allied Health Centre, 8 Franklyn Street, NHULUNBUY, NT, 0880, AU",+610889194727,https://www.arnhemhealth.com.au/,admin@arnhemhealth.com.au,Not publicly available,Not publicly available,,,Not publicly available,,yes,Approved NDIS registration groups: Therapeutic Supports,yes,ok,High,https://www.ndiscommission.gov.au/provider-registration/find-registered-provider | https://www.arnhemhealth.com.au/,2026-09-29
57619859347,BEKA'S SUPPORT SERVICES,BEKA'S SUPPORT SERVICES,Ms Tapeka Daniela,57619859347,private_other,Not publicly available,"Accommodation/Tenancy; Assist Access/Maintain Employ; Assist-Life Stage, Transition; Assist-Personal Activities; Assist-Travel/Transport; Daily Tasks/Shared Living; Development-Life Skills; Group/Centre Activities; Household Tasks; Innov Community Participation; Participate Community; Supported Independent Living",Palmerston,BEKA'S SUPPORT SERVICES,+610481252100,Not publicly available,Not publicly available,Not publicly available,Not publicly available,,,Not publicly available,,yes,"Approved NDIS registration groups: Accommodation/Tenancy; Assist Access/Maintain Employ; Assist-Life Stage, Transition; Assist-Personal Activities; Assist-Travel/Transport; Daily Tasks/Shared Living; Development-Life Skills; Group/Centre Activities; Household Tasks; Innov Community Participation; Participate Community; Supported Independent Living",yes,no official website,Medium,https://www.ndiscommission.gov.au/provider-registration/find-registered-provider,2026-09-29
63419213437,BRAVE CONNECTIONS,BRAVE CONNECTIONS,Mr Bobby Latif Olanipekun,63419213437,private_other,Not publicly available,Behaviour Support; Therapeutic Supports,Darwin,"DARWIN CITY, NT, 0800, AU",Not publicly available,Not publicly available,Not publicly available,Not publicly available,Not publicly available,,,Not publicly available,,yes,Approved NDIS registration groups: Behaviour Support; Therapeutic Supports,yes,no official website,Medium,https://www.ndiscommission.gov.au/provider-registration/find-registered-provider,2026-09-29
20732281754,BRILLIANT COORDINATION AND SUPPORT SERVICES,BRILLIANT COORDINATION AND SUPPORT SERVICES,Mrs Jackline Nixon Hakim Lolik,20732281754,private_other,Not publicly available,"Accommodation/Tenancy; Assist-Life Stage, Transition; Assist-Personal Activities; Assist-Travel/Transport; Daily Tasks/Shared Living; Group/Centre Activities; Supported Independent Living",Katherine,Mobile,+610478153738,Not publicly available,Not publicly available,Not publicly available,Not publicly available,,,Not publicly available,,yes,"Approved NDIS registration groups: Accommodation/Tenancy; Assist-Life Stage, Transition; Assist-Personal Activities; Assist-Travel/Transport; Daily Tasks/Shared Living; Group/Centre Activities; Supported Independent Living",yes,no official website,Medium,https://www.ndiscommission.gov.au/provider-registration/find-registered-provider,2026-09-29
90828078420,Abundance Services,Abundance Services,"RUPARANGANDA, JANE",90828078420,sole_trader,Not publicly available,Assist-Personal Activities; Assist-Travel/Transport; Assistive Prod-Household Task; Daily Tasks/Shared Living; Development-Life Skills; Household Tasks; Participate Community; Supported Independent Living,Other NT,"BERRIMAH, NT, 0828, AU",Not publicly available,http://abundanceservices.com.au/,Not publicly available,Not publicly available,Not publicly available,,,Not publicly available,,yes,Approved NDIS registration groups: Assist-Personal Activities; Assist-Travel/Transport; Assistive Prod-Household Task; Daily Tasks/Shared Living; Development-Life Skills; Household Tasks; Participate Community; Supported Independent Living,yes,"error:HTTPConnectionPool(host='abundanceservices.com.au', port=80): Max retries exceeded with url: / (Caused by NameResolutionError(""HTTPConnection(host='abundanceservices.com.au', port=80): Failed to resolve 'abundanceservices.com.au' ([Errno -3] Temporary failure in name resolution)""))",Medium,https://www.ndiscommission.gov.au/provider-registration/find-registered-provider,2026-09-29
98663040194,BT Physiotherapy Mudjimba,BT Physiotherapy Mudjimba,The trustee for Physiomed Trust,98663040194,private_other,"With 7 clinics on the Sunshine Coast, Gold Coast and beyond BT Sports & Health Centre is providing high-quality Physiotherapy by experienced Physios, using up-to-date knowledge and cutting edge technology.",Ex Phys Pers Training; Therapeutic Supports,Katherine,"Active Physiotherapy Katherine, 19 Katherine Terrace, KATHERINE, NT, 0850, AU",07 5448 8755,https://www.btphysiotherapy.com.au/,blibli@btphysiotherapy.com.au,Not publicly available,Not publicly available,,,Not publicly available,,yes,Approved NDIS registration groups: Ex Phys Pers Training; Therapeutic Supports,yes,ok,High,https://www.ndiscommission.gov.au/provider-registration/find-registered-provider | https://www.btphysiotherapy.com.au/,2026-09-29
76430560861,Cox Books & Plan Management Services,Cox Books & Plan Management Services,Ms Wendy Cox,76430560861,private_other,Not publicly available,Plan Management,Darwin,Cox Books & Plan Management Services,+610422976020,Not publicly available,Not publicly available,Not publicly available,Not publicly available,,,Not publicly available,,yes,Approved NDIS registration groups: Plan Management,yes,no official website,Medium,https://www.ndiscommission.gov.au/provider-registration/find-registered-provider,2026-09-29
21278019832,D.J.A. DISABILITY SERVICES,D.J.A. DISABILITY SERVICES,Mr Danilo Anastacio,21278019832,private_other,Not publicly available,"Assist Access/Maintain Employ; Assist-Life Stage, Transition; Assist-Personal Activities; Assist-Travel/Transport; Daily Tasks/Shared Living; Development-Life Skills; Group/Centre Activities; Household Tasks; Innov Community Participation; Participate Community; Supported Independent Living",Katherine,"D.J.A. DISABILITY SERVICES, AU",+610456371581,Not publicly available,Not publicly available,Not publicly available,Not publicly available,,,Not publicly available,,yes,"Approved NDIS registration groups: Assist Access/Maintain Employ; Assist-Life Stage, Transition; Assist-Personal Activities; Assist-Travel/Transport; Daily Tasks/Shared Living; Development-Life Skills; Group/Centre Activities; Household Tasks; Innov Community Participation; Participate Community; Supported Independent Living",yes,no official website,Medium,https://www.ndiscommission.gov.au/provider-registration/find-registered-provider,2026-09-29
89443082169,Enlight Support Services,Enlight Support Services,Mr Issac William Totomoeila Pulu,89443082169,private_other,Not publicly available,"Assist-Life Stage, Transition; Assist-Personal Activities; Assist-Travel/Transport; Daily Tasks/Shared Living; Group/Centre Activities; Household Tasks; Participate Community; Supported Independent Living; Therapeutic Supports",Other NT,Enlight Support Services,+610493342672,Not publicly available,Not publicly available,Not publicly available,Not publicly available,,,Not publicly available,,yes,"Approved NDIS registration groups: Assist-Life Stage, Transition; Assist-Personal Activities; Assist-Travel/Transport; Daily Tasks/Shared Living; Group/Centre Activities; Household Tasks; Participate Community; Supported Independent Living; Therapeutic Supports",yes,no official website,Medium,https://www.ndiscommission.gov.au/provider-registration/find-registered-provider,2026-09-29
62247376210,Everest Physiotherapy Service,Everest Physiotherapy Service,Mrs Saru Basnet,62247376210,private_other,Not publicly available,Therapeutic Supports,Other NT,"TINDAL, NT, 0853, AU",Not publicly available,Not publicly available,Not publicly available,Not publicly available,Not publicly available,,,Not publicly available,,yes,Approved NDIS registration groups: Therapeutic Supports,yes,no official website,Medium,https://www.ndiscommission.gov.au/provider-registration/find-registered-provider,2026-09-29
52535327859,DARWIN MOWING,DARWIN MOWING,The Trustee for Q & E Green Family Trust,52535327859,private_other,"Darwin Mowing delivers affordable mowing, pruning, weeding, planting and irrigation services to homes and business across the greater Yarrawonga.",Household Tasks,"Darwin, Palmerston",Darwin Mowing,0448 515 838,https://www.darwinmowing.com.au/,info@darwinmowing.com.au,Not publicly available,Not publicly available,,,Not publicly available,,yes,Approved NDIS registration groups: Household Tasks,yes,ok,High,https://www.ndiscommission.gov.au/provider-registration/find-registered-provider | https://www.darwinmowing.com.au/,2026-09-29
84551235183,FOOD4THOUGHT DIETETICS,FOOD4THOUGHT DIETETICS,Miss Danielle Shanee Mcleod,84551235183,private_other,Not publicly available,Therapeutic Supports,Other NT,Food4Thought Dietetics,+61429840588,Not publicly available,Not publicly available,Not publicly available,Not publicly available,,,Not publicly available,,yes,Approved NDIS registration groups: Therapeutic Supports,yes,no official website,Medium,https://www.ndiscommission.gov.au/provider-registration/find-registered-provider,2026-09-29
95618675195,Eva San,Eva San,Mrs Eva Yen Keng San,95618675195,private_other,Discover the healing power of creative expression at evasanQtuary. We offer transformative art therapy services in a safe & nurturing space to guide you towards overall wellness and self-discovery.,Therapeutic Supports,Darwin,"FANNIE BAY, NT, 0820, AU",693170360,https://www.evasanqtuary.com/,user@domain.com,Not publicly available,Not publicly available,,,Not publicly available,,yes,Approved NDIS registration groups: Therapeutic Supports,yes,ok,High,https://www.ndiscommission.gov.au/provider-registration/find-registered-provider | https://www.evasanqtuary.com/,2026-09-29
72588956699,DD CHILD AND FAMILY THERAPY SERVICES,DD CHILD AND FAMILY THERAPY SERVICES,Ms Lina Matsatsa,72588956699,private_other,"We offer an excellent level of mental healthcare, a friendly and empathetic approach and a highly individualized treatment including adults and children. We offer Psychotherapy & Psychological Services with highly trained and experienced professionals, using a range of modalities to suit your need","Assist-Life Stage, Transition; Behaviour Support; Daily Tasks/Shared Living; Early Childhood Supports; Support Coordination; Supported Independent Living; Therapeutic Supports","Darwin, Alice Springs","Kew Office, 89-93 High Street South, KEW, VIC, 3101, AU",1300517119,https://www.ddtherapy.com.au/,admin@ddtherapy.com,Not publicly available,Not publicly available,,,Not publicly available,,yes,"Approved NDIS registration groups: Assist-Life Stage, Transition; Behaviour Support; Daily Tasks/Shared Living; Early Childhood Supports; Support Coordination; Supported Independent Living; Therapeutic Supports",yes,ok,High,https://www.ndiscommission.gov.au/provider-registration/find-registered-provider | https://www.ddtherapy.com.au/,2026-09-29
92816714668,Health First Group,Health First Group,The Trustee for Total Physio Group Unit Trust,92816714668,private_other,Receive tailoured healthcare services at Health First Group for improved well-being. Get in touch today to book your appointment with our experts.,Early Childhood Supports; Ex Phys Pers Training; Group/Centre Activities; Home Modification; Participate Community; Therapeutic Supports,Alice Springs,"## Health First Alice Springs, 3 Traeger Avenue, THE GAP, NT, 0870, AU",+610358327634,https://www.healthfirstgroup.com.au/,Not publicly available,https://www.linkedin.com/company/healthfirstgroup,Not publicly available,,,Not publicly available,,yes,Approved NDIS registration groups: Early Childhood Supports; Ex Phys Pers Training; Group/Centre Activities; Home Modification; Participate Community; Therapeutic Supports,yes,ok,High,https://www.ndiscommission.gov.au/provider-registration/find-registered-provider | https://www.healthfirstgroup.com.au/,2026-09-29
74262759281,Heartward House,Heartward House,R Bakwesegha-Summersby & P.R Summersby,74262759281,private_other,Not publicly available,Assist Access/Maintain Employ; Behaviour Support; Therapeutic Supports,Palmerston,"BAKEWELL, NT, 0832, AU",Not publicly available,Not publicly available,Not publicly available,Not publicly available,Not publicly available,,,Not publicly available,,yes,Approved NDIS registration groups: Assist Access/Maintain Employ; Behaviour Support; Therapeutic Supports,yes,no official website,Medium,https://www.ndiscommission.gov.au/provider-registration/find-registered-provider,2026-09-29
48232059381,Henbury School Council,Henbury School Council,HENBURY SCHOOL COUNCIL,48232059381,private_other,Not publicly available,Assist Personal Activities High; Group/Centre Activities; Innov Community Participation; Participate Community,Darwin,Henbury School,+610889977099,Not publicly available,Not publicly available,Not publicly available,Not publicly available,,,Not publicly available,,yes,Approved NDIS registration groups: Assist Personal Activities High; Group/Centre Activities; Innov Community Participation; Participate Community,yes,no official website,Medium,https://www.ndiscommission.gov.au/provider-registration/find-registered-provider,2026-09-29
35128059713,Humanity Allied Health,Humanity Allied Health,The Trustee for THERAPY CONNECT UNIT TRUST,35128059713,private_other,"Person-centred NDIS allied health services for adults across Australia. Psychology, OT, physiotherapy and more. In clinic, mobile or online. Get in touch today.",Assist Access/Maintain Employ; Behaviour Support; Early Childhood Supports; Ex Phys Pers Training; Therapeutic Supports,Other NT,"Northern Territory, AU",1300 632 639,https://humanityalliedhealth.com.au/,Not publicly available,https://www.linkedin.com/company/humanity-allied-health,Not publicly available,,,Not publicly available,,yes,Approved NDIS registration groups: Assist Access/Maintain Employ; Behaviour Support; Early Childhood Supports; Ex Phys Pers Training; Therapeutic Supports,yes,ok,High,https://www.ndiscommission.gov.au/provider-registration/find-registered-provider | https://humanityalliedhealth.com.au/,2026-09-29
30687750575,JACKIE CARE AND SUPPORT SERVICES,JACKIE CARE AND SUPPORT SERVICES,Mr Michael Mundugu,30687750575,private_other,Not publicly available,"Assist Access/Maintain Employ; Assist-Life Stage, Transition; Assist-Personal Activities; Assist-Travel/Transport; Daily Tasks/Shared Living; Development-Life Skills; Group/Centre Activities; Household Tasks; Innov Community Participation; Participate Community; Spec Support Employ; Supported Independent Living",Alice Springs,JACKIE CARE AND SUPPORT SERVICES,Not publicly available,Not publicly available,Not publicly available,Not publicly available,Not publicly available,,,Not publicly available,,yes,"Approved NDIS registration groups: Assist Access/Maintain Employ; Assist-Life Stage, Transition; Assist-Personal Activities; Assist-Travel/Transport; Daily Tasks/Shared Living; Development-Life Skills; Group/Centre Activities; Household Tasks; Innov Community Participation; Participate Community; Spec Support Employ; Supported Independent Living",yes,no official website,Medium,https://www.ndiscommission.gov.au/provider-registration/find-registered-provider,2026-09-29
65123366443,HANDS OF HOPE SUPPORT SERVICES,HANDS OF HOPE SUPPORT SERVICES,O OLUSOJI & R OLUSOJI,65123366443,private_other,"Loved by participants and their families in Darwin “Very friendly and approachable staff , delivered well trained support workers. ” – Participant in Core Support","Assist Personal Activities High; Assist-Life Stage, Transition; Assist-Personal Activities; Assist-Travel/Transport; Community Nursing Care; Daily Tasks/Shared Living; Development-Life Skills; Household Tasks; Innov Community Participation; Participate Community; Supported Independent Living",Other NT,"ZUCCOLI, NT, 0832, AU",1300 773 808,https://handsofhope.com.au/,info@handsofhope.com.au,Not publicly available,Not publicly available,,,Not publicly available,,yes,"Approved NDIS registration groups: Assist Personal Activities High; Assist-Life Stage, Transition; Assist-Personal Activities; Assist-Travel/Transport; Community Nursing Care; Daily Tasks/Shared Living; Development-Life Skills; Household Tasks; Innov Community Participation; Participate Community; Supported Independent Living",yes,ok,High,https://www.ndiscommission.gov.au/provider-registration/find-registered-provider | https://handsofhope.com.au/,2026-09-29
56403562030,Jims Building,Jims Building,Mr James Samuel Peters,56403562030,private_other,Not publicly available,Home Modification,Darwin,"HUMPTY DOO, NT, 0836, AU",Not publicly available,Not publicly available,Not publicly available,Not publicly available,Not publicly available,,,Not publicly available,,yes,Approved NDIS registration groups: Home Modification,yes,no official website,Medium,https://www.ndiscommission.gov.au/provider-registration/find-registered-provider,2026-09-29
65388552257,Kirsty's Support Services,Kirsty's Support Services,KIRSTY MARGARET BARNETT,65388552257,private_other,Not publicly available,"Assist-Life Stage, Transition; Assist-Personal Activities; Assist-Travel/Transport; Daily Tasks/Shared Living; Development-Life Skills; Group/Centre Activities; Household Tasks; Participate Community; Support Coordination",Alice Springs,"GILLEN, NT, 0870, AU",Not publicly available,Not publicly available,Not publicly available,Not publicly available,Not publicly available,,,Not publicly available,,yes,"Approved NDIS registration groups: Assist-Life Stage, Transition; Assist-Personal Activities; Assist-Travel/Transport; Daily Tasks/Shared Living; Development-Life Skills; Group/Centre Activities; Household Tasks; Participate Community; Support Coordination",yes,no official website,Medium,https://www.ndiscommission.gov.au/provider-registration/find-registered-provider,2026-09-29
85147878364,Jim's Cleaning & Laundry Services,Jim's Cleaning & Laundry Services,The trustee for Cobanoglu Family Trust,85147878364,private_other,Not publicly available,Household Tasks,Other NT,"Jim's Laundry Services - NT, AU",+610409014977,https://www.jimscleaning.com.au,Not publicly available,Not publicly available,Not publicly available,,,Not publicly available,,yes,Approved NDIS registration groups: Household Tasks,yes,blocked,Medium,https://www.ndiscommission.gov.au/provider-registration/find-registered-provider,2026-09-29
49861718108,CatholicCare NT,CatholicCare NT,CATHOLICCARE NT,49861718108,private_other,"Find a program or service Find a service or program at your nearby CatholicCare NT centre Find Information Find information, advice & resources on topics including parenting, financial & mental health support services Publications & Reports See all the publications and evaluation reports published by CatholicCareNT With over 30 years experience in the Northern Territory,","Accommodation/Tenancy; Assist Access/Maintain Employ; Assist-Life Stage, Transition; Assist-Personal Activities; Assist-Travel/Transport; Daily Tasks/Shared Living; Development-Life Skills; Group/Centre Activities; Household Tasks; Innov Community Participation; Interpret/Translate; Participate Community; Spec Support Employ; Support Coordination; Supported Independent Living","Darwin, Tennant Creek",Darwin,+610457770866,https://www.catholiccarent.org.au/,Not publicly available,https://www.linkedin.com/company/catholiccarent,Not publicly available,,,Not publicly available,,yes,"Approved NDIS registration groups: Accommodation/Tenancy; Assist Access/Maintain Employ; Assist-Life Stage, Transition; Assist-Personal Activities; Assist-Travel/Transport; Daily Tasks/Shared Living; Development-Life Skills; Group/Centre Activities; Household Tasks; Innov Community Participation; Interpret/Translate; Participate Community; Spec Support Employ; Support Coordination; Supported Independent Living",yes,ok,High,https://www.ndiscommission.gov.au/provider-registration/find-registered-provider | https://www.catholiccarent.org.au/,2026-09-29
80308797003,Hearing Australia,Hearing Australia,AUSTRALIAN HEARING SERVICES,80308797003,private_other,"Hearing Australia provides hearing checks, hearing aids, hearing assessments and expert-led hearing care for Australians of all ages.",Assist Prod-Pers Care/Safety; Hearing Equipment; Hearing Services; Specialised Hearing Services,"Darwin, Palmerston, Alice Springs","Hearing Australia Alice Springs, Ground Floor Shop G2A, Centrepoint Building 12 Gregory Terrace, ALICE SPRINGS, NT, 0870, AU",+610243977500,https://www.hearing.com.au/,Not publicly available,https://www.linkedin.com/company/hearing-australia,Not publicly available,,,Not publicly available,,yes,Approved NDIS registration groups: Assist Prod-Pers Care/Safety; Hearing Equipment; Hearing Services; Specialised Hearing Services,yes,ok,High,https://www.ndiscommission.gov.au/provider-registration/find-registered-provider | https://www.hearing.com.au/,2026-09-29
56611843043,LAJI LAWNS,LAJI LAWNS,Mr Alan James,56611843043,private_other,Not publicly available,Assist-Travel/Transport; Household Tasks; Innov Community Participation,Other NT,Mobile,+610403734440,https://www.lajilawns.com.au,Not publicly available,Not publicly available,Not publicly available,,,Not publicly available,,yes,Approved NDIS registration groups: Assist-Travel/Transport; Household Tasks; Innov Community Participation,yes,"error:HTTPSConnectionPool(host='www.lajilawns.com.au', port=443): Max retries exceeded with url: / (Caused by NameResolutionError(""HTTPSConnection(host='www.lajilawns.com.au', port=443): Failed to resolve 'www.lajilawns.com.au' ([Errno -2] Name or service not known)""))",Medium,https://www.ndiscommission.gov.au/provider-registration/find-registered-provider,2026-09-29
82562991449,MARLU CARE SERVICES (MCS),MARLU CARE SERVICES (MCS),S Jafar & M Siddique,82562991449,private_other,Not publicly available,"Assist Access/Maintain Employ; Assist-Life Stage, Transition; Assist-Personal Activities; Assist-Travel/Transport; Daily Tasks/Shared Living; Development-Life Skills; Group/Centre Activities; Household Tasks; Innov Community Participation; Participate Community; Supported Independent Living",Katherine,"KATHERINE, NT, 0850, AU",Not publicly available,https://www.marlucare.com.au,Not publicly available,Not publicly available,Not publicly available,,,Not publicly available,,yes,"Approved NDIS registration groups: Assist Access/Maintain Employ; Assist-Life Stage, Transition; Assist-Personal Activities; Assist-Travel/Transport; Daily Tasks/Shared Living; Development-Life Skills; Group/Centre Activities; Household Tasks; Innov Community Participation; Participate Community; Supported Independent Living",yes,blocked,Medium,https://www.ndiscommission.gov.au/provider-registration/find-registered-provider,2026-09-29
77902127562,NPY Women's Council,NPY Women's Council,Ngaanyatjarra Pitjantjatjara Yankunytjatjara Women's Council (AboriginalCorporat,77902127562,private_other,"NPY Women's Council is led by women's law, authority and culture to deliver health, social and cultural services for all Anangu.","Assist-Life Stage, Transition; Assist-Personal Activities; Assist-Travel/Transport; Participate Community; Support Coordination; Supported Independent Living",Alice Springs,NPYWC NT,+610889582345,https://www.npywc.org.au/,enquiries@npywc.org.au,https://www.linkedin.com/company/npy-womens-council,Not publicly available,,,Not publicly available,,yes,"Approved NDIS registration groups: Assist-Life Stage, Transition; Assist-Personal Activities; Assist-Travel/Transport; Participate Community; Support Coordination; Supported Independent Living",yes,ok,High,https://www.ndiscommission.gov.au/provider-registration/find-registered-provider | https://www.npywc.org.au/,2026-09-29
28551976125,NT PSYCHOSOCIAL RECOVERY AND SUPPORT SERVICES,NT PSYCHOSOCIAL RECOVERY AND SUPPORT SERVICES,BILLIE JEAN MAIDEN,28551976125,private_other,Not publicly available,"Assist-Life Stage, Transition; Assist-Personal Activities; Assist-Travel/Transport; Daily Tasks/Shared Living; Development-Life Skills; Group/Centre Activities; Household Tasks; Innov Community Participation; Participate Community; Supported Independent Living",Palmerston,NT Psychosocial Recovery and Support Services,+610459549874,Not publicly available,Not publicly available,Not publicly available,Not publicly available,,,Not publicly available,,yes,"Approved NDIS registration groups: Assist-Life Stage, Transition; Assist-Personal Activities; Assist-Travel/Transport; Daily Tasks/Shared Living; Development-Life Skills; Group/Centre Activities; Household Tasks; Innov Community Participation; Participate Community; Supported Independent Living",yes,no official website,Medium,https://www.ndiscommission.gov.au/provider-registration/find-registered-provider,2026-09-29
40965826568,Independent care disability service,Independent care disability service,Mr Daniel Deng Ruot,40965826568,private_other,"Independent Care Disability Service offers NDIS disability support in Alice Springs, from daily tasks to community participation.",Assist-Personal Activities; Assist-Travel/Transport; Daily Tasks/Shared Living; Development-Life Skills; Group/Centre Activities; Household Tasks; Innov Community Participation; Participate Community; Supported Independent Living,Alice Springs,"LARAPINTA, NT, 0875, AU",0423 252 906,https://www.independentcaresdisabilityservices.com/,danielruot@independentcaredisabilityservice.com,Not publicly available,Not publicly available,,,Not publicly available,,yes,Approved NDIS registration groups: Assist-Personal Activities; Assist-Travel/Transport; Daily Tasks/Shared Living; Development-Life Skills; Group/Centre Activities; Household Tasks; Innov Community Participation; Participate Community; Supported Independent Living,yes,ok,High,https://www.ndiscommission.gov.au/provider-registration/find-registered-provider | https://www.independentcaresdisabilityservices.com/,2026-09-29
15101252171,Life Without Barriers,Life Without Barriers,Life Without Barriers,15101252171,private_other,"Foster Care, Aged Care, Disability and Mental Health services across Australia.","Accommodation/Tenancy; Assist Access/Maintain Employ; Assist Personal Activities High; Assist-Life Stage, Transition; Assist-Personal Activities; Assist-Travel/Transport; Behaviour Support; Community Nursing Care; Daily Tasks/Shared Living; Development-Life Skills; Ex Phys Pers Training; Group/Centre Activities; Home Modification; Household Tasks; Innov Community Participation; Participate Community; Specialised Disability Accommodation; Support Coordination; Supported Independent Living; Therapeutic Supports","Darwin, Alice Springs","LWB NT - Darwin (SIL), 60 Winnellie Road, WINNELLIE, NT, 0820, AU",1800 610 699,https://www.lwb.org.au/,info@lwb.org.au,https://www.linkedin.com/company/life-without-barriers,Not publicly available,,,Not publicly available,,yes,"Approved NDIS registration groups: Accommodation/Tenancy; Assist Access/Maintain Employ; Assist Personal Activities High; Assist-Life Stage, Transition; Assist-Personal Activities; Assist-Travel/Transport; Behaviour Support; Community Nursing Care; Daily Tasks/Shared Living; Development-Life Skills; Ex Phys Pers Training; Group/Centre Activities; Home Modification; Household Tasks; Innov Community Participation; Participate Community; Specialised Disability Accommodation; Support Coordination; Supported Independent Living; Therapeutic Supports",yes,ok,High,https://www.ndiscommission.gov.au/provider-registration/find-registered-provider | https://www.lwb.org.au/,2026-09-29
12123649845,S.E.L.F. OASIS SPECIALIST SUPPORT SERVICES,S.E.L.F. OASIS SPECIALIST SUPPORT SERVICES,Ms Selenda Gomez,12123649845,private_other,Not publicly available,"Accommodation/Tenancy; Assist Access/Maintain Employ; Assist-Life Stage, Transition; Development-Life Skills; Support Coordination",Alice Springs,"S.E.L.F. OASIS SPECIALIST SUPPORT SERVICES, AU",+610423564712,Not publicly available,Not publicly available,Not publicly available,Not publicly available,,,Not publicly available,,yes,"Approved NDIS registration groups: Accommodation/Tenancy; Assist Access/Maintain Employ; Assist-Life Stage, Transition; Development-Life Skills; Support Coordination",yes,no official website,Medium,https://www.ndiscommission.gov.au/provider-registration/find-registered-provider,2026-09-29
76177284170,SAFE CARE NT,SAFE CARE NT,GEORGE GATJANG DAR MECHOUL,76177284170,private_other,Not publicly available,"Accommodation/Tenancy; Assist Access/Maintain Employ; Assist Personal Activities High; Assist-Life Stage, Transition; Assist-Personal Activities; Assist-Travel/Transport; Community Nursing Care; Daily Tasks/Shared Living; Development-Life Skills; Early Childhood Supports; Group/Centre Activities; Household Tasks; Innov Community Participation; Participate Community; Spec Support Employ; Specialised Disability Accommodation; Support Coordination; Supported Independent Living",Alice Springs,Safe Care NT,+610401653041,Not publicly available,Not publicly available,Not publicly available,Not publicly available,,,Not publicly available,,yes,"Approved NDIS registration groups: Accommodation/Tenancy; Assist Access/Maintain Employ; Assist Personal Activities High; Assist-Life Stage, Transition; Assist-Personal Activities; Assist-Travel/Transport; Community Nursing Care; Daily Tasks/Shared Living; Development-Life Skills; Early Childhood Supports; Group/Centre Activities; Household Tasks; Innov Community Participation; Participate Community; Spec Support Employ; Specialised Disability Accommodation; Support Coordination; Supported Independent Living",yes,no official website,Medium,https://www.ndiscommission.gov.au/provider-registration/find-registered-provider,2026-09-29
40623029071,Kirsty's Support Services,Kirsty's Support Services,The Trustee for K & S Support Services Trust,40623029071,private_other,"Disability Care and Support Services Supporting You to Achieve Your Goals and Reach Your Potential. Individualised Support to Help You Live Life Your Way. We empower children, teens & adults to build skills, connect to Country, and live safely, confidently & independently. Call the KSS Team About Us 00% client satisfaction what we're offering our […]","Assist-Life Stage, Transition; Assist-Personal Activities; Assist-Travel/Transport; Daily Tasks/Shared Living; Development-Life Skills; Group/Centre Activities; Household Tasks; Participate Community; Support Coordination",Alice Springs,"GILLEN, NT, 0870, AU",0466 893 080,https://kirsty-supports.com/,admin@kirsty-supports.com,Not publicly available,Not publicly available,,,Not publicly available,,yes,"Approved NDIS registration groups: Assist-Life Stage, Transition; Assist-Personal Activities; Assist-Travel/Transport; Daily Tasks/Shared Living; Development-Life Skills; Group/Centre Activities; Household Tasks; Participate Community; Support Coordination",yes,ok,High,https://www.ndiscommission.gov.au/provider-registration/find-registered-provider | https://kirsty-supports.com/,2026-09-29
91332233748,Small Steps Big Change,Small Steps Big Change,Miss Karina Ellen Morris,91332233748,private_other,Not publicly available,Assist Prod-Pers Care/Safety; Innov Community Participation,Other NT,Small Steps Big Change,+610493162799,Not publicly available,Not publicly available,Not publicly available,Not publicly available,,,Not publicly available,,yes,Approved NDIS registration groups: Assist Prod-Pers Care/Safety; Innov Community Participation,yes,no official website,Medium,https://www.ndiscommission.gov.au/provider-registration/find-registered-provider,2026-09-29
81356983907,SMPC RESPITE CARE,SMPC RESPITE CARE,Mrs Shandell Tiarna Petherick-Collins,81356983907,private_other,Not publicly available,Assist-Personal Activities; Assist-Travel/Transport; Daily Tasks/Shared Living; Development-Life Skills; Innov Community Participation; Participate Community; Supported Independent Living,Palmerston,"Townhouse, AU",+610407162695,Not publicly available,Not publicly available,Not publicly available,Not publicly available,,,Not publicly available,,yes,Approved NDIS registration groups: Assist-Personal Activities; Assist-Travel/Transport; Daily Tasks/Shared Living; Development-Life Skills; Innov Community Participation; Participate Community; Supported Independent Living,yes,no official website,Medium,https://www.ndiscommission.gov.au/provider-registration/find-registered-provider,2026-09-29
92485663273,Stronger Together Support Services,Stronger Together Support Services,RODNEY JAMES FEJO,92485663273,private_other,Not publicly available,"Assist-Life Stage, Transition",Darwin,Darwin Office,+610473360433,Not publicly available,Not publicly available,Not publicly available,Not publicly available,,,Not publicly available,,yes,"Approved NDIS registration groups: Assist-Life Stage, Transition",yes,no official website,Medium,https://www.ndiscommission.gov.au/provider-registration/find-registered-provider,2026-09-29
34895565969,SAFE HANDS NT,SAFE HANDS NT,N Ah Kit & R Chacko Thayil & R Joseph & A Michas,34895565969,private_other,"Safe Hands NT provides compassionate, person-centred NDIS disability support services across the Northern Territory — community access, social participation, and daily living support.","Accommodation/Tenancy; Assist-Life Stage, Transition; Assist-Personal Activities; Assist-Travel/Transport; Community Nursing Care; Daily Tasks/Shared Living; Development-Life Skills; Group/Centre Activities; Household Tasks; Innov Community Participation; Participate Community; Supported Independent Living",Other NT,"LYONS, NT, 0810, AU",0437 268 185,https://www.safehandsnt.com.au/,Not publicly available,Not publicly available,Not publicly available,,,Not publicly available,,yes,"Approved NDIS registration groups: Accommodation/Tenancy; Assist-Life Stage, Transition; Assist-Personal Activities; Assist-Travel/Transport; Community Nursing Care; Daily Tasks/Shared Living; Development-Life Skills; Group/Centre Activities; Household Tasks; Innov Community Participation; Participate Community; Supported Independent Living",yes,ok,Medium,https://www.ndiscommission.gov.au/provider-registration/find-registered-provider | https://www.safehandsnt.com.au/,2026-09-29
59871414409,Outback Disability Services,Outback Disability Services,M Munamati & J Munyanyi & the Trustee for J & M Munyanyi Family Trust,59871414409,private_other,"Outback Disability Services in Darwin: we understand that every individual is unique, with their own strengths, challenges, and aspirations.","Assist Access/Maintain Employ; Assist Personal Activities High; Assist-Life Stage, Transition; Assist-Personal Activities; Assist-Travel/Transport; Community Nursing Care; Daily Tasks/Shared Living; Development-Life Skills; Group/Centre Activities; Household Tasks; Innov Community Participation; Participate Community; Support Coordination; Supported Independent Living",Palmerston,"Office Location, 1 Gosse Circuit, GUNN, NT, 0832, AU",+6189856468,https://www.outbackdisability.com.au/,info@outbackdisability.com.au,Not publicly available,Not publicly available,,,Not publicly available,,yes,"Approved NDIS registration groups: Assist Access/Maintain Employ; Assist Personal Activities High; Assist-Life Stage, Transition; Assist-Personal Activities; Assist-Travel/Transport; Community Nursing Care; Daily Tasks/Shared Living; Development-Life Skills; Group/Centre Activities; Household Tasks; Innov Community Participation; Participate Community; Support Coordination; Supported Independent Living",yes,ok,High,https://www.ndiscommission.gov.au/provider-registration/find-registered-provider | https://www.outbackdisability.com.au/,2026-09-29
27968947985,SYMPATHY DISABILITY SERVICES,SYMPATHY DISABILITY SERVICES,Miss Veronica Juru Zedikia,27968947985,private_other,Not publicly available,"Assist Access/Maintain Employ; Assist Prod-Pers Care/Safety; Assist-Life Stage, Transition; Assist-Personal Activities; Assist-Travel/Transport; Assistive Prod-Household Task; Daily Tasks/Shared Living; Development-Life Skills; Group/Centre Activities; Household Tasks; Innov Community Participation; Participate Community; Supported Independent Living",Alice Springs,Sympathy Disability Services - SA,+610406029045,Not publicly available,Not publicly available,Not publicly available,Not publicly available,,,Not publicly available,,yes,"Approved NDIS registration groups: Assist Access/Maintain Employ; Assist Prod-Pers Care/Safety; Assist-Life Stage, Transition; Assist-Personal Activities; Assist-Travel/Transport; Assistive Prod-Household Task; Daily Tasks/Shared Living; Development-Life Skills; Group/Centre Activities; Household Tasks; Innov Community Participation; Participate Community; Supported Independent Living",yes,no official website,Medium,https://www.ndiscommission.gov.au/provider-registration/find-registered-provider,2026-09-29
36226490987,Tailored Territory Support Services,Tailored Territory Support Services,Miss Jodie Maree Wilton,36226490987,private_other,Not publicly available,"Assist-Life Stage, Transition; Assist-Personal Activities; Assist-Travel/Transport; Daily Tasks/Shared Living; Participate Community; Support Coordination; Supported Independent Living",Palmerston,"DURACK, NT, 0830, AU",Not publicly available,Not publicly available,Not publicly available,Not publicly available,Not publicly available,,,Not publicly available,,yes,"Approved NDIS registration groups: Assist-Life Stage, Transition; Assist-Personal Activities; Assist-Travel/Transport; Daily Tasks/Shared Living; Participate Community; Support Coordination; Supported Independent Living",yes,no official website,Medium,https://www.ndiscommission.gov.au/provider-registration/find-registered-provider,2026-09-29
96766437187,Territory Disability Services,Territory Disability Services,The trustee for the Jackson Family Trust,96766437187,private_other,Not publicly available,"Accommodation/Tenancy; Assist Personal Activities High; Assist-Life Stage, Transition; Assist-Personal Activities; Assist-Travel/Transport; Community Nursing Care; Daily Tasks/Shared Living; Development-Life Skills; Group/Centre Activities; Household Tasks; Innov Community Participation; Participate Community; Plan Management; Spec Support Employ; Specialised Disability Accommodation; Support Coordination; Supported Independent Living",Alice Springs,"Territory Disability Serivices, Unit 2, 11 Todd St, ALICE SPRINGS, NT, 0870, AU",+610889523800,Not publicly available,Not publicly available,Not publicly available,Not publicly available,,,Not publicly available,,yes,"Approved NDIS registration groups: Accommodation/Tenancy; Assist Personal Activities High; Assist-Life Stage, Transition; Assist-Personal Activities; Assist-Travel/Transport; Community Nursing Care; Daily Tasks/Shared Living; Development-Life Skills; Group/Centre Activities; Household Tasks; Innov Community Participation; Participate Community; Plan Management; Spec Support Employ; Specialised Disability Accommodation; Support Coordination; Supported Independent Living",yes,no official website,Medium,https://www.ndiscommission.gov.au/provider-registration/find-registered-provider,2026-09-29
12441795803,Territory Samaritan Care Services,Territory Samaritan Care Services,O.J Olagoke & O.J Olagoke,12441795803,private_other,Not publicly available,"Accommodation/Tenancy; Assist-Life Stage, Transition; Assist-Personal Activities; Assist-Travel/Transport; Daily Tasks/Shared Living; Development-Life Skills; Group/Centre Activities; Household Tasks; Innov Community Participation; Participate Community; Supported Independent Living",Other NT,Territory Samaritan Care Services,+61451640960,Not publicly available,Not publicly available,Not publicly available,Not publicly available,,,Not publicly available,,yes,"Approved NDIS registration groups: Accommodation/Tenancy; Assist-Life Stage, Transition; Assist-Personal Activities; Assist-Travel/Transport; Daily Tasks/Shared Living; Development-Life Skills; Group/Centre Activities; Household Tasks; Innov Community Participation; Participate Community; Supported Independent Living",yes,no official website,Medium,https://www.ndiscommission.gov.au/provider-registration/find-registered-provider,2026-09-29
89134371891,The Trustee for Affinity Care Australia Unit Trust,The Trustee for Affinity Care Australia Unit Trust,The Trustee for Affinity Care Australia Unit Trust,89134371891,private_other,Not publicly available,"Assist-Life Stage, Transition; Assist-Personal Activities; Assist-Travel/Transport; Daily Tasks/Shared Living; Development-Life Skills; Group/Centre Activities; Household Tasks; Innov Community Participation; Participate Community; Plan Management; Support Coordination; Supported Independent Living",Darwin,Respite Office,+610411966771,Not publicly available,Not publicly available,Not publicly available,Not publicly available,,,Not publicly available,,yes,"Approved NDIS registration groups: Assist-Life Stage, Transition; Assist-Personal Activities; Assist-Travel/Transport; Daily Tasks/Shared Living; Development-Life Skills; Group/Centre Activities; Household Tasks; Innov Community Participation; Participate Community; Plan Management; Support Coordination; Supported Independent Living",yes,no official website,Medium,https://www.ndiscommission.gov.au/provider-registration/find-registered-provider,2026-09-29
17411300832,SUNSET COAST SUPPORT SERVICES,SUNSET COAST SUPPORT SERVICES,Mr Kenneth John Murrell,17411300832,private_other,Not publicly available,"Assist-Life Stage, Transition; Assist-Personal Activities; Assist-Travel/Transport; Daily Tasks/Shared Living; Development-Life Skills; Group/Centre Activities; Household Tasks; Participate Community; Support Coordination; Supported Independent Living",Palmerston,"GRAY, NT, 0830, AU",Not publicly available,https://n/a,Not publicly available,Not publicly available,Not publicly available,,,Not publicly available,,yes,"Approved NDIS registration groups: Assist-Life Stage, Transition; Assist-Personal Activities; Assist-Travel/Transport; Daily Tasks/Shared Living; Development-Life Skills; Group/Centre Activities; Household Tasks; Participate Community; Support Coordination; Supported Independent Living",yes,"error:HTTPSConnectionPool(host='n', port=443): Max retries exceeded with url: /a (Caused by NameResolutionError(""HTTPSConnection(host='n', port=443): Failed to resolve 'n' ([Errno -2] Name or service not known)""))",Medium,https://www.ndiscommission.gov.au/provider-registration/find-registered-provider,2026-09-29
20438473688,VIJAYS CLEANING SERVICE,VIJAYS CLEANING SERVICE,Mrs Vilaiporn Wegener,20438473688,private_other,Not publicly available,Household Tasks,Darwin,Vijay's Cleaning Service,+610437878213,Not publicly available,Not publicly available,Not publicly available,Not publicly available,,,Not publicly available,,yes,Approved NDIS registration groups: Household Tasks,yes,no official website,Medium,https://www.ndiscommission.gov.au/provider-registration/find-registered-provider,2026-09-29
90887416066,The Centre for Positive behaviour Support,The Centre for Positive behaviour Support,The Trustee for JACKG Trust,90887416066,private_other,The Centre for Positive Behaviour Support Australia - (CPBS) is a leading provider of evidence-based positive behaviour support services.,"Accommodation/Tenancy; Assist Access/Maintain Employ; Assist-Life Stage, Transition; Assist-Personal Activities; Assist-Travel/Transport; Behaviour Support; Daily Tasks/Shared Living; Development-Life Skills; Early Childhood Supports; Household Tasks; Participate Community; Therapeutic Supports",Other NT,"Centre for Positive Behaviour Support - NT, AU",+611800800560,https://cpbs.com.au/,hello@cpbs.com.au,https://www.linkedin.com/company/cpbsau,Not publicly available,,,Not publicly available,,yes,"Approved NDIS registration groups: Accommodation/Tenancy; Assist Access/Maintain Employ; Assist-Life Stage, Transition; Assist-Personal Activities; Assist-Travel/Transport; Behaviour Support; Daily Tasks/Shared Living; Development-Life Skills; Early Childhood Supports; Household Tasks; Participate Community; Therapeutic Supports",yes,ok,High,https://www.ndiscommission.gov.au/provider-registration/find-registered-provider | https://cpbs.com.au/,2026-09-29
44646491484,WHOLISTIC FOCUS,WHOLISTIC FOCUS,Mrs Celine Seghers,44646491484,private_other,Not publicly available,Behaviour Support; Therapeutic Supports,Palmerston,"GRAY, NT, 0830, AU",Not publicly available,Not publicly available,Not publicly available,Not publicly available,Not publicly available,,,Not publicly available,,yes,Approved NDIS registration groups: Behaviour Support; Therapeutic Supports,yes,no official website,Medium,https://www.ndiscommission.gov.au/provider-registration/find-registered-provider,2026-09-29
15000122850,ALLIANZ AUSTRALIA INSURANCE LIMITED,ALLIANZ AUSTRALIA INSURANCE LIMITED,Allianz Australia Insurance Limited,15000122850,nonprofit_ndis,Not publicly available,Plan Management,Darwin,"ALLIANZ AUSTRALIA INSURANCE LIMITED - NT, 48-50 Smith Street, DARWIN CITY, NT, 0800, AU",+61136347,http://www.allianz.com.au/,Not publicly available,Not publicly available,Not publicly available,,,Not publicly available,,yes,Approved NDIS registration groups: Plan Management,yes,blocked,Medium,https://www.ndiscommission.gov.au/provider-registration/find-registered-provider,2026-09-29
85832071314,The Trustee for Bell Accounting NT Trust,The Trustee for Bell Accounting NT Trust,The Trustee for Bell Accounting NT Trust,85832071314,private_other,"We use cookies to enable essential functionality on our website, and analyze website traffic. By clicking Accept you consent to our use of cookies. We use cookies to enable essential functionality on our website, and analyze website traffic.",Plan Management,Other NT,The Trustee for Bell Accounting NT Trust,0889311999,https://www.bellaccountingnt.com.au/,admin@bellaccountingnt.com.au,Not publicly available,Not publicly available,,,Not publicly available,,yes,Approved NDIS registration groups: Plan Management,yes,ok,High,https://www.ndiscommission.gov.au/provider-registration/find-registered-provider | https://www.bellaccountingnt.com.au/,2026-09-29
82572914004,Waltja Tjutangku Palyapayi Aboriginal Co,Waltja Tjutangku Palyapayi Aboriginal Co,WALTJA TJUTANGKU PALYAPAYI CORP,82572914004,private_other,Not publicly available,"Assist-Life Stage, Transition; Assist-Travel/Transport; Group/Centre Activities; Participate Community",Alice Springs,"Waltja Tjutangku Palyapayi Aboriginal Corporation, 3 Ghan Road, CICCONE, NT, 0870, AU",+610889534488,https://www.waltja.org.au/,Not publicly available,Not publicly available,Not publicly available,,,Not publicly available,,yes,"Approved NDIS registration groups: Assist-Life Stage, Transition; Assist-Travel/Transport; Group/Centre Activities; Participate Community",yes,ok,Medium,https://www.ndiscommission.gov.au/provider-registration/find-registered-provider | https://www.waltja.org.au/,2026-09-29
76605552494,Anglicare N.T.,Anglicare N.T.,ANGLICARE N.T. LTD.,76605552494,nonprofit_ndis,Not publicly available,Assist-Personal Activities; Assist-Travel/Transport; Daily Tasks/Shared Living; Group/Centre Activities; Household Tasks; Participate Community; Plan Management; Support Coordination; Supported Independent Living,"Darwin, Katherine, Nhulunbuy",Anglicare NT Darwin,+610889850000,https://www.anglicare-nt.org.au/,Not publicly available,Not publicly available,Not publicly available,,,Not publicly available,,yes,Approved NDIS registration groups: Assist-Personal Activities; Assist-Travel/Transport; Daily Tasks/Shared Living; Group/Centre Activities; Household Tasks; Participate Community; Plan Management; Support Coordination; Supported Independent Living,yes,ok,Medium,https://www.ndiscommission.gov.au/provider-registration/find-registered-provider | https://www.anglicare-nt.org.au/,2026-09-29
88167926132,Australian Regional And Remote Community Services,Australian Regional And Remote Community Services,AUSTRALIAN REGIONAL AND REMOTE COMMUNITY SERVICES LIMITED,88167926132,nonprofit_ndis,"Dynamic prebuilt business website built with Avada, offering customizable layouts, advanced features, and seamless content management for professionals.",Assist Personal Activities High; Daily Tasks/Shared Living,"Darwin, Katherine",Juninga Centre,08 8982 5200,https://arrcs.org.au/,Not publicly available,Not publicly available,Not publicly available,,,Not publicly available,,yes,Approved NDIS registration groups: Assist Personal Activities High; Daily Tasks/Shared Living,yes,ok,Medium,https://www.ndiscommission.gov.au/provider-registration/find-registered-provider | https://arrcs.org.au/,2026-09-29
26642635242,Autism NT,Autism NT,AUTISM NORTHERN TERRITORY INC,26642635242,nonprofit_ndis,"Empowered Autistics and Informed Communities. — we work to promote inclusive spaces, challenge stigma, and provide meaningful support to the Autistic community.","Assist Access/Maintain Employ; Assist-Life Stage, Transition; Development-Life Skills; Group/Centre Activities; Household Tasks; Innov Community Participation; Participate Community",Palmerston,AUTISM NORTHERN TERRITORY INC,+610889484424,https://www.autismnt.org.au/,autismnt@autismnt.org.au,Not publicly available,Not publicly available,,,Not publicly available,,yes,"Approved NDIS registration groups: Assist Access/Maintain Employ; Assist-Life Stage, Transition; Development-Life Skills; Group/Centre Activities; Household Tasks; Innov Community Participation; Participate Community",yes,ok,High,https://www.ndiscommission.gov.au/provider-registration/find-registered-provider | https://www.autismnt.org.au/,2026-09-29
99589061225,YOUTHWORX NT,YOUTHWORX NT,N T INDUSTRY TRAINING BUREAU,99589061225,private_other,"Through person-centered job ready programs, YouthWorX NT helps anyone interested in finding, starting, changing or developing a job or career, and learning the skills to keep it.",Assist Access/Maintain Employ; Assist-Travel/Transport; Development-Life Skills; Participate Community; Spec Support Employ,Other NT,YouthWorX NT Hub,+610476622863,https://youthworxnt.com.au/,info@ywnt.com.au,https://www.linkedin.com/company/youthworx-nt,Not publicly available,,,Not publicly available,,yes,Approved NDIS registration groups: Assist Access/Maintain Employ; Assist-Travel/Transport; Development-Life Skills; Participate Community; Spec Support Employ,yes,ok,High,https://www.ndiscommission.gov.au/provider-registration/find-registered-provider | https://youthworxnt.com.au/,2026-09-29
63898668260,Casa Services Limited,Casa Services Limited,Casa Services Limited,63898668260,nonprofit_ndis,"Get compassionate disability support with Casa Services. We offer NDIS services, Supported Independent Living, & more. Join our team today!","Assist-Life Stage, Transition; Assist-Personal Activities; Assist-Travel/Transport; Daily Tasks/Shared Living; Development-Life Skills; Group/Centre Activities; Participate Community; Plan Management; Specialised Disability Accommodation; Supported Independent Living",Alice Springs,"Khalick 3, AU",+610889534311,https://www.casaservices.org.au/,hello@casa.net.au,https://www.linkedin.com/company/casa-services-limited,Not publicly available,,,Not publicly available,,yes,"Approved NDIS registration groups: Assist-Life Stage, Transition; Assist-Personal Activities; Assist-Travel/Transport; Daily Tasks/Shared Living; Development-Life Skills; Group/Centre Activities; Participate Community; Plan Management; Specialised Disability Accommodation; Supported Independent Living",yes,ok,High,https://www.ndiscommission.gov.au/provider-registration/find-registered-provider | https://www.casaservices.org.au/,2026-09-29
13084010362,Carers NT,Carers NT,CARERS N.T. Limited,13084010362,nonprofit_ndis,Not publicly available,"Assist Personal Activities High; Assist-Life Stage, Transition; Assist-Personal Activities; Assist-Travel/Transport; Daily Tasks/Shared Living; Development-Life Skills; Group/Centre Activities; Household Tasks; Participate Community; Support Coordination; Supported Independent Living",Darwin,"AISA ST SIL HOUSE, AU",1800 422 737,https://www.carersnt.asn.au/,flags@2x.webp,Not publicly available,Not publicly available,,,Not publicly available,,yes,"Approved NDIS registration groups: Assist Personal Activities High; Assist-Life Stage, Transition; Assist-Personal Activities; Assist-Travel/Transport; Daily Tasks/Shared Living; Development-Life Skills; Group/Centre Activities; Household Tasks; Participate Community; Support Coordination; Supported Independent Living",yes,ok,High,https://www.ndiscommission.gov.au/provider-registration/find-registered-provider | https://www.carersnt.asn.au/,2026-09-29
78263985795,CASPA SERVICES LTD.,CASPA SERVICES LTD.,CASPA SERVICES LTD.,78263985795,nonprofit_ndis,Not publicly available,"Accommodation/Tenancy; Assist Access/Maintain Employ; Assist-Life Stage, Transition; Assist-Personal Activities; Behaviour Support; Daily Tasks/Shared Living; Development-Life Skills; Group/Centre Activities; Household Tasks; Innov Community Participation; Participate Community; Support Coordination; Supported Independent Living; Therapeutic Supports",Darwin,"CASPA Services Ltd. Coffs Harbour Office, AU",+610266273700,https://www.caspa.org.au,Not publicly available,Not publicly available,Not publicly available,,,Not publicly available,,yes,"Approved NDIS registration groups: Accommodation/Tenancy; Assist Access/Maintain Employ; Assist-Life Stage, Transition; Assist-Personal Activities; Behaviour Support; Daily Tasks/Shared Living; Development-Life Skills; Group/Centre Activities; Household Tasks; Innov Community Participation; Participate Community; Support Coordination; Supported Independent Living; Therapeutic Supports",yes,"error:HTTPSConnectionPool(host='www.caspa.org.au', port=443): Max retries exceeded with url: / (Caused by SSLError(SSLError(1, '[SSL: SSLV3_ALERT_HANDSHAKE_FAILURE] sslv3 alert handshake failure (_ssl.c:1000)')))",Medium,https://www.ndiscommission.gov.au/provider-registration/find-registered-provider,2026-09-29
45232040478,DARWIN SKILLS DEVELOPMENT SCHEMEINCORPORATED,DARWIN SKILLS DEVELOPMENT SCHEMEINCORPORATED,DARWIN SKILLS DEVELOPMENT SCHEME INC,45232040478,nonprofit_ndis,"The Darwin Skills Development Scheme (DSDS) is a local community-based not-for-profit organisation with a vision to see all people thrive and lead fulfilling, safe and valued lives. Our purpose is to support people in overcoming barriers to positive participation in community life, including meaningful work.","Assist Access/Maintain Employ; Assist-Life Stage, Transition; Assist-Travel/Transport; Development-Life Skills; Group/Centre Activities; Innov Community Participation; Participate Community; Spec Support Employ",Darwin,Darwin Skills Development Scheme Inc,+610889489999,https://www.dsds.org.au/,info@dsds.org.au,https://www.linkedin.com/company/darwin-skills-development-scheme,Not publicly available,,,Not publicly available,,yes,"Approved NDIS registration groups: Assist Access/Maintain Employ; Assist-Life Stage, Transition; Assist-Travel/Transport; Development-Life Skills; Group/Centre Activities; Innov Community Participation; Participate Community; Spec Support Employ",yes,ok,High,https://www.ndiscommission.gov.au/provider-registration/find-registered-provider | https://www.dsds.org.au/,2026-09-29
38834458211,Ermha Ltd,Ermha Ltd,Ermha Limited,38834458211,nonprofit_ndis,Not publicly available,"Assist Personal Activities High; Assist-Life Stage, Transition; Assist-Personal Activities; Assist-Travel/Transport; Behaviour Support; Daily Tasks/Shared Living; Development-Life Skills; Group/Centre Activities; Household Tasks; Innov Community Participation; Participate Community; Support Coordination; Supported Independent Living; Therapeutic Supports",Darwin,"Darwin Head office, 71 McMinn Street, DARWIN CITY, NT, 0800, AU",+611300376421,https://www.ermha.org,Not publicly available,Not publicly available,Not publicly available,,,Not publicly available,,yes,"Approved NDIS registration groups: Assist Personal Activities High; Assist-Life Stage, Transition; Assist-Personal Activities; Assist-Travel/Transport; Behaviour Support; Daily Tasks/Shared Living; Development-Life Skills; Group/Centre Activities; Household Tasks; Innov Community Participation; Participate Community; Support Coordination; Supported Independent Living; Therapeutic Supports",yes,blocked,Medium,https://www.ndiscommission.gov.au/provider-registration/find-registered-provider,2026-09-29
76210591710,Central Australian Aboriginal Congress Aboriginal Corporation,Central Australian Aboriginal Congress Aboriginal Corporation,CENTRAL AUSTRALIAN ABORIGINAL CONGRESS ABORIGINAL CORPORATION,76210591710,nonprofit_ndis,"A primary health care service, a strong political advocate of closing the gap & a leader in improving health outcomes for all Aboriginal people.",Early Childhood Supports; Therapeutic Supports,Alice Springs,Gap Clinic,+610889514469,https://www.caac.org.au/,caac@mytp.com.au,Not publicly available,Not publicly available,,,Not publicly available,,yes,Approved NDIS registration groups: Early Childhood Supports; Therapeutic Supports,yes,ok,High,https://www.ndiscommission.gov.au/provider-registration/find-registered-provider | https://www.caac.org.au/,2026-09-29
91183168093,Guide Dogs Association of SA & NT Inc,Guide Dogs Association of SA & NT Inc,GUIDE DOGS ASSOCIATION OF SA & NT INC,91183168093,nonprofit_ndis,"Maximise independence with Guide Dogs SA/NT specialist vision services supporting people with low vision, blindness and specialised needs.","Assist Prod-Pers Care/Safety; Assist-Life Stage, Transition; Assistance Animals; Assistive Prod-Household Task; Comms & Info Equipment; Development-Life Skills; Early Childhood Supports; Hearing Equipment; Innov Community Participation; Therapeutic Supports; Vision Equipment",Other NT,Guide Dogs Association of SA & NT Inc,+611800757738,https://sant.guidedogs.com.au/,info@guidedogs.org.au,https://www.linkedin.com/company/guide-dogs-sa.nt,Not publicly available,,,Not publicly available,,yes,"Approved NDIS registration groups: Assist Prod-Pers Care/Safety; Assist-Life Stage, Transition; Assistance Animals; Assistive Prod-Household Task; Comms & Info Equipment; Development-Life Skills; Early Childhood Supports; Hearing Equipment; Innov Community Participation; Therapeutic Supports; Vision Equipment",yes,ok,High,https://www.ndiscommission.gov.au/provider-registration/find-registered-provider | https://sant.guidedogs.com.au/,2026-09-29
47072232083,INTERACT AUSTRALIA LTD,INTERACT AUSTRALIA LTD,INTERACT AUSTRALIA (VICTORIA) LIMITED,47072232083,nonprofit_ndis,Not publicly available,"Assist Access/Maintain Employ; Assist Personal Activities High; Assist-Life Stage, Transition; Assist-Personal Activities; Assist-Travel/Transport; Community Nursing Care; Daily Tasks/Shared Living; Development-Life Skills; Group/Centre Activities; Household Tasks; Innov Community Participation; Participate Community; Supported Independent Living",Darwin,"Interact Australia Northern Territory, 66 Smith Street, DARWIN CITY, NT, 0800, AU",+611300388873,https://www.interact.com.au,Not publicly available,Not publicly available,Not publicly available,,,Not publicly available,,yes,"Approved NDIS registration groups: Assist Access/Maintain Employ; Assist Personal Activities High; Assist-Life Stage, Transition; Assist-Personal Activities; Assist-Travel/Transport; Community Nursing Care; Daily Tasks/Shared Living; Development-Life Skills; Group/Centre Activities; Household Tasks; Innov Community Participation; Participate Community; Supported Independent Living",yes,blocked,Medium,https://www.ndiscommission.gov.au/provider-registration/find-registered-provider,2026-09-29
12423651231,Dynamic Community Services Incorporated,Dynamic Community Services Incorporated,Dynamic Community Services Incorporated,12423651231,nonprofit_ndis,From NDIS support services and companionship to community non for profit projects that make a real difference to people.,Assist-Personal Activities; Assist-Travel/Transport; Daily Tasks/Shared Living; Development-Life Skills; Group/Centre Activities; Household Tasks; Participate Community; Supported Independent Living,Alice Springs,Dynamic Community Services Incorporated.,0498 446 763,https://www.dynamiccommunityservice.org.au/,info@dynamiccommunityservice.org.au,Not publicly available,Not publicly available,,,Not publicly available,,yes,Approved NDIS registration groups: Assist-Personal Activities; Assist-Travel/Transport; Daily Tasks/Shared Living; Development-Life Skills; Group/Centre Activities; Household Tasks; Participate Community; Supported Independent Living,yes,ok,High,https://www.ndiscommission.gov.au/provider-registration/find-registered-provider | https://www.dynamiccommunityservice.org.au/,2026-09-29
13506264631,HPA Incorporated,HPA Incorporated,HPA INCORPORATED,13506264631,nonprofit_ndis,HPA has been a long-term provider of disability support services and supported employment within the Darwin Region since 1963.,Accommodation/Tenancy; Assist Access/Maintain Employ; Assist Personal Activities High; Assist-Personal Activities; Assist-Travel/Transport; Daily Tasks/Shared Living; Development-Life Skills; Group/Centre Activities; Household Tasks; Innov Community Participation; Participate Community; Spec Support Employ; Specialised Disability Accommodation; Supported Independent Living,"Darwin, Palmerston","Ausdesigns, 46 Toupein Road, YARRAWONGA, NT, 0830, AU",+610889470681,https://www.helpingpeopleachieve.com.au/,inspire@hpa.net.au,https://www.linkedin.com/company/helping-people-achieve,Not publicly available,,,Not publicly available,,yes,Approved NDIS registration groups: Accommodation/Tenancy; Assist Access/Maintain Employ; Assist Personal Activities High; Assist-Personal Activities; Assist-Travel/Transport; Daily Tasks/Shared Living; Development-Life Skills; Group/Centre Activities; Household Tasks; Innov Community Participation; Participate Community; Spec Support Employ; Specialised Disability Accommodation; Supported Independent Living,yes,ok,High,https://www.ndiscommission.gov.au/provider-registration/find-registered-provider | https://www.helpingpeopleachieve.com.au/,2026-09-29
86695642473,Laynhapuy Homelands Aboriginal Corporation,Laynhapuy Homelands Aboriginal Corporation,LAYNHAPUY HOMELANDS ABORIGINAL CORPORATION,86695642473,nonprofit_ndis,Not publicly available,"Assist-Life Stage, Transition; Assist-Personal Activities; Assist-Travel/Transport; Development-Life Skills; Group/Centre Activities; Household Tasks; Participate Community; Plan Management; Therapeutic Supports",Other NT,Laynhapuy Homelands Aboriginal Corporation,+610889391861,Not publicly available,Not publicly available,Not publicly available,Not publicly available,,,Not publicly available,,yes,"Approved NDIS registration groups: Assist-Life Stage, Transition; Assist-Personal Activities; Assist-Travel/Transport; Development-Life Skills; Group/Centre Activities; Household Tasks; Participate Community; Plan Management; Therapeutic Supports",yes,no official website,Medium,https://www.ndiscommission.gov.au/provider-registration/find-registered-provider,2026-09-29
46294019291,Makassan Care,Makassan Care,UMNT Incorporated,46294019291,nonprofit_ndis,We Are Closed Thank you for visiting Makassan Care. We are currently not accepting new enquiries at this time.,"Assist Access/Maintain Employ; Assist-Life Stage, Transition; Assist-Personal Activities; Assist-Travel/Transport; Daily Tasks/Shared Living; Development-Life Skills; Group/Centre Activities; Household Tasks; Innov Community Participation; Participate Community; Spec Support Employ; Supported Independent Living",Darwin,Makassan Care,+610416574828,https://makassancare.com.au/,Not publicly available,Not publicly available,Not publicly available,,,Not publicly available,,yes,"Approved NDIS registration groups: Assist Access/Maintain Employ; Assist-Life Stage, Transition; Assist-Personal Activities; Assist-Travel/Transport; Daily Tasks/Shared Living; Development-Life Skills; Group/Centre Activities; Household Tasks; Innov Community Participation; Participate Community; Spec Support Employ; Supported Independent Living",yes,ok,Medium,https://www.ndiscommission.gov.au/provider-registration/find-registered-provider | https://makassancare.com.au/,2026-09-29
58608550607,Healthia Podiatry,Healthia Podiatry,Healthia Podiatry Limited,58608550607,nonprofit_ndis,My FootDr podiatry centres is Australia's largest podiatry group. We strive for excellence and stand by our claim that We Fix Feet! Book online today.,Custom Prosthetics; Early Childhood Supports; Therapeutic Supports,"Palmerston, Alice Springs","My FootDr Palmerston, 15 Temple Terrace, PALMERSTON CITY, NT, 0830, AU",07 4153 3255,https://www.myfootdr.com.au/,info@myfootdr.com.au,Not publicly available,Not publicly available,,,Not publicly available,,yes,Approved NDIS registration groups: Custom Prosthetics; Early Childhood Supports; Therapeutic Supports,yes,ok,High,https://www.ndiscommission.gov.au/provider-registration/find-registered-provider | https://www.myfootdr.com.au/,2026-09-29
42627952082,LEADWISE RESEARCH AND SUPPORT INCORPORATED,LEADWISE RESEARCH AND SUPPORT INCORPORATED,Leadwise Research and Support Incorporated,42627952082,nonprofit_ndis,Our nonprofit focus on the welfare and wellbeing of young people especially those who have disabilities or involved with crime.,"Assist-Life Stage, Transition; Support Coordination",Palmerston,Head Office,08 7190 0488,https://www.leadwise.org.au/,info@leadwise.org.au,https://www.linkedin.com/company/leadwise-research-and-support-incorporated,Not publicly available,,,Not publicly available,,yes,"Approved NDIS registration groups: Assist-Life Stage, Transition; Support Coordination",yes,ok,High,https://www.ndiscommission.gov.au/provider-registration/find-registered-provider | https://www.leadwise.org.au/,2026-09-29
17030032930,Kalano Community Association Inc,Kalano Community Association Inc,KALANO COMMUNITY ASSOCIATION INC,17030032930,nonprofit_ndis,"We believe that Aboriginal community control of service delivery is essential for the best services and outcomes for Aboriginal people. Kalano is committed to ensuring equitable access to culturally sensitive community services as we uphold accountability to our members, funders, and legal obligations. We look to our community members for employment and development opportunities and align Organisa","Accommodation/Tenancy; Assist-Life Stage, Transition; Assist-Personal Activities; Assist-Travel/Transport; Daily Tasks/Shared Living; Development-Life Skills; Group/Centre Activities; Household Tasks; Innov Community Participation; Participate Community; Supported Independent Living","Darwin, Katherine",Katherine Supported Independent Living (SIL) House,+610429456370,https://kalano.org.au/,Not publicly available,Not publicly available,Not publicly available,,,Not publicly available,,yes,"Approved NDIS registration groups: Accommodation/Tenancy; Assist-Life Stage, Transition; Assist-Personal Activities; Assist-Travel/Transport; Daily Tasks/Shared Living; Development-Life Skills; Group/Centre Activities; Household Tasks; Innov Community Participation; Participate Community; Supported Independent Living",yes,ok,Medium,https://www.ndiscommission.gov.au/provider-registration/find-registered-provider | https://kalano.org.au/,2026-09-29
85097999347,Lifestyle Solutions (Aust) Ltd,Lifestyle Solutions (Aust) Ltd,LIFESTYLE SOLUTIONS (AUST) LTD,85097999347,nonprofit_ndis,"Lifestyle Solutions provides services to people with disability, young people and children in Out Of Home Care, their families and communities.","Assist Access/Maintain Employ; Assist Personal Activities High; Assist-Life Stage, Transition; Assist-Personal Activities; Assist-Travel/Transport; Behaviour Support; Community Nursing Care; Daily Tasks/Shared Living; Development-Life Skills; Group/Centre Activities; Household Tasks; Innov Community Participation; Participate Community; Spec Support Employ; Specialised Disability Accommodation; Support Coordination; Supported Independent Living; Therapeutic Supports",Alice Springs,"Supplejack, 1 Ludgate Street, BRAITLING, NT, 0870, AU",1800 634 748,https://www.lifestylesolutions.org.au/,enquiry@lifestylesolutions.org.au,https://www.linkedin.com/company/lifestyle-solutions-aust-ltd-,Not publicly available,,,Not publicly available,,yes,"Approved NDIS registration groups: Assist Access/Maintain Employ; Assist Personal Activities High; Assist-Life Stage, Transition; Assist-Personal Activities; Assist-Travel/Transport; Behaviour Support; Community Nursing Care; Daily Tasks/Shared Living; Development-Life Skills; Group/Centre Activities; Household Tasks; Innov Community Participation; Participate Community; Spec Support Employ; Specialised Disability Accommodation; Support Coordination; Supported Independent Living; Therapeutic Supports",yes,ok,High,https://www.ndiscommission.gov.au/provider-registration/find-registered-provider | https://www.lifestylesolutions.org.au/,2026-09-29
19010762321,Mental Illness Fellowship of Australia (NT) Inc,Mental Illness Fellowship of Australia (NT) Inc,MENTAL ILLNESS FELLOWSHIP OF AUSTRALIA (NT) INC,19010762321,nonprofit_ndis,"For approximately three decades, Mental Illness Fellowship of Australia (NT) (MIFANT) has been dedicated to delivering programs and services for individuals living with mental ill health, as well as their caregivers and families.","Assist Access/Maintain Employ; Assist-Life Stage, Transition; Assist-Personal Activities; Assist-Travel/Transport; Daily Tasks/Shared Living; Development-Life Skills; Group/Centre Activities; Innov Community Participation; Participate Community; Therapeutic Supports",Darwin,Darwin,1800 985 944,https://www.mifant.org.au/,18d2f96d279149989b95faf0a4b41882@sentry-next.wixpress.com,Not publicly available,Not publicly available,,,Not publicly available,,yes,"Approved NDIS registration groups: Assist Access/Maintain Employ; Assist-Life Stage, Transition; Assist-Personal Activities; Assist-Travel/Transport; Daily Tasks/Shared Living; Development-Life Skills; Group/Centre Activities; Innov Community Participation; Participate Community; Therapeutic Supports",yes,ok,High,https://www.ndiscommission.gov.au/provider-registration/find-registered-provider | https://www.mifant.org.au/,2026-09-29
96843428729,Miwatj Health Aboriginal Corporation,Miwatj Health Aboriginal Corporation,MIWATJ HEALTH ABORIGINAL CORPORATION,96843428729,nonprofit_ndis,Not publicly available,"Assist-Life Stage, Transition; Assist-Travel/Transport; Daily Tasks/Shared Living; Development-Life Skills; Group/Centre Activities; Participate Community; Support Coordination; Therapeutic Supports",Darwin,"MIWATJ, 28 Knuckey Street, DARWIN CITY, NT, 0800, AU",Not publicly available,https://miwatj.com.au,Not publicly available,Not publicly available,Not publicly available,,,Not publicly available,,yes,"Approved NDIS registration groups: Assist-Life Stage, Transition; Assist-Travel/Transport; Daily Tasks/Shared Living; Development-Life Skills; Group/Centre Activities; Participate Community; Support Coordination; Therapeutic Supports",yes,blocked,Medium,https://www.ndiscommission.gov.au/provider-registration/find-registered-provider,2026-09-29
91804704259,MHACA,MHACA,MENTAL HEALTH ASSOCIATION OF CENTRAL AUST INC,91804704259,nonprofit_ndis,MHACA provides psychosocial support services and educational programs aimed at enhancing mental health and well being of people living in Central Australia.,"Accommodation/Tenancy; Assist Access/Maintain Employ; Assist-Life Stage, Transition; Assist-Travel/Transport; Development-Life Skills; Group/Centre Activities; Innov Community Participation; Participate Community; Support Coordination; Supported Independent Living",Alice Springs,"14 Lindsay Avenue East side, 14 Lindsay Avenue, EAST SIDE, NT, 0870, AU",+610889504600,https://www.mhaca.org.au/,info@mhaca.org.au,https://www.linkedin.com/company/mental-health-association-central-australia,Not publicly available,,,Not publicly available,,yes,"Approved NDIS registration groups: Accommodation/Tenancy; Assist Access/Maintain Employ; Assist-Life Stage, Transition; Assist-Travel/Transport; Development-Life Skills; Group/Centre Activities; Innov Community Participation; Participate Community; Support Coordination; Supported Independent Living",yes,ok,High,https://www.ndiscommission.gov.au/provider-registration/find-registered-provider | https://www.mhaca.org.au/,2026-09-29
75638080972,MSWA,MSWA,MSWA LIMITED,75638080972,nonprofit_ndis,Not publicly available,"Accommodation/Tenancy; Assist Personal Activities High; Assist Prod-Pers Care/Safety; Assist-Life Stage, Transition; Assist-Personal Activities; Assist-Travel/Transport; Assistive Prod-Household Task; Community Nursing Care; Daily Tasks/Shared Living; Development-Life Skills; Ex Phys Pers Training; Group/Centre Activities; Home Modification; Household Tasks; Participate Community; Personal Mobility Equipment; Specialised Disability Accommodation; Support Coordination; Supported Independent Living; Therapeutic Supports",Other NT,"MSSANT (South Australia and Northern Territory) Service Centre, Unit 2, 10 Regency Road, KILKENNY, SA, 5009, AU",+6164543174,https://www.mswa.org.au,Not publicly available,Not publicly available,Not publicly available,,,Not publicly available,,yes,"Approved NDIS registration groups: Accommodation/Tenancy; Assist Personal Activities High; Assist Prod-Pers Care/Safety; Assist-Life Stage, Transition; Assist-Personal Activities; Assist-Travel/Transport; Assistive Prod-Household Task; Community Nursing Care; Daily Tasks/Shared Living; Development-Life Skills; Ex Phys Pers Training; Group/Centre Activities; Home Modification; Household Tasks; Participate Community; Personal Mobility Equipment; Specialised Disability Accommodation; Support Coordination; Supported Independent Living; Therapeutic Supports",yes,blocked,Medium,https://www.ndiscommission.gov.au/provider-registration/find-registered-provider,2026-09-29
51101586808,NT FRIENDSHIP & SUPPORT INC,NT FRIENDSHIP & SUPPORT INC,NT FRIENDSHIP & SUPPORT INC,51101586808,nonprofit_ndis,Not publicly available,"Accommodation/Tenancy; Assist Access/Maintain Employ; Assist Personal Activities High; Assist-Life Stage, Transition; Assist-Personal Activities; Assist-Travel/Transport; Daily Tasks/Shared Living; Development-Life Skills; Innov Community Participation; Participate Community; Spec Support Employ; Supported Independent Living","Alice Springs, Katherine",EqualiTEA Alice Springs,+610889710027,Not publicly available,Not publicly available,Not publicly available,Not publicly available,,,Not publicly available,,yes,"Approved NDIS registration groups: Accommodation/Tenancy; Assist Access/Maintain Employ; Assist Personal Activities High; Assist-Life Stage, Transition; Assist-Personal Activities; Assist-Travel/Transport; Daily Tasks/Shared Living; Development-Life Skills; Innov Community Participation; Participate Community; Spec Support Employ; Supported Independent Living",yes,no official website,Medium,https://www.ndiscommission.gov.au/provider-registration/find-registered-provider,2026-09-29
64146004524,Pathfinders Ltd,Pathfinders Ltd,Pathfinders Ltd,64146004524,nonprofit_ndis,"Pathfinders is a not-for-profit offering social services for children, youth and families in the North West and Mid North Coast regions of NSW.","Accommodation/Tenancy; Assist Access/Maintain Employ; Assist Personal Activities High; Assist-Life Stage, Transition; Assist-Personal Activities; Assist-Travel/Transport; Behaviour Support; Daily Tasks/Shared Living; Development-Life Skills; Early Childhood Supports; Ex Phys Pers Training; Group/Centre Activities; Household Tasks; Innov Community Participation; Participate Community; Plan Management; Specialised Disability Accommodation; Support Coordination; Supported Independent Living; Therapeutic Supports","Palmerston, Alice Springs","Pathfinders Palmerston, Shop 2, 17 University Avenue, PALMERSTON CITY, NT, 0830, AU",+610257759800,https://pathfinders.ngo/,Not publicly available,https://www.linkedin.com/company/pathfindersltd,Not publicly available,,,Not publicly available,,yes,"Approved NDIS registration groups: Accommodation/Tenancy; Assist Access/Maintain Employ; Assist Personal Activities High; Assist-Life Stage, Transition; Assist-Personal Activities; Assist-Travel/Transport; Behaviour Support; Daily Tasks/Shared Living; Development-Life Skills; Early Childhood Supports; Ex Phys Pers Training; Group/Centre Activities; Household Tasks; Innov Community Participation; Participate Community; Plan Management; Specialised Disability Accommodation; Support Coordination; Supported Independent Living; Therapeutic Supports",yes,ok,High,https://www.ndiscommission.gov.au/provider-registration/find-registered-provider | https://pathfinders.ngo/,2026-09-29
24574460703,My Way Disability & Aged Care,My Way Disability & Aged Care,My Way Community Alliance Ltd,24574460703,nonprofit_ndis,"My Way Disability and Aged Care (My Way) - an NDIS Reg Service Provider for people living with disability, the elderly, families and carers.","Assist Personal Activities High; Assist Prod-Pers Care/Safety; Assist-Life Stage, Transition; Assist-Personal Activities; Assist-Travel/Transport; Assistive Prod-Household Task; Behaviour Support; Community Nursing Care; Daily Tasks/Shared Living; Development-Life Skills; Early Childhood Supports; Group/Centre Activities; Household Tasks; Innov Community Participation; Participate Community; Plan Management; Specialised Disability Accommodation; Support Coordination; Supported Independent Living; Therapeutic Supports","Alice Springs, Tennant Creek","My Way Disability and Aged Care --- Alice Springs, Unit 3, 7 Larapinta Drive, GILLEN, NT, 0870, AU",+610861466296,https://myway.org.au/,admin@myway.org.au,https://www.linkedin.com/company/my-way-community-alliance,Not publicly available,,,Not publicly available,,yes,"Approved NDIS registration groups: Assist Personal Activities High; Assist Prod-Pers Care/Safety; Assist-Life Stage, Transition; Assist-Personal Activities; Assist-Travel/Transport; Assistive Prod-Household Task; Behaviour Support; Community Nursing Care; Daily Tasks/Shared Living; Development-Life Skills; Early Childhood Supports; Group/Centre Activities; Household Tasks; Innov Community Participation; Participate Community; Plan Management; Specialised Disability Accommodation; Support Coordination; Supported Independent Living; Therapeutic Supports",yes,ok,High,https://www.ndiscommission.gov.au/provider-registration/find-registered-provider | https://myway.org.au/,2026-09-29
74662925504,Project21,Project21,DOWN SYNDROME ASSOCIATION OF NT INC,74662925504,nonprofit_ndis,Please visit our facebook pages for latest news and upcoming events. Ways to Donate Please help us by donating to Down Syndrome Association Northern Territory Find Out More Supporters,"Accommodation/Tenancy; Assist Access/Maintain Employ; Assist-Life Stage, Transition; Assist-Personal Activities; Assist-Travel/Transport; Comms & Info Equipment; Development-Life Skills; Group/Centre Activities; Innov Community Participation; Participate Community",Darwin,"Project21 CDU campus, Charles Darwin University, 7 Ellengowan Drive, BRINKIN, NT, 0810, AU",+610889456222,https://downsyndroment.com.au/,admin@downsyndroment.com.au,Not publicly available,Not publicly available,,,Not publicly available,,yes,"Approved NDIS registration groups: Accommodation/Tenancy; Assist Access/Maintain Employ; Assist-Life Stage, Transition; Assist-Personal Activities; Assist-Travel/Transport; Comms & Info Equipment; Development-Life Skills; Group/Centre Activities; Innov Community Participation; Participate Community",yes,ok,High,https://www.ndiscommission.gov.au/provider-registration/find-registered-provider | https://downsyndroment.com.au/,2026-09-29
71488593014,Step Out Community Access Service Inc,Step Out Community Access Service Inc,STEP OUT COMMUNITY ACCESS SERVICE INC,71488593014,nonprofit_ndis,Not publicly available,"Assist Personal Activities High; Assist-Life Stage, Transition; Assist-Personal Activities; Assist-Travel/Transport; Daily Tasks/Shared Living; Development-Life Skills; Group/Centre Activities; Household Tasks; Innov Community Participation; Participate Community; Supported Independent Living",Katherine,"Step Out Main Office & Community Centre, 298 Zimin Drive, COSSACK, NT, 0850, AU",+610417164931,Not publicly available,Not publicly available,Not publicly available,Not publicly available,,,Not publicly available,,yes,"Approved NDIS registration groups: Assist Personal Activities High; Assist-Life Stage, Transition; Assist-Personal Activities; Assist-Travel/Transport; Daily Tasks/Shared Living; Development-Life Skills; Group/Centre Activities; Household Tasks; Innov Community Participation; Participate Community; Supported Independent Living",yes,no official website,Medium,https://www.ndiscommission.gov.au/provider-registration/find-registered-provider,2026-09-29
65159208867,MJD Foundation Limited,MJD Foundation Limited,MJD FOUNDATION LIMITED,65159208867,nonprofit_ndis,The MJD Foundation supports families living with Machado-Joseph Disease and Spinocerebellar Ataxia Type 7 in Aboriginal & Torres Strait Islander communities.,"Assist Personal Activities High; Assist Prod-Pers Care/Safety; Assist-Life Stage, Transition; Assist-Personal Activities; Assist-Travel/Transport; Assistive Equip-Recreation; Assistive Prod-Household Task; Comms & Info Equipment; Daily Tasks/Shared Living; Development-Life Skills; Ex Phys Pers Training; Group/Centre Activities; Home Modification; Household Tasks; Innov Community Participation; Interpret/Translate; Participate Community; Personal Mobility Equipment; Plan Management; Support Coordination; Therapeutic Supports",Darwin,MJDF Groote Office,+611300584122,https://mjd.org.au/,info@mjd.org.au,Not publicly available,Not publicly available,,,Not publicly available,,yes,"Approved NDIS registration groups: Assist Personal Activities High; Assist Prod-Pers Care/Safety; Assist-Life Stage, Transition; Assist-Personal Activities; Assist-Travel/Transport; Assistive Equip-Recreation; Assistive Prod-Household Task; Comms & Info Equipment; Daily Tasks/Shared Living; Development-Life Skills; Ex Phys Pers Training; Group/Centre Activities; Home Modification; Household Tasks; Innov Community Participation; Interpret/Translate; Participate Community; Personal Mobility Equipment; Plan Management; Support Coordination; Therapeutic Supports",yes,ok,High,https://www.ndiscommission.gov.au/provider-registration/find-registered-provider | https://mjd.org.au/,2026-09-29
85940440965,Carpentaria Disability Services Ltd.,Carpentaria Disability Services Ltd.,CARPENTARIA DISABILITY SERVICES LTD,85940440965,nonprofit_ndis,"Carpentaria offers therapy and disability services for Territorians of all ages. An NDIS provider supporting children, adolescents, and adults.","Assist Access/Maintain Employ; Assist Personal Activities High; Assist Prod-Pers Care/Safety; Assist-Life Stage, Transition; Assist-Personal Activities; Assist-Travel/Transport; Behaviour Support; Comms & Info Equipment; Community Nursing Care; Daily Tasks/Shared Living; Development-Life Skills; Early Childhood Supports; Group/Centre Activities; Household Tasks; Innov Community Participation; Participate Community; Specialised Disability Accommodation; Support Coordination; Supported Independent Living; Therapeutic Supports","Darwin, Alice Springs","The Links 13 SIL, AU",08 8920 9400,https://carpentaria.org.au/,info@carpentaria.org.au,https://www.linkedin.com/company/carpentaria,Not publicly available,,,Not publicly available,,yes,"Approved NDIS registration groups: Assist Access/Maintain Employ; Assist Personal Activities High; Assist Prod-Pers Care/Safety; Assist-Life Stage, Transition; Assist-Personal Activities; Assist-Travel/Transport; Behaviour Support; Comms & Info Equipment; Community Nursing Care; Daily Tasks/Shared Living; Development-Life Skills; Early Childhood Supports; Group/Centre Activities; Household Tasks; Innov Community Participation; Participate Community; Specialised Disability Accommodation; Support Coordination; Supported Independent Living; Therapeutic Supports",yes,ok,High,https://www.ndiscommission.gov.au/provider-registration/find-registered-provider | https://carpentaria.org.au/,2026-09-29
62302702903,Somerville Community Services Ltd,Somerville Community Services Ltd,Somerville Community Services Ltd,62302702903,nonprofit_ndis,"Somerville Community Services Inc. is a not-for-profit, youth, family and community welfare organisation in the Northern Territory of Australia.","Accommodation/Tenancy; Assist Personal Activities High; Assist-Life Stage, Transition; Assist-Personal Activities; Daily Tasks/Shared Living; Development-Life Skills; Group/Centre Activities; Household Tasks; Innov Community Participation; Participate Community; Specialised Disability Accommodation; Support Coordination; Supported Independent Living","Darwin, Palmerston, Alice Springs, Katherine","Somerville Katherine, 30 First Street, KATHERINE, NT, 0850, AU",+610889204100,https://somerville.org.au/,scs@somerville.org.au,https://www.linkedin.com/company/somerville-community-services,Not publicly available,,,Not publicly available,,yes,"Approved NDIS registration groups: Accommodation/Tenancy; Assist Personal Activities High; Assist-Life Stage, Transition; Assist-Personal Activities; Daily Tasks/Shared Living; Development-Life Skills; Group/Centre Activities; Household Tasks; Innov Community Participation; Participate Community; Specialised Disability Accommodation; Support Coordination; Supported Independent Living",yes,ok,High,https://www.ndiscommission.gov.au/provider-registration/find-registered-provider | https://somerville.org.au/,2026-09-29
54124789493,Thamarrurr Development Corporation Limited,Thamarrurr Development Corporation Limited,THAMARRURR DEVELOPMENT CORPORATION LIMITED,54124789493,nonprofit_ndis,Not publicly available,"Assist-Life Stage, Transition; Assist-Personal Activities; Assist-Travel/Transport; Development-Life Skills; Household Tasks; Innov Community Participation; Participate Community",Other NT,"Thamarrurr Development Corporation, Resource Centre, Main Road, PALUMPA, NT, 0822, AU",+610889781305,https://www.thamarrurr.org.au/,Not publicly available,Not publicly available,Not publicly available,,,Not publicly available,,yes,"Approved NDIS registration groups: Assist-Life Stage, Transition; Assist-Personal Activities; Assist-Travel/Transport; Development-Life Skills; Household Tasks; Innov Community Participation; Participate Community",yes,ok,Medium,https://www.ndiscommission.gov.au/provider-registration/find-registered-provider | https://www.thamarrurr.org.au/,2026-09-29
16345352064,TeamHEALTH,TeamHEALTH,TOP END ASSOCIATION FOR MENTAL HEALTH INC.,16345352064,nonprofit_ndis,TeamHEALTH aims to create community capacity for good mental health so that all people may lead a full and valued life.,"Accommodation/Tenancy; Assist Access/Maintain Employ; Assist-Life Stage, Transition; Assist-Personal Activities; Assist-Travel/Transport; Daily Tasks/Shared Living; Development-Life Skills; Group/Centre Activities; Household Tasks; Innov Community Participation; Participate Community; Plan Management; Support Coordination; Supported Independent Living",Darwin,"The Bougainvillea Centre, 25 Boetdoemba Street, NIGHTCLIFF, NT, 0810, AU",1300 780 081,https://www.teamhealth.asn.au/,teamhealth@teamhealth.asn.au,https://www.linkedin.com/company/teamhealthnt,Not publicly available,,,Not publicly available,,yes,"Approved NDIS registration groups: Accommodation/Tenancy; Assist Access/Maintain Employ; Assist-Life Stage, Transition; Assist-Personal Activities; Assist-Travel/Transport; Daily Tasks/Shared Living; Development-Life Skills; Group/Centre Activities; Household Tasks; Innov Community Participation; Participate Community; Plan Management; Support Coordination; Supported Independent Living",yes,ok,High,https://www.ndiscommission.gov.au/provider-registration/find-registered-provider | https://www.teamhealth.asn.au/,2026-09-29
92148147305,Total Recreation NT Inc,Total Recreation NT Inc,TOTAL RECREATION NT INC,92148147305,nonprofit_ndis,"Find out what community access opportunities exist with NDIS service provider Total Recreation,",Assist-Travel/Transport; Ex Phys Pers Training; Group/Centre Activities; Innov Community Participation; Participate Community,Darwin,"CASUARINA, NT, 0810, AU",4-4947-9299,https://www.totalrecreation.org.au/,admin@totalrecreation.org.au,Not publicly available,Not publicly available,,,Not publicly available,,yes,Approved NDIS registration groups: Assist-Travel/Transport; Ex Phys Pers Training; Group/Centre Activities; Innov Community Participation; Participate Community,yes,ok,High,https://www.ndiscommission.gov.au/provider-registration/find-registered-provider | https://www.totalrecreation.org.au/,2026-09-29
49123924715,Assistive Technology Lab NT,Assistive Technology Lab NT,"CONGDON, ANDREW RICHARD",49123924715,sole_trader,Not publicly available,Assist Prod-Pers Care/Safety; Assistive Equip-Recreation; Assistive Prod-Household Task; Comms & Info Equipment; Custom Prosthetics; Ex Phys Pers Training; Home Modification; Innov Community Participation; Personal Mobility Equipment; Specialised Driver Training; Therapeutic Supports; Vision Equipment,Alice Springs,Assistive Technology Lab (Central),+610410544731,https://www.atlab.com.au,Not publicly available,Not publicly available,Not publicly available,,,Not publicly available,,yes,Approved NDIS registration groups: Assist Prod-Pers Care/Safety; Assistive Equip-Recreation; Assistive Prod-Household Task; Comms & Info Equipment; Custom Prosthetics; Ex Phys Pers Training; Home Modification; Innov Community Participation; Personal Mobility Equipment; Specialised Driver Training; Therapeutic Supports; Vision Equipment,yes,register_only,Medium,https://www.ndiscommission.gov.au/provider-registration/find-registered-provider,2026-09-29
87737957482,LIFEABILITY PLAN MANAGEMENT,LIFEABILITY PLAN MANAGEMENT,V Bailey & M Humphries,87737957482,private_other,Not publicly available,Plan Management,"Darwin, Palmerston, Alice Springs","LifeAbility Plan Management Litchfield, Litchfield, LITCHFIELD, NT, 0822, AU",+610243142227,https://www.lifeabilityplan.com.au,Not publicly available,Not publicly available,Not publicly available,,,Not publicly available,,yes,Approved NDIS registration groups: Plan Management,yes,register_only,Medium,https://www.ndiscommission.gov.au/provider-registration/find-registered-provider,2026-09-29
37937105645,SOFTCARE SUPPORT SERVICES,SOFTCARE SUPPORT SERVICES,Mr Stephen Odusa,37937105645,private_other,Not publicly available,"Assist-Life Stage, Transition; Assist-Personal Activities; Assist-Travel/Transport; Daily Tasks/Shared Living; Development-Life Skills; Group/Centre Activities; Household Tasks; Innov Community Participation; Participate Community; Supported Independent Living",Other NT,"FREGON, SA, 0872, AU",Not publicly available,Not publicly available,Not publicly available,Not publicly available,Not publicly available,,,Not publicly available,,yes,"Approved NDIS registration groups: Assist-Life Stage, Transition; Assist-Personal Activities; Assist-Travel/Transport; Daily Tasks/Shared Living; Development-Life Skills; Group/Centre Activities; Household Tasks; Innov Community Participation; Participate Community; Supported Independent Living",yes,register_only,Medium,https://www.ndiscommission.gov.au/provider-registration/find-registered-provider,2026-09-29
93234429346,THE LITTLE TREE GROUP,THE LITTLE TREE GROUP,Miss Renee Louise Sylvester,93234429346,private_other,Not publicly available,Behaviour Support; Therapeutic Supports,Darwin,"LARRAKEYAH, NT, 0820, AU",Not publicly available,https://www.thelittletree.com.au,Not publicly available,Not publicly available,Not publicly available,,,Not publicly available,,yes,Approved NDIS registration groups: Behaviour Support; Therapeutic Supports,yes,register_only,Medium,https://www.ndiscommission.gov.au/provider-registration/find-registered-provider,2026-09-29
54669738907,COUNTRY CONNECT FOUNDATION LIMITED,COUNTRY CONNECT FOUNDATION LIMITED,Country Connect Foundation Limited,54669738907,nonprofit_ndis,Not publicly available,"Assist Access/Maintain Employ; Assist-Life Stage, Transition; Assist-Personal Activities; Daily Tasks/Shared Living; Development-Life Skills; Group/Centre Activities; Household Tasks; Participate Community; Spec Support Employ; Supported Independent Living",Nhulunbuy,Nhulunbuy Facility,+610419773556,https://www.countryconnect.org.au,Not publicly available,Not publicly available,Not publicly available,,,Not publicly available,,yes,"Approved NDIS registration groups: Assist Access/Maintain Employ; Assist-Life Stage, Transition; Assist-Personal Activities; Daily Tasks/Shared Living; Development-Life Skills; Group/Centre Activities; Household Tasks; Participate Community; Spec Support Employ; Supported Independent Living",yes,register_only,Medium,https://www.ndiscommission.gov.au/provider-registration/find-registered-provider,2026-09-29
95794292020,Somerville Housing,Somerville Housing,Somerville Housing Limited,95794292020,nonprofit_ndis,Not publicly available,Specialised Disability Accommodation,Darwin,"147 Lee Point Road, Wagaman, 147 Lee Point Road, WAGAMAN, NT, 0810, AU",+610889204100,https://www.somerville.org.au,Not publicly available,Not publicly available,Not publicly available,,,Not publicly available,,yes,Approved NDIS registration groups: Specialised Disability Accommodation,yes,register_only,Medium,https://www.ndiscommission.gov.au/provider-registration/find-registered-provider,2026-09-29
